--
-- PostgreSQL database dump
--

\restrict Z61HOpui7cPTfehS0ZIfQYff3PsmvVZMOTq59vovJD2mePnIUGNHvAaRHFLPXt8

-- Dumped from database version 15.14
-- Dumped by pg_dump version 18.0

SET statement_timeout = 0;
SET lock_timeout = 0;
SET idle_in_transaction_session_timeout = 0;
SET transaction_timeout = 0;
SET client_encoding = 'UTF8';
SET standard_conforming_strings = on;
SELECT pg_catalog.set_config('search_path', '', false);
SET check_function_bodies = false;
SET xmloption = content;
SET client_min_messages = warning;
SET row_security = off;

--
-- Name: PlantingStatus; Type: TYPE; Schema: public; Owner: postgres
--

CREATE TYPE public."PlantingStatus" AS ENUM (
    'ACTIVE',
    'HARVESTED',
    'CANCELLED'
);


ALTER TYPE public."PlantingStatus" OWNER TO postgres;

--
-- Name: RecipeClass; Type: TYPE; Schema: public; Owner: postgres
--

CREATE TYPE public."RecipeClass" AS ENUM (
    'FERTILIZANTE',
    'AGROQUIMICO'
);


ALTER TYPE public."RecipeClass" OWNER TO postgres;

SET default_tablespace = '';

SET default_table_access_method = heap;

--
-- Name: Crop; Type: TABLE; Schema: public; Owner: postgres
--

CREATE TABLE public."Crop" (
    id text NOT NULL,
    name text NOT NULL
);


ALTER TABLE public."Crop" OWNER TO postgres;

--
-- Name: Planting; Type: TABLE; Schema: public; Owner: postgres
--

CREATE TABLE public."Planting" (
    id text NOT NULL,
    "cropId" text NOT NULL,
    "varietyId" text,
    "ranchId" text NOT NULL,
    "plotId" text NOT NULL,
    hectares numeric(10,2) NOT NULL,
    "sowingDate" timestamp(3) without time zone NOT NULL,
    "harvestDate" timestamp(3) without time zone NOT NULL,
    "sowingIsoWeek" text NOT NULL,
    "harvestIsoWeek" text NOT NULL,
    status public."PlantingStatus" DEFAULT 'ACTIVE'::public."PlantingStatus" NOT NULL,
    "createdAt" timestamp(3) without time zone DEFAULT CURRENT_TIMESTAMP NOT NULL,
    "updatedAt" timestamp(3) without time zone NOT NULL,
    tabla text
);


ALTER TABLE public."Planting" OWNER TO postgres;

--
-- Name: Plot; Type: TABLE; Schema: public; Owner: postgres
--

CREATE TABLE public."Plot" (
    id text NOT NULL,
    "ranchId" text NOT NULL,
    name text NOT NULL,
    hectares numeric(10,2) NOT NULL
);


ALTER TABLE public."Plot" OWNER TO postgres;

--
-- Name: Product; Type: TABLE; Schema: public; Owner: postgres
--

CREATE TABLE public."Product" (
    id text NOT NULL,
    name text NOT NULL,
    unit text NOT NULL,
    "createdAt" timestamp(3) without time zone DEFAULT CURRENT_TIMESTAMP NOT NULL,
    "updatedAt" timestamp(3) without time zone NOT NULL
);


ALTER TABLE public."Product" OWNER TO postgres;

--
-- Name: Ranch; Type: TABLE; Schema: public; Owner: postgres
--

CREATE TABLE public."Ranch" (
    id text NOT NULL,
    name text NOT NULL,
    "createdAt" timestamp(3) without time zone DEFAULT CURRENT_TIMESTAMP NOT NULL,
    "updatedAt" timestamp(3) without time zone NOT NULL
);


ALTER TABLE public."Ranch" OWNER TO postgres;

--
-- Name: Recipe; Type: TABLE; Schema: public; Owner: postgres
--

CREATE TABLE public."Recipe" (
    id text NOT NULL,
    name text NOT NULL,
    classification public."RecipeClass" NOT NULL,
    "cropId" text NOT NULL,
    "varietyId" text,
    "growthWeek" integer NOT NULL,
    version integer DEFAULT 1 NOT NULL,
    "isActive" boolean DEFAULT true NOT NULL,
    "createdAt" timestamp(3) without time zone DEFAULT CURRENT_TIMESTAMP NOT NULL,
    "updatedAt" timestamp(3) without time zone NOT NULL,
    "sowingType" text,
    temporalidad text
);


ALTER TABLE public."Recipe" OWNER TO postgres;

--
-- Name: RecipeItem; Type: TABLE; Schema: public; Owner: postgres
--

CREATE TABLE public."RecipeItem" (
    id text NOT NULL,
    "recipeId" text NOT NULL,
    "productId" text NOT NULL,
    "qtyPerHectare" numeric(10,3) NOT NULL,
    notes text
);


ALTER TABLE public."RecipeItem" OWNER TO postgres;

--
-- Name: Variety; Type: TABLE; Schema: public; Owner: postgres
--

CREATE TABLE public."Variety" (
    id text NOT NULL,
    "cropId" text NOT NULL,
    name text NOT NULL
);


ALTER TABLE public."Variety" OWNER TO postgres;

--
-- Name: _prisma_migrations; Type: TABLE; Schema: public; Owner: postgres
--

CREATE TABLE public._prisma_migrations (
    id character varying(36) NOT NULL,
    checksum character varying(64) NOT NULL,
    finished_at timestamp with time zone,
    migration_name character varying(255) NOT NULL,
    logs text,
    rolled_back_at timestamp with time zone,
    started_at timestamp with time zone DEFAULT now() NOT NULL,
    applied_steps_count integer DEFAULT 0 NOT NULL
);


ALTER TABLE public._prisma_migrations OWNER TO postgres;

--
-- Data for Name: Crop; Type: TABLE DATA; Schema: public; Owner: postgres
--

COPY public."Crop" (id, name) FROM stdin;
cmh2k5z4e00053igm9ovcixfs	Ma├¡z
cmh3ira4m0000146d60lv420u	Espinaca
cmh3q6p2k000012ppp0cgaljt	Cilantro
cmh3rdhnv001c5npe8kzf0osx	Arugula
cmh3rdi5o001t5npe4ehzt6rf	Baby leaves
cmh3rdinp00285npe2h0qvs1v	Kale
cmh3v0ige0000b1yi7y0oj693	Espinaca Grande
cmh3v0ikf000tb1yimyau3cpe	Baby leaf mix
\.


--
-- Data for Name: Planting; Type: TABLE DATA; Schema: public; Owner: postgres
--

COPY public."Planting" (id, "cropId", "varietyId", "ranchId", "plotId", hectares, "sowingDate", "harvestDate", "sowingIsoWeek", "harvestIsoWeek", status, "createdAt", "updatedAt", tabla) FROM stdin;
cmh2k5z56000b3igmu2z5q0n7	cmh3ira4m0000146d60lv420u	cmh3jq5rp0003yxdj8pxj0lzv	cmh2k5z3p00003igm2wvfsmko	cmh2k5z4a00043igmyjv3emat	12.50	2025-10-02 00:00:00	2025-12-21 00:00:00	2025-W39	2025-W50	ACTIVE	2025-10-22 22:21:53.322	2025-10-23 16:30:22.312	\N
cmh3k5nhf0005yxdj1x4uo86e	cmh3ira4m0000146d60lv420u	cmh3jojja0001yxdjc2chwm57	cmh2k5z3p00003igm2wvfsmko	cmh2k5z4000023igm4jz6leuy	2.00	2025-02-19 00:00:00	2025-04-29 00:00:00	2025-W07	2025-W17	ACTIVE	2025-10-23 15:09:24.348	2025-10-23 19:01:13.798	\N
cmh3v0ijs000ob1yi6aqfhlkr	cmh3ira4m0000146d60lv420u	cmh3jq5rp0003yxdj8pxj0lzv	cmh3v0ij7000gb1yi0d87jbmv	cmh3v0ijn000mb1yijkine9lm	2.00	2025-02-24 00:00:00	2025-04-21 00:00:00	2025-W09	2025-W17	ACTIVE	2025-10-23 20:13:20.488	2025-10-23 23:36:09.529	LOTE-223-EB-8-17-CP-25
cmh3v0ik7000sb1yihiely0yq	cmh3ira4m0000146d60lv420u	cmh3jq5rp0003yxdj8pxj0lzv	cmh3v0ij7000gb1yi0d87jbmv	cmh3v0ik0000qb1yippfjzie8	1.50	2025-02-24 00:00:00	2025-04-21 00:00:00	2025-W09	2025-W17	ACTIVE	2025-10-23 20:13:20.504	2025-10-23 23:36:09.549	LOTE-221-EB-8-17-CP-25
cmh3v0ild0010b1yit3g9fi46	cmh3v0ikf000tb1yimyau3cpe	cmh3v0iko000vb1yikfndymlt	cmh3v0ikx000wb1yior0uo1pl	cmh3v0il8000yb1yiok2dxhfl	1.15	2025-02-17 00:00:00	2025-05-12 00:00:00	2025-W08	2025-W20	ACTIVE	2025-10-23 20:13:20.546	2025-10-23 23:36:09.568	LOTE-415-BL-8-20-PR-25
cmh3v0im00018b1yif1urkhho	cmh3ira4m0000146d60lv420u	cmh3jojja0001yxdjc2chwm57	cmh3v0ihb0003b1yi2990lnq5	cmh3v0ilx0016b1yivawkc67l	1.94	2025-02-24 00:00:00	2025-04-14 00:00:00	2025-W09	2025-W16	ACTIVE	2025-10-23 20:13:20.569	2025-10-23 23:36:09.608	LOTE-512-EB-9-16-VI-25
cmh3v0imc001cb1yio48c0pnh	cmh3ira4m0000146d60lv420u	cmh3jojja0001yxdjc2chwm57	cmh3v0ihb0003b1yi2990lnq5	cmh3v0im7001ab1yim7m18snd	1.94	2025-02-24 00:00:00	2025-04-14 00:00:00	2025-W09	2025-W16	ACTIVE	2025-10-23 20:13:20.581	2025-10-23 23:36:09.633	LOTE-513-EB-9-16-VI-25
cmh3v0imr001gb1yiy2e08n26	cmh3ira4m0000146d60lv420u	cmh3jojja0001yxdjc2chwm57	cmh3v0ihb0003b1yi2990lnq5	cmh3v0imk001eb1yi9ln9fuuc	1.94	2025-02-24 00:00:00	2025-04-14 00:00:00	2025-W09	2025-W16	ACTIVE	2025-10-23 20:13:20.596	2025-10-23 23:36:09.651	LOTE-514-EB-9-16-VI-25
cmh3v0inb001kb1yitzmvi71i	cmh3ira4m0000146d60lv420u	cmh3jq5rp0003yxdj8pxj0lzv	cmh3v0ij7000gb1yi0d87jbmv	cmh3v0in1001ib1yiv97p59tr	1.83	2025-02-24 00:00:00	2025-04-14 00:00:00	2025-W09	2025-W16	ACTIVE	2025-10-23 20:13:20.615	2025-10-23 23:36:09.668	LOTE-241-EB-9-16-CP-25
cmh3v0inr001ob1yipy943hyg	cmh3ira4m0000146d60lv420u	cmh3jq5rp0003yxdj8pxj0lzv	cmh3v0ij7000gb1yi0d87jbmv	cmh3v0inm001mb1yiqaeysmsq	1.83	2025-02-24 00:00:00	2025-04-14 00:00:00	2025-W09	2025-W16	ACTIVE	2025-10-23 20:13:20.631	2025-10-23 23:36:09.684	LOTE-242-EB-9-16-CP-25
cmh3v0io3001sb1yib05ztrat	cmh3ira4m0000146d60lv420u	cmh3jq5rp0003yxdj8pxj0lzv	cmh3v0ij7000gb1yi0d87jbmv	cmh3v0iny001qb1yihbwfr76j	1.83	2025-02-24 00:00:00	2025-04-14 00:00:00	2025-W09	2025-W16	ACTIVE	2025-10-23 20:13:20.644	2025-10-23 23:36:09.699	LOTE-243-EB-9-16-CP-25
cmh3v0ioc001wb1yi8fxipp4x	cmh3v0ikf000tb1yimyau3cpe	cmh3v0iko000vb1yikfndymlt	cmh3v0ikx000wb1yior0uo1pl	cmh3v0io8001ub1yi4ldbe3ob	1.21	2025-02-24 00:00:00	2025-05-12 00:00:00	2025-W09	2025-W20	ACTIVE	2025-10-23 20:13:20.653	2025-10-23 23:36:09.715	LOTE-441-BL-9-20-PR-25
cmh3v0ip30023b1yiwxmoezci	cmh3rdhnv001c5npe8kzf0osx	cmh3v0ioi001yb1yidu867red	cmh3v0ioo001zb1yioww7p28y	cmh3v0iou0021b1yiz3uw56r2	1.89	2025-02-24 00:00:00	2025-05-05 00:00:00	2025-W09	2025-W19	ACTIVE	2025-10-23 20:13:20.679	2025-10-23 23:36:09.732	LOTE-142-AR-9-19-AT-25
cmh3v0ipg0025b1yig937bvl3	cmh3ira4m0000146d60lv420u	cmh3jq5rp0003yxdj8pxj0lzv	cmh3v0ij7000gb1yi0d87jbmv	cmh3v0in1001ib1yiv97p59tr	1.56	2025-03-03 00:00:00	2025-04-28 00:00:00	2025-W10	2025-W18	ACTIVE	2025-10-23 20:13:20.693	2025-10-23 23:36:09.751	LOTE-241-EB-10-18-CP-25
cmh3v0iq10029b1yim54133oq	cmh3ira4m0000146d60lv420u	cmh3jq5rp0003yxdj8pxj0lzv	cmh3v0ij7000gb1yi0d87jbmv	cmh3v0ipw0027b1yi7is9ae2k	1.56	2025-03-03 00:00:00	2025-04-28 00:00:00	2025-W10	2025-W18	ACTIVE	2025-10-23 20:13:20.714	2025-10-23 23:36:09.77	LOTE-245-EB-10-18-CP-25
cmh3v0iqf002db1yipfcjnsvb	cmh3ira4m0000146d60lv420u	cmh3jq5rp0003yxdj8pxj0lzv	cmh3v0ikx000wb1yior0uo1pl	cmh3v0iqa002bb1yiollyq92h	1.23	2025-03-03 00:00:00	2025-04-14 00:00:00	2025-W10	2025-W16	ACTIVE	2025-10-23 20:13:20.727	2025-10-23 23:36:09.79	LOTE-424-EB-10-16-PR-25
cmh3v0iqn002hb1yi9ua69yxy	cmh3ira4m0000146d60lv420u	cmh3jq5rp0003yxdj8pxj0lzv	cmh3v0ikx000wb1yior0uo1pl	cmh3v0iqj002fb1yibyocx4xe	1.23	2025-03-03 00:00:00	2025-04-14 00:00:00	2025-W10	2025-W16	ACTIVE	2025-10-23 20:13:20.736	2025-10-23 23:36:09.812	LOTE-425-EB-10-16-PR-25
cmh3v0ir0002lb1yiwpyyh2sh	cmh3v0ige0000b1yi7y0oj693	cmh3v0ih40002b1yiujjd648z	cmh3v0ihb0003b1yi2990lnq5	cmh3v0iqu002jb1yif7brjkaj	2.85	2025-03-03 00:00:00	2025-04-28 00:00:00	2025-W10	2025-W18	ACTIVE	2025-10-23 20:13:20.748	2025-10-23 23:36:09.846	LOTE-541-EG-10-18-VI-25
cmh3v0irg002pb1yiqcmfju0x	cmh3ira4m0000146d60lv420u	cmh3jojja0001yxdjc2chwm57	cmh3v0ihb0003b1yi2990lnq5	cmh3v0ir9002nb1yi03twlno4	1.19	2025-03-03 00:00:00	2025-04-28 00:00:00	2025-W10	2025-W18	ACTIVE	2025-10-23 20:13:20.764	2025-10-23 23:36:09.882	LOTE-542-EB-10-18-VI-25
cmh3v0is0002tb1yi0lspfj67	cmh3ira4m0000146d60lv420u	cmh3jojja0001yxdjc2chwm57	cmh3v0ihb0003b1yi2990lnq5	cmh3v0irr002rb1yiuu782c1u	1.19	2025-03-03 00:00:00	2025-05-05 00:00:00	2025-W10	2025-W19	ACTIVE	2025-10-23 20:13:20.784	2025-10-23 23:36:09.906	LOTE-540-EB-10-19-VI-25
cmh3v0isf002xb1yi417vhf1z	cmh3v0ikf000tb1yimyau3cpe	cmh3v0iko000vb1yikfndymlt	cmh3v0ikx000wb1yior0uo1pl	cmh3v0isa002vb1yidh2lq79t	1.83	2025-03-03 00:00:00	2025-04-21 00:00:00	2025-W10	2025-W17	ACTIVE	2025-10-23 20:13:20.8	2025-10-23 23:36:09.929	LOTE-442-BL-10-17-PR-25
cmh3v0iss0031b1yiumhbc415	cmh3ira4m0000146d60lv420u	cmh3jq5rp0003yxdj8pxj0lzv	cmh3v0ij7000gb1yi0d87jbmv	cmh3v0isn002zb1yia79f3oka	2.00	2025-03-10 00:00:00	2025-04-28 00:00:00	2025-W11	2025-W18	ACTIVE	2025-10-23 20:13:20.812	2025-10-23 23:36:09.958	LOTE-254-EB-11-18-CP-25
cmh3v0it10035b1yic59zsnr9	cmh3ira4m0000146d60lv420u	cmh3jq5rp0003yxdj8pxj0lzv	cmh3v0ij7000gb1yi0d87jbmv	cmh3v0isx0033b1yiqgkenvs3	1.21	2025-03-10 00:00:00	2025-04-28 00:00:00	2025-W11	2025-W18	ACTIVE	2025-10-23 20:13:20.822	2025-10-23 23:36:09.984	LOTE-255-EB-11-18-CP-25
cmh3v0it90037b1yiuz92z3pq	cmh3ira4m0000146d60lv420u	cmh3jq5rp0003yxdj8pxj0lzv	cmh3v0ikx000wb1yior0uo1pl	cmh3v0iqj002fb1yibyocx4xe	1.50	2025-03-10 00:00:00	2025-05-12 00:00:00	2025-W11	2025-W20	ACTIVE	2025-10-23 20:13:20.83	2025-10-23 23:36:10.014	LOTE-425-EB-11-20-PR-25
cmh3v0ito003bb1yim5wodty5	cmh3ira4m0000146d60lv420u	cmh3jq5rp0003yxdj8pxj0lzv	cmh3v0ikx000wb1yior0uo1pl	cmh3v0ith0039b1yi2smxr15x	1.50	2025-03-10 00:00:00	2025-05-05 00:00:00	2025-W11	2025-W19	ACTIVE	2025-10-23 20:13:20.844	2025-10-23 23:36:10.045	LOTE-426-EB-11-19-PR-25
cmh3v0iu6003fb1yib0wfpt2z	cmh3v0ige0000b1yi7y0oj693	cmh3v0ih40002b1yiujjd648z	cmh3v0ihb0003b1yi2990lnq5	cmh3v0ity003db1yivo9nd49v	2.00	2025-03-10 00:00:00	2025-04-28 00:00:00	2025-W11	2025-W18	ACTIVE	2025-10-23 20:13:20.863	2025-10-23 23:36:10.079	LOTE-518-EG-11-18-VI-25
cmh3v0iux003jb1yicdm17dtq	cmh3v0ige0000b1yi7y0oj693	cmh3v0ih40002b1yiujjd648z	cmh3v0ihb0003b1yi2990lnq5	cmh3v0iuj003hb1yi3up1wwqi	1.82	2025-03-10 00:00:00	2025-04-28 00:00:00	2025-W11	2025-W18	ACTIVE	2025-10-23 20:13:20.889	2025-10-23 23:36:10.101	LOTE-519-EG-11-18-VI-25
cmh3v0ilr0014b1yiw1wbwckr	cmh3rdinp00285npe2h0qvs1v	cmh3v0oh4011lb1yiuxacfl0t	cmh3v0ij7000gb1yi0d87jbmv	cmh3v0ilk0012b1yijg19bmwa	1.50	2025-02-17 00:00:00	2025-04-14 00:00:00	2025-W06	2025-W14	ACTIVE	2025-10-23 20:13:20.56	2025-10-28 15:35:14.65	LOTE-285-KL-8-16-CP-25
cmh3v0iii000bb1yi86kqdblv	cmh3v0ige0000b1yi7y0oj693	cmh3v0ih40002b1yiujjd648z	cmh3v0ihb0003b1yi2990lnq5	cmh3v0ii90009b1yiy3nrpm1l	1.74	2025-02-17 00:00:00	2025-04-28 00:00:00	2025-W08	2025-W18	ACTIVE	2025-10-23 20:13:20.443	2025-10-23 23:36:09.46	LOTE-545-EG-8-18-VI-25
cmh3v0ij0000fb1yii4cpf2b8	cmh3ira4m0000146d60lv420u	cmh3jojja0001yxdjc2chwm57	cmh3v0ihb0003b1yi2990lnq5	cmh3v0iiv000db1yiuvq4veab	2.30	2025-02-17 00:00:00	2025-04-14 00:00:00	2025-W08	2025-W16	ACTIVE	2025-10-23 20:13:20.461	2025-10-23 23:36:09.493	LOTE-544-EB-8-16-VI-25
cmh3v0ijg000kb1yi7i01bayq	cmh3ira4m0000146d60lv420u	cmh3jq5rp0003yxdj8pxj0lzv	cmh3v0ij7000gb1yi0d87jbmv	cmh3v0ijc000ib1yiav5891wr	2.00	2025-02-24 00:00:00	2025-04-21 00:00:00	2025-W09	2025-W17	ACTIVE	2025-10-23 20:13:20.477	2025-10-23 23:36:09.51	LOTE-213-EB-8-17-CP-25
cmh3v0iws0043b1yig09ckk7m	cmh3v0ige0000b1yi7y0oj693	cmh3v0ih40002b1yiujjd648z	cmh3v0ihb0003b1yi2990lnq5	cmh3v0iwn0041b1yieljuai0a	2.00	2025-03-17 00:00:00	2025-05-12 00:00:00	2025-W12	2025-W20	ACTIVE	2025-10-23 20:13:20.957	2025-10-23 23:36:10.223	LOTE-538-EG-12-20-VI-25
cmh3v0ix40047b1yinwdrxti2	cmh3v0ige0000b1yi7y0oj693	cmh3v0ih40002b1yiujjd648z	cmh3v0ihb0003b1yi2990lnq5	cmh3v0iwz0045b1yi0d5fipmk	2.00	2025-03-17 00:00:00	2025-05-26 00:00:00	2025-W12	2025-W22	ACTIVE	2025-10-23 20:13:20.969	2025-10-23 23:36:10.24	LOTE-539-EG-12-22-VI-25
cmh3v0ixb0049b1yiugecei0c	cmh3ira4m0000146d60lv420u	cmh3jojja0001yxdjc2chwm57	cmh3v0ihb0003b1yi2990lnq5	cmh3v0irr002rb1yiuu782c1u	1.93	2025-03-17 00:00:00	2025-05-26 00:00:00	2025-W12	2025-W22	ACTIVE	2025-10-23 20:13:20.976	2025-10-23 23:36:10.258	LOTE-540-EB-12-22-VI-25
cmh3v0ixm004db1yis2l8jad4	cmh3rdhnv001c5npe8kzf0osx	cmh3v0ioi001yb1yidu867red	cmh3v0ioo001zb1yioww7p28y	cmh3v0ixh004bb1yi3ira3fd7	1.63	2025-03-17 00:00:00	2025-04-28 00:00:00	2025-W12	2025-W18	ACTIVE	2025-10-23 20:13:20.986	2025-10-23 23:36:10.276	LOTE-144-AR-12-18-AT-25
cmh3v0iy1004hb1yimz7rukgo	cmh3v0ikf000tb1yimyau3cpe	cmh3v0iko000vb1yikfndymlt	cmh3v0ihb0003b1yi2990lnq5	cmh3v0ixu004fb1yio81nnaf2	1.63	2025-03-17 00:00:00	2025-05-19 00:00:00	2025-W12	2025-W21	ACTIVE	2025-10-23 20:13:21.001	2025-10-23 23:36:10.293	LOTE-511-BL-12-21-VI-25
cmh3v0iyl004lb1yill6zhhgy	cmh3ira4m0000146d60lv420u	cmh3jojja0001yxdjc2chwm57	cmh3v0ihb0003b1yi2990lnq5	cmh3v0iyb004jb1yi3txxkcdz	2.00	2025-03-24 00:00:00	2025-05-12 00:00:00	2025-W13	2025-W20	ACTIVE	2025-10-23 20:13:21.021	2025-10-23 23:36:10.312	LOTE-520-EB-13-20-VI-25
cmh3v0iz9004pb1yi9qwjjw6t	cmh3v0ige0000b1yi7y0oj693	cmh3v0ih40002b1yiujjd648z	cmh3v0ihb0003b1yi2990lnq5	cmh3v0iyx004nb1yi2padh429	2.00	2025-03-24 00:00:00	2025-05-05 00:00:00	2025-W13	2025-W19	ACTIVE	2025-10-23 20:13:21.046	2025-10-23 23:36:10.333	LOTE-521-EG-13-19-VI-25
cmh3v0izl004tb1yit1rtdst2	cmh3v0ige0000b1yi7y0oj693	cmh3v0ih40002b1yiujjd648z	cmh3v0ihb0003b1yi2990lnq5	cmh3v0izh004rb1yiyfl813g4	1.51	2025-03-24 00:00:00	2025-05-05 00:00:00	2025-W13	2025-W19	ACTIVE	2025-10-23 20:13:21.058	2025-10-23 23:36:10.357	LOTE-522-EG-13-19-VI-25
cmh3v0izx004xb1yid52qgykk	cmh3ira4m0000146d60lv420u	cmh3jq5rp0003yxdj8pxj0lzv	cmh3v0ikx000wb1yior0uo1pl	cmh3v0izt004vb1yiytyijgle	1.00	2025-03-24 00:00:00	2025-05-05 00:00:00	2025-W13	2025-W19	ACTIVE	2025-10-23 20:13:21.069	2025-10-23 23:36:10.385	LOTE-428-EB-13-19-PR-25
cmh3v0j070051b1yihnzgk3nu	cmh3ira4m0000146d60lv420u	cmh3jq5rp0003yxdj8pxj0lzv	cmh3v0ikx000wb1yior0uo1pl	cmh3v0j03004zb1yirklhszjb	1.41	2025-03-24 00:00:00	2025-05-05 00:00:00	2025-W13	2025-W19	ACTIVE	2025-10-23 20:13:21.08	2025-10-23 23:36:10.41	LOTE-429-EB-13-19-PR-25
cmh3v0j0n0055b1yi2cgsn7xt	cmh3ira4m0000146d60lv420u	cmh3jq5rp0003yxdj8pxj0lzv	cmh3v0ij7000gb1yi0d87jbmv	cmh3v0j0g0053b1yibp69kux2	2.00	2025-03-24 00:00:00	2025-05-05 00:00:00	2025-W13	2025-W19	ACTIVE	2025-10-23 20:13:21.095	2025-10-23 23:36:10.43	LOTE-212-EB-13-19-CP-25
cmh3v0j0y0057b1yi4jnlu7e2	cmh3ira4m0000146d60lv420u	cmh3jq5rp0003yxdj8pxj0lzv	cmh3v0ij7000gb1yi0d87jbmv	cmh3v0ijc000ib1yiav5891wr	1.62	2025-03-24 00:00:00	2025-05-05 00:00:00	2025-W13	2025-W19	ACTIVE	2025-10-23 20:13:21.106	2025-10-23 23:36:10.448	LOTE-213-EB-13-19-CP-25
cmh3v0j1j005bb1yi4dimwuig	cmh3v0ikf000tb1yimyau3cpe	cmh3v0iko000vb1yikfndymlt	cmh3v0ij7000gb1yi0d87jbmv	cmh3v0j1a0059b1yiynhuu6ym	2.10	2025-03-24 00:00:00	2025-05-19 00:00:00	2025-W13	2025-W21	ACTIVE	2025-10-23 20:13:21.128	2025-10-23 23:36:10.479	LOTE-211-BL-13-21-CP-25
cmh3v0j22005fb1yienxuqfnb	cmh3ira4m0000146d60lv420u	cmh3jojja0001yxdjc2chwm57	cmh3v0ihb0003b1yi2990lnq5	cmh3v0j1x005db1yi9xreahaj	1.85	2025-03-31 00:00:00	2025-05-12 00:00:00	2025-W14	2025-W20	ACTIVE	2025-10-23 20:13:21.147	2025-10-23 23:36:10.499	LOTE-536-EB-14-20-VI-25
cmh3v0j2g005jb1yiqznmykzc	cmh3v0ige0000b1yi7y0oj693	cmh3v0ih40002b1yiujjd648z	cmh3v0ihb0003b1yi2990lnq5	cmh3v0j29005hb1yi6j5epudl	2.00	2025-03-31 00:00:00	2025-05-19 00:00:00	2025-W14	2025-W21	ACTIVE	2025-10-23 20:13:21.16	2025-10-23 23:36:10.519	LOTE-535-EG-14-21-VI-25
cmh3v0j2p005nb1yi4pknmxzf	cmh3v0ige0000b1yi7y0oj693	cmh3v0ih40002b1yiujjd648z	cmh3v0ihb0003b1yi2990lnq5	cmh3v0j2m005lb1yib6no4wwm	2.00	2025-03-31 00:00:00	2025-05-19 00:00:00	2025-W14	2025-W21	ACTIVE	2025-10-23 20:13:21.17	2025-10-23 23:36:10.536	LOTE-537-EG-14-21-VI-25
cmh3v0j33005rb1yiq9o1cor8	cmh3ira4m0000146d60lv420u	cmh3jq5rp0003yxdj8pxj0lzv	cmh3v0ioo001zb1yioww7p28y	cmh3v0j2x005pb1yi0rd9fcvy	2.00	2025-03-31 00:00:00	2025-05-19 00:00:00	2025-W14	2025-W21	ACTIVE	2025-10-23 20:13:21.183	2025-10-23 23:36:10.555	LOTE-116-EB-14-21-AT-25
cmh3v0j3l005vb1yixj3n9x4a	cmh3ira4m0000146d60lv420u	cmh3jq5rp0003yxdj8pxj0lzv	cmh3v0ioo001zb1yioww7p28y	cmh3v0j3d005tb1yigtjh62pt	1.91	2025-03-31 00:00:00	2025-05-19 00:00:00	2025-W14	2025-W21	ACTIVE	2025-10-23 20:13:21.202	2025-10-23 23:36:10.576	LOTE-117-EB-14-21-AT-25
cmh3v0j4f0060b1yixnddpv9p	cmh3ira4m0000146d60lv420u	cmh3jq5rp0003yxdj8pxj0lzv	cmh3v0j3w005wb1yiz81uzzzt	cmh3v0j44005yb1yie5z9p6bf	2.00	2025-03-31 00:00:00	2025-05-05 00:00:00	2025-W14	2025-W19	ACTIVE	2025-10-23 20:13:21.232	2025-10-23 23:36:10.598	LOTE-611-EB-14-19-IZ-25
cmh3v0j4o0062b1yixvnibevq	cmh3v0ikf000tb1yimyau3cpe	cmh3v0iko000vb1yikfndymlt	cmh3v0ij7000gb1yi0d87jbmv	cmh3v0in1001ib1yiv97p59tr	0.78	2025-03-31 00:00:00	2025-05-12 00:00:00	2025-W14	2025-W20	ACTIVE	2025-10-23 20:13:21.241	2025-10-23 23:36:10.632	LOTE-241-BL-14-20-CP-25
cmh3v0j500066b1yiifuxu1b5	cmh3ira4m0000146d60lv420u	cmh3jojja0001yxdjc2chwm57	cmh3v0ihb0003b1yi2990lnq5	cmh3v0j4v0064b1yiu0l33kez	2.18	2025-04-07 00:00:00	2025-06-02 00:00:00	2025-W15	2025-W23	ACTIVE	2025-10-23 20:13:21.253	2025-10-23 23:36:10.658	LOTE-523-EB-15-23-VI-25
cmh3v0j5h006ab1yiv6vh2p1l	cmh3v0ige0000b1yi7y0oj693	cmh3v0ih40002b1yiujjd648z	cmh3v0ihb0003b1yi2990lnq5	cmh3v0j5b0068b1yien8i791z	1.48	2025-04-07 00:00:00	2025-06-02 00:00:00	2025-W15	2025-W23	ACTIVE	2025-10-23 20:13:21.27	2025-10-23 23:36:10.675	LOTE-524-EG-15-23-VI-25
cmh3v0j61006eb1yiqo0i2y0c	cmh3v0ige0000b1yi7y0oj693	cmh3v0ih40002b1yiujjd648z	cmh3v0ihb0003b1yi2990lnq5	cmh3v0j5t006cb1yime3ldy27	2.00	2025-04-07 00:00:00	2025-06-02 00:00:00	2025-W15	2025-W23	ACTIVE	2025-10-23 20:13:21.289	2025-10-23 23:36:10.69	LOTE-525-EG-15-23-VI-25
cmh3v0j6l006ib1yif9zs3rqu	cmh3ira4m0000146d60lv420u	cmh3jq5rp0003yxdj8pxj0lzv	cmh3v0ioo001zb1yioww7p28y	cmh3v0j6d006gb1yimoejb3wq	1.03	2025-04-07 00:00:00	2025-05-19 00:00:00	2025-W15	2025-W21	ACTIVE	2025-10-23 20:13:21.309	2025-10-23 23:36:10.705	LOTE-118-EB-15-21-AT-25
cmh3v0j76006mb1yiba7krd98	cmh3ira4m0000146d60lv420u	cmh3jq5rp0003yxdj8pxj0lzv	cmh3v0ioo001zb1yioww7p28y	cmh3v0j6w006kb1yisgxeuuhs	2.00	2025-04-07 00:00:00	2025-05-19 00:00:00	2025-W15	2025-W21	ACTIVE	2025-10-23 20:13:21.33	2025-10-23 23:36:10.719	LOTE-120-EB-15-21-AT-25
cmh3v0j7q006qb1yiakl0l4jw	cmh3ira4m0000146d60lv420u	cmh3jq5rp0003yxdj8pxj0lzv	cmh3v0ioo001zb1yioww7p28y	cmh3v0j7k006ob1yirbg7jd7a	0.91	2025-04-07 00:00:00	2025-05-19 00:00:00	2025-W15	2025-W21	ACTIVE	2025-10-23 20:13:21.35	2025-10-23 23:36:10.747	LOTE-119-EB-15-21-AT-25
cmh3v0j83006ub1yikbmtik2n	cmh3ira4m0000146d60lv420u	cmh3jq5rp0003yxdj8pxj0lzv	cmh3v0j3w005wb1yiz81uzzzt	cmh3v0j7x006sb1yiffdq1e7a	1.77	2025-04-07 00:00:00	2025-05-12 00:00:00	2025-W15	2025-W20	ACTIVE	2025-10-23 20:13:21.364	2025-10-23 23:36:10.771	LOTE-612-EB-15-21-IZ-25
cmh3v0j8f006yb1yi9qfags4n	cmh3rdhnv001c5npe8kzf0osx	cmh3v0ioi001yb1yidu867red	cmh3v0ikx000wb1yior0uo1pl	cmh3v0j8b006wb1yizen00svb	1.79	2025-04-07 00:00:00	2025-05-26 00:00:00	2025-W15	2025-W22	ACTIVE	2025-10-23 20:13:21.376	2025-10-23 23:36:10.795	LOTE-418-AR-15-22-PR-25
cmh3v0ivj003rb1yilyy3sq6e	cmh3ira4m0000146d60lv420u	cmh3jq5rp0003yxdj8pxj0lzv	cmh3v0ij7000gb1yi0d87jbmv	cmh3v0ive003pb1yiwfvabazx	2.00	2025-03-17 00:00:00	2025-04-28 00:00:00	2025-W12	2025-W18	ACTIVE	2025-10-23 20:13:20.912	2025-10-23 23:36:10.153	LOTE-251-EB-12-18-CP-25
cmh3v0ivx003vb1yipd8db4pn	cmh3ira4m0000146d60lv420u	cmh3jq5rp0003yxdj8pxj0lzv	cmh3v0ij7000gb1yi0d87jbmv	cmh3v0ivr003tb1yiszkqd06j	2.00	2025-03-17 00:00:00	2025-04-28 00:00:00	2025-W12	2025-W18	ACTIVE	2025-10-23 20:13:20.925	2025-10-23 23:36:10.178	LOTE-252-EB-12-18-CP-25
cmh3v0iwb003zb1yiu48ljm3b	cmh3ira4m0000146d60lv420u	cmh3jq5rp0003yxdj8pxj0lzv	cmh3v0ij7000gb1yi0d87jbmv	cmh3v0iw5003xb1yin77mdzg7	0.88	2025-03-17 00:00:00	2025-04-28 00:00:00	2025-W12	2025-W18	ACTIVE	2025-10-23 20:13:20.94	2025-10-23 23:36:10.196	LOTE-253-EB-12-18-CP-25
cmh3v0jaz007ib1yix0e73w1a	cmh3ira4m0000146d60lv420u	cmh3jq5rp0003yxdj8pxj0lzv	cmh3v0j3w005wb1yiz81uzzzt	cmh3v0jat007gb1yisv8mhc1s	2.00	2025-04-14 00:00:00	2025-05-12 00:00:00	2025-W16	2025-W20	ACTIVE	2025-10-23 20:13:21.467	2025-10-23 23:36:10.905	LOTE-613-EB-16-22-IZ-25
cmh3v0jbb007mb1yivf2yq25k	cmh3ira4m0000146d60lv420u	cmh3jq5rp0003yxdj8pxj0lzv	cmh3v0ioo001zb1yioww7p28y	cmh3v0jb7007kb1yiagailrlf	2.00	2025-04-14 00:00:00	2025-05-26 00:00:00	2025-W16	2025-W22	ACTIVE	2025-10-23 20:13:21.479	2025-10-23 23:36:10.925	LOTE-121-EB-16-22-AT-25
cmh3v0jbo007qb1yi4tx9uwsg	cmh3ira4m0000146d60lv420u	cmh3jq5rp0003yxdj8pxj0lzv	cmh3v0ioo001zb1yioww7p28y	cmh3v0jbi007ob1yi9nr9cvlp	1.85	2025-04-14 00:00:00	2025-05-26 00:00:00	2025-W16	2025-W22	ACTIVE	2025-10-23 20:13:21.492	2025-10-23 23:36:10.942	LOTE-122-EB-16-22-AT-25
cmh3v0jcn007yb1yisa9kxgs9	cmh3rdhnv001c5npe8kzf0osx	cmh3v0ioi001yb1yidu867red	cmh3v0ioo001zb1yioww7p28y	cmh3v0jce007wb1yi33l72ju8	2.52	2024-12-23 00:00:00	2025-05-12 00:00:00	2024-W52	2025-W20	ACTIVE	2025-10-23 20:13:21.528	2025-10-23 23:36:10.976	LOTE-112-AR-52-20-AT-24
cmh3v0jd60082b1yijfvqjv9s	cmh3ira4m0000146d60lv420u	cmh3jojja0001yxdjc2chwm57	cmh3v0ihb0003b1yi2990lnq5	cmh3v0jd10080b1yijnoh796d	2.10	2025-04-21 00:00:00	2025-06-02 00:00:00	2025-W17	2025-W23	ACTIVE	2025-10-23 20:13:21.547	2025-10-23 23:36:10.997	LOTE-515-EB-17-23-VI-25
cmh3v0jdi0086b1yibxu0fmxv	cmh3v0ige0000b1yi7y0oj693	cmh3v0ih40002b1yiujjd648z	cmh3v0ihb0003b1yi2990lnq5	cmh3v0jdd0084b1yit70smnvv	1.00	2025-04-21 00:00:00	2025-06-02 00:00:00	2025-W17	2025-W23	ACTIVE	2025-10-23 20:13:21.558	2025-10-23 23:36:11.019	LOTE-516-EG-17-23-VI-25
cmh3v0jdp0088b1yinfsyayms	cmh3ira4m0000146d60lv420u	cmh3jq5rp0003yxdj8pxj0lzv	cmh3v0ioo001zb1yioww7p28y	cmh3v0jce007wb1yi33l72ju8	2.00	2025-04-21 00:00:00	2025-06-02 00:00:00	2025-W17	2025-W23	ACTIVE	2025-10-23 20:13:21.566	2025-10-23 23:36:11.042	LOTE-112-EB-17-23-AT-25
cmh3v0je0008cb1yik8hqiaoy	cmh3ira4m0000146d60lv420u	cmh3jq5rp0003yxdj8pxj0lzv	cmh3v0j3w005wb1yiz81uzzzt	cmh3v0jdv008ab1yih82vz5sn	1.73	2025-04-21 00:00:00	2025-05-12 00:00:00	2025-W17	2025-W20	ACTIVE	2025-10-23 20:13:21.576	2025-10-23 23:36:11.065	LOTE-614-EB-17-23-IZ-25
cmh3v0jee008gb1yi4vcql5el	cmh3ira4m0000146d60lv420u	cmh3jq5rp0003yxdj8pxj0lzv	cmh3v0ioo001zb1yioww7p28y	cmh3v0je7008eb1yifl8o2wen	1.80	2025-04-21 00:00:00	2025-06-02 00:00:00	2025-W17	2025-W23	ACTIVE	2025-10-23 20:13:21.59	2025-10-23 23:36:11.089	LOTE-113-EB-17-23-AT-25
cmh3v0jex008kb1yioykrob93	cmh3ira4m0000146d60lv420u	cmh3jq5rp0003yxdj8pxj0lzv	cmh3v0ikx000wb1yior0uo1pl	cmh3v0jen008ib1yi0xm4vqdc	1.91	2025-04-21 00:00:00	2025-06-09 00:00:00	2025-W17	2025-W24	ACTIVE	2025-10-23 20:13:21.61	2025-10-23 23:36:11.109	LOTE-431-EB-17-24-PR-25
cmh3v0jfa008mb1yiosk1qrdb	cmh3v0ikf000tb1yimyau3cpe	cmh3v0iko000vb1yikfndymlt	cmh3v0ikx000wb1yior0uo1pl	cmh3v0j8n0070b1yitheozqxh	1.33	2025-04-21 00:00:00	2025-06-02 00:00:00	2025-W17	2025-W23	ACTIVE	2025-10-23 20:13:21.622	2025-10-23 23:36:11.126	LOTE-412-BL-17-23-PR-25
cmh3v0jfp008qb1yifzcscrhk	cmh3rdhnv001c5npe8kzf0osx	cmh3v0ioi001yb1yidu867red	cmh3v0ikx000wb1yior0uo1pl	cmh3v0jfk008ob1yit70zkaah	1.78	2025-04-21 00:00:00	2025-06-02 00:00:00	2025-W17	2025-W23	ACTIVE	2025-10-23 20:13:21.637	2025-10-23 23:36:11.142	LOTE-413-AR-17-23-PR-25
cmh3v0jg0008ub1yis44b2g8t	cmh3ira4m0000146d60lv420u	cmh3jojja0001yxdjc2chwm57	cmh3v0ihb0003b1yi2990lnq5	cmh3v0jfw008sb1yizl7iq6yv	1.90	2025-04-28 00:00:00	2025-06-02 00:00:00	2025-W18	2025-W23	ACTIVE	2025-10-23 20:13:21.649	2025-10-23 23:36:11.157	LOTE-531-EB-18-24-VI-25
cmh3v0jg6008wb1yilzyeoi4f	cmh3v0ige0000b1yi7y0oj693	cmh3v0ih40002b1yiujjd648z	cmh3v0ij7000gb1yi0d87jbmv	cmh3v0ik0000qb1yippfjzie8	1.90	2025-04-28 00:00:00	2025-06-02 00:00:00	2025-W18	2025-W23	ACTIVE	2025-10-23 20:13:21.655	2025-10-23 23:36:11.171	LOTE-221-EG-18-23-CP-25
cmh3v0jgm0090b1yiwj0qhodl	cmh3ira4m0000146d60lv420u	cmh3jq5rp0003yxdj8pxj0lzv	cmh3v0ioo001zb1yioww7p28y	cmh3v0jgd008yb1yi6b85nqhd	2.00	2025-04-28 00:00:00	2025-05-12 00:00:00	2025-W18	2025-W20	ACTIVE	2025-10-23 20:13:21.67	2025-10-23 23:36:11.186	LOTE-114-EB-18-24-AT-25
cmh3v0jh30094b1yic47rewmn	cmh3ira4m0000146d60lv420u	cmh3jq5rp0003yxdj8pxj0lzv	cmh3v0ioo001zb1yioww7p28y	cmh3v0jgv0092b1yi3krx6e79	1.75	2025-04-28 00:00:00	2025-05-12 00:00:00	2025-W18	2025-W20	ACTIVE	2025-10-23 20:13:21.687	2025-10-23 23:36:11.207	LOTE-115-EB-18-24-AT-25
cmh3v0jho0098b1yisb1802v6	cmh3ira4m0000146d60lv420u	cmh3jq5rp0003yxdj8pxj0lzv	cmh3v0j3w005wb1yiz81uzzzt	cmh3v0jhe0096b1yimv9ckc2v	2.00	2025-04-28 00:00:00	2025-05-12 00:00:00	2025-W18	2025-W20	ACTIVE	2025-10-23 20:13:21.708	2025-10-23 23:36:11.23	LOTE-615-EB-18-24-IZ-25
cmh3v0jia009cb1yifo7mcefa	cmh3ira4m0000146d60lv420u	cmh3jojja0001yxdjc2chwm57	cmh3v0j3w005wb1yiz81uzzzt	cmh3v0ji2009ab1yicywdrv0y	1.78	2025-04-28 00:00:00	2025-05-12 00:00:00	2025-W18	2025-W20	ACTIVE	2025-10-23 20:13:21.731	2025-10-23 23:36:11.249	LOTE-616-EB-18-24-IZ-25
cmh3v0jim009gb1yiyvkldqga	cmh3v0ikf000tb1yimyau3cpe	cmh3v0iko000vb1yikfndymlt	cmh3v0ioo001zb1yioww7p28y	cmh3v0jii009eb1yi0l93f3z9	0.68	2025-04-28 00:00:00	2025-05-12 00:00:00	2025-W18	2025-W20	ACTIVE	2025-10-23 20:13:21.743	2025-10-23 23:36:11.274	LOTE-129-BL-18-23-AT-25
cmh3v0jit009ib1yi2zrjq2zc	cmh3v0ikf000tb1yimyau3cpe	cmh3v0iko000vb1yikfndymlt	cmh3v0ihb0003b1yi2990lnq5	cmh3v0j5t006cb1yime3ldy27	1.00	2025-04-28 00:00:00	2025-06-09 00:00:00	2025-W18	2025-W24	ACTIVE	2025-10-23 20:13:21.75	2025-10-23 23:36:11.297	LOTE-525-BL-18-24-VI-25
cmh3v0jj3009mb1yin36zp19x	cmh3rdhnv001c5npe8kzf0osx	cmh3v0ioi001yb1yidu867red	cmh3v0ioo001zb1yioww7p28y	cmh3v0jiz009kb1yiaoztkd18	1.20	2025-02-10 00:00:00	2025-05-19 00:00:00	2025-W07	2025-W21	ACTIVE	2025-10-23 20:13:21.76	2025-10-23 23:36:11.319	LOTE-140-AR-7-21-AT-25
cmh3v0jjg009qb1yi5btja6wj	cmh3v0ige0000b1yi7y0oj693	cmh3v0ih40002b1yiujjd648z	cmh3v0ihb0003b1yi2990lnq5	cmh3v0jja009ob1yirgaq77yf	2.00	2025-05-05 00:00:00	2025-06-09 00:00:00	2025-W19	2025-W24	ACTIVE	2025-10-23 20:13:21.773	2025-10-23 23:36:11.338	LOTE-546-EG-19-24-VI-25
cmh3v0jjq009sb1yidaqypbd7	cmh3ira4m0000146d60lv420u	cmh3jojja0001yxdjc2chwm57	cmh3v0ihb0003b1yi2990lnq5	cmh3v0jja009ob1yirgaq77yf	1.82	2025-05-05 00:00:00	2025-06-09 00:00:00	2025-W19	2025-W24	ACTIVE	2025-10-23 20:13:21.782	2025-10-23 23:36:11.357	LOTE-546-EB-19-24-VI-25
cmh3v0jkg009yb1yi2rfsd9zi	cmh3v0ige0000b1yi7y0oj693	cmh3v0jjy009ub1yi1e3xkwfq	cmh3v0ihb0003b1yi2990lnq5	cmh3v0jk6009wb1yinvnax7yz	1.78	2025-05-05 00:00:00	2025-06-09 00:00:00	2025-W19	2025-W24	ACTIVE	2025-10-23 20:13:21.809	2025-10-23 23:36:11.377	LOTE-517-EG-19-24-VI-25
cmh3v0jks00a2b1yibtf37hsa	cmh3ira4m0000146d60lv420u	cmh3jq5rp0003yxdj8pxj0lzv	cmh3v0ioo001zb1yioww7p28y	cmh3v0jkn00a0b1yi8bjj9ioo	2.00	2025-05-05 00:00:00	2025-06-02 00:00:00	2025-W19	2025-W23	ACTIVE	2025-10-23 20:13:21.82	2025-10-23 23:36:11.402	LOTE-139-EB-19-25-AT-25
cmh3v0jl300a6b1yiobgpzha8	cmh3ira4m0000146d60lv420u	cmh3jq5rp0003yxdj8pxj0lzv	cmh3v0ioo001zb1yioww7p28y	cmh3v0jkz00a4b1yinsq5hy9y	1.85	2025-05-05 00:00:00	2025-06-02 00:00:00	2025-W19	2025-W23	ACTIVE	2025-10-23 20:13:21.831	2025-10-23 23:36:11.418	LOTE-141-EB-19-25-AT-25
cmh3v0jle00aab1yigvuh5ao2	cmh3ira4m0000146d60lv420u	cmh3jojja0001yxdjc2chwm57	cmh3v0ikx000wb1yior0uo1pl	cmh3v0jla00a8b1yi6k411jov	2.11	2025-05-05 00:00:00	2025-06-09 00:00:00	2025-W19	2025-W24	ACTIVE	2025-10-23 20:13:21.843	2025-10-23 23:36:11.433	LOTE-438-EB-19-24-PR-25
cmh3v0jc3007ub1yiqixx7bmp	cmh3rdinp00285npe2h0qvs1v	cmh3v0oh4011lb1yiuxacfl0t	cmh3v0ij7000gb1yi0d87jbmv	cmh3v0jbw007sb1yi3a5s1eku	3.95	2024-10-07 00:00:00	2025-05-12 00:00:00	2024-W40	2025-W18	ACTIVE	2025-10-23 20:13:21.508	2025-10-28 15:33:17.132	LOTE-281-KL-41-20-CP-24
cmh3v0j9c0076b1yis78utzlq	cmh3ira4m0000146d60lv420u	cmh3jojja0001yxdjc2chwm57	cmh3v0ihb0003b1yi2990lnq5	cmh3v0j940074b1yi3jou0e7g	1.57	2025-04-14 00:00:00	2025-05-19 00:00:00	2025-W16	2025-W21	ACTIVE	2025-10-23 20:13:21.409	2025-10-23 23:36:10.843	LOTE-534-EB-16-21-VI-25
cmh3v0ja0007ab1yirg6haxv9	cmh3v0ige0000b1yi7y0oj693	cmh3v0ih40002b1yiujjd648z	cmh3v0ihb0003b1yi2990lnq5	cmh3v0j9q0078b1yimahukcfv	2.00	2025-04-14 00:00:00	2025-05-19 00:00:00	2025-W16	2025-W21	ACTIVE	2025-10-23 20:13:21.433	2025-10-23 23:36:10.867	LOTE-532-EG-16-21-VI-25
cmh3v0jak007eb1yiozbjnk0m	cmh3v0ige0000b1yi7y0oj693	cmh3v0ih40002b1yiujjd648z	cmh3v0ihb0003b1yi2990lnq5	cmh3v0jaf007cb1yitr5p9zcw	2.12	2025-04-14 00:00:00	2025-05-26 00:00:00	2025-W16	2025-W22	ACTIVE	2025-10-23 20:13:21.453	2025-10-23 23:36:10.886	LOTE-533-EG-16-22-VI-25
cmh3v0jnf00apb1yihdl7m9o4	cmh3v0ige0000b1yi7y0oj693	cmh3v0jjy009ub1yi1e3xkwfq	cmh3v0ihb0003b1yi2990lnq5	cmh3v0imk001eb1yi9ln9fuuc	2.00	2025-05-12 00:00:00	2025-06-16 00:00:00	2025-W20	2025-W25	ACTIVE	2025-10-23 20:13:21.916	2025-10-23 23:36:11.53	LOTE-514-EG-20-25-VI-25
cmh3v0jnr00atb1yi07ajzetw	cmh3ira4m0000146d60lv420u	cmh3jq5rp0003yxdj8pxj0lzv	cmh3v0j3w005wb1yiz81uzzzt	cmh3v0jnn00arb1yifx8wn066	2.00	2025-05-12 00:00:00	2025-05-19 00:00:00	2025-W20	2025-W21	ACTIVE	2025-10-23 20:13:21.927	2025-10-23 23:36:11.556	LOTE-617-EB-20-25-IZ-25
cmh3v0jnx00avb1yi3sr0t193	cmh3ira4m0000146d60lv420u	cmh3jq5rp0003yxdj8pxj0lzv	cmh3v0ioo001zb1yioww7p28y	cmh3v0jkz00a4b1yinsq5hy9y	2.00	2025-05-12 00:00:00	2025-06-16 00:00:00	2025-W20	2025-W25	ACTIVE	2025-10-23 20:13:21.933	2025-10-23 23:36:11.579	LOTE-141-EB-20-26-AT-25
cmh3v0jo800azb1yi21bw8set	cmh3ira4m0000146d60lv420u	cmh3jojja0001yxdjc2chwm57	cmh3v0ioo001zb1yioww7p28y	cmh3v0jo300axb1yi350tgwcp	1.34	2025-05-12 00:00:00	2025-06-16 00:00:00	2025-W20	2025-W25	ACTIVE	2025-10-23 20:13:21.945	2025-10-23 23:36:11.596	LOTE-143-EB-20-26-AT-25
cmh3v0jon00b3b1yib7i68bvg	cmh3v0ikf000tb1yimyau3cpe	cmh3v0iko000vb1yikfndymlt	cmh3v0ioo001zb1yioww7p28y	cmh3v0joh00b1b1yic3rzmm7o	0.64	2025-05-12 00:00:00	2025-05-26 00:00:00	2025-W20	2025-W22	ACTIVE	2025-10-23 20:13:21.96	2025-10-23 23:36:11.619	LOTE-131-BL-20-25-AT-25
cmh3v0joz00b5b1yiv1mz1pz0	cmh3ira4m0000146d60lv420u	cmh3jojja0001yxdjc2chwm57	cmh3v0ihb0003b1yi2990lnq5	cmh3v0ii90009b1yiy3nrpm1l	2.00	2025-05-19 00:00:00	2025-06-23 00:00:00	2025-W21	2025-W26	ACTIVE	2025-10-23 20:13:21.971	2025-10-23 23:36:11.642	LOTE-545-EB-21-26-VI-25
cmh3v0jpc00b7b1yihy71g4cm	cmh3v0ige0000b1yi7y0oj693	cmh3v0ih40002b1yiujjd648z	cmh3v0ihb0003b1yi2990lnq5	cmh3v0iiv000db1yiuvq4veab	2.00	2025-05-19 00:00:00	2025-06-23 00:00:00	2025-W21	2025-W26	ACTIVE	2025-10-23 20:13:21.984	2025-10-23 23:36:11.67	LOTE-544-EG-21-26-VI-25
cmh3v0jpr00b9b1yitrbvw0cc	cmh3v0ige0000b1yi7y0oj693	cmh3v0ih40002b1yiujjd648z	cmh3v0ihb0003b1yi2990lnq5	cmh3v0ihl0005b1yixwx6hoth	1.22	2025-05-19 00:00:00	2025-06-23 00:00:00	2025-W21	2025-W26	ACTIVE	2025-10-23 20:13:22	2025-10-23 23:36:11.69	LOTE-543-EG-21-26-VI-25
cmh3v0jq300bdb1yiaqocpuiu	cmh3ira4m0000146d60lv420u	cmh3jq5rp0003yxdj8pxj0lzv	cmh3v0ikx000wb1yior0uo1pl	cmh3v0jpy00bbb1yiuqneb1a7	1.93	2025-05-19 00:00:00	2025-06-23 00:00:00	2025-W21	2025-W26	ACTIVE	2025-10-23 20:13:22.011	2025-10-23 23:36:11.712	LOTE-437-EB-21-26-PR-25
cmh3v0jqb00bfb1yiyton822p	cmh3ira4m0000146d60lv420u	cmh3jq5rp0003yxdj8pxj0lzv	cmh3v0ioo001zb1yioww7p28y	cmh3v0jiz009kb1yiaoztkd18	2.00	2025-05-19 00:00:00	2025-06-02 00:00:00	2025-W21	2025-W23	ACTIVE	2025-10-23 20:13:22.019	2025-10-23 23:36:11.734	LOTE-140-EB-21-27-AT-25
cmh3v0jqk00bjb1yi4yp4hzur	cmh3ira4m0000146d60lv420u	cmh3jq5rp0003yxdj8pxj0lzv	cmh3v0ioo001zb1yioww7p28y	cmh3v0jqh00bhb1yiu0gppjha	2.50	2025-05-19 00:00:00	2025-06-02 00:00:00	2025-W21	2025-W23	ACTIVE	2025-10-23 20:13:22.029	2025-10-23 23:36:11.754	LOTE-138-EB-21-27-AT-25
cmh3v0jqy00bnb1yik1dj18p7	cmh3v0ikf000tb1yimyau3cpe	cmh3v0iko000vb1yikfndymlt	cmh3v0ikx000wb1yior0uo1pl	cmh3v0jqs00blb1yizmisw1uj	1.36	2025-05-19 00:00:00	2025-06-23 00:00:00	2025-W21	2025-W26	ACTIVE	2025-10-23 20:13:22.042	2025-10-23 23:36:11.771	LOTE-414-BL-21-26-PR-25
cmh3v0jr700bpb1yi49ojbvw5	cmh3v0ige0000b1yi7y0oj693	cmh3v0ih40002b1yiujjd648z	cmh3v0ihb0003b1yi2990lnq5	cmh3v0ity003db1yivo9nd49v	2.00	2025-05-26 00:00:00	2025-06-30 00:00:00	2025-W22	2025-W27	ACTIVE	2025-10-23 20:13:22.052	2025-10-23 23:36:11.786	LOTE-518-EG-22-27-VI-25
cmh3v0jri00brb1yibnm157u1	cmh3v0ige0000b1yi7y0oj693	cmh3v0ih40002b1yiujjd648z	cmh3v0ihb0003b1yi2990lnq5	cmh3v0iuj003hb1yi3up1wwqi	1.31	2025-05-26 00:00:00	2025-06-30 00:00:00	2025-W22	2025-W27	ACTIVE	2025-10-23 20:13:22.062	2025-10-23 23:36:11.803	LOTE-519-EG-22-27-VI-25
cmh3v0jrv00btb1yizjmplr98	cmh3ira4m0000146d60lv420u	cmh3jojja0001yxdjc2chwm57	cmh3v0ihb0003b1yi2990lnq5	cmh3v0iyb004jb1yi3txxkcdz	1.65	2025-05-26 00:00:00	2025-06-30 00:00:00	2025-W22	2025-W27	ACTIVE	2025-10-23 20:13:22.075	2025-10-23 23:36:11.817	LOTE-520-EB-22-27-VI-25
cmh3v0jsh00bxb1yiehctuwuw	cmh3ira4m0000146d60lv420u	cmh3jq5rp0003yxdj8pxj0lzv	cmh3v0ikx000wb1yior0uo1pl	cmh3v0js600bvb1yiz22yq4c2	1.20	2025-05-26 00:00:00	2025-06-30 00:00:00	2025-W22	2025-W27	ACTIVE	2025-10-23 20:13:22.097	2025-10-23 23:36:11.834	LOTE-435-EB-22-27-PR-25
cmh3v0jsu00c1b1yiiipgpi1l	cmh3ira4m0000146d60lv420u	cmh3jq5rp0003yxdj8pxj0lzv	cmh3v0ikx000wb1yior0uo1pl	cmh3v0jso00bzb1yis2xvvtu9	0.60	2025-05-26 00:00:00	2025-06-30 00:00:00	2025-W22	2025-W27	ACTIVE	2025-10-23 20:13:22.11	2025-10-23 23:36:11.853	LOTE-436-EB-22-27-PR-25
cmh3v0jt600c5b1yiq4opjwq4	cmh3ira4m0000146d60lv420u	cmh3jq5rp0003yxdj8pxj0lzv	cmh3v0ij7000gb1yi0d87jbmv	cmh3v0jt100c3b1yi96wa1g0f	2.14	2025-05-26 00:00:00	2025-06-16 00:00:00	2025-W22	2025-W25	ACTIVE	2025-10-23 20:13:22.122	2025-10-23 23:36:11.871	LOTE-275-EB-22-27-CP-25
cmh3v0jth00c9b1yi9boua1ci	cmh3v0ikf000tb1yimyau3cpe	cmh3v0iko000vb1yikfndymlt	cmh3v0ij7000gb1yi0d87jbmv	cmh3v0jtc00c7b1yin97t8iez	1.22	2025-05-26 00:00:00	2025-07-07 00:00:00	2025-W22	2025-W28	ACTIVE	2025-10-23 20:13:22.134	2025-10-23 23:36:11.893	LOTE-276-BL-22-28-CP-25
cmh3v0jty00cdb1yik7tybav9	cmh3rdhnv001c5npe8kzf0osx	cmh3v0ioi001yb1yidu867red	cmh3v0ij7000gb1yi0d87jbmv	cmh3v0jtq00cbb1yibyickzqp	2.10	2025-05-26 00:00:00	2025-06-16 00:00:00	2025-W22	2025-W25	ACTIVE	2025-10-23 20:13:22.15	2025-10-23 23:36:11.914	LOTE-277-AR-22-29-CP-25
cmh3v0ju900cfb1yi8v3ptdqe	cmh3ira4m0000146d60lv420u	cmh3jojja0001yxdjc2chwm57	cmh3v0ihb0003b1yi2990lnq5	cmh3v0iqu002jb1yif7brjkaj	2.00	2025-06-02 00:00:00	2025-07-07 00:00:00	2025-W23	2025-W28	ACTIVE	2025-10-23 20:13:22.162	2025-10-23 23:36:11.945	LOTE-541-EB-23-28-VI-25
cmh3v0juo00chb1yip9t6arjk	cmh3ira4m0000146d60lv420u	cmh3jojja0001yxdjc2chwm57	cmh3v0ihb0003b1yi2990lnq5	cmh3v0ir9002nb1yi03twlno4	1.69	2025-06-02 00:00:00	2025-07-07 00:00:00	2025-W23	2025-W28	ACTIVE	2025-10-23 20:13:22.176	2025-10-23 23:36:11.976	LOTE-542-EB-23-28-VI-25
cmh3v0jve00clb1yi5xoeg6qq	cmh3ira4m0000146d60lv420u	cmh3jq5rp0003yxdj8pxj0lzv	cmh3v0ikx000wb1yior0uo1pl	cmh3v0jv200cjb1yidyc68cxe	2.12	2025-06-02 00:00:00	2025-07-07 00:00:00	2025-W23	2025-W28	ACTIVE	2025-10-23 20:13:22.203	2025-10-23 23:36:11.997	LOTE-432-EB-23-28-PR-25
cmh3v0jvw00crb1yiw40x11p3	cmh3ira4m0000146d60lv420u	cmh3v0jvl00cnb1yijgmvp3pr	cmh3v0ikx000wb1yior0uo1pl	cmh3v0jvq00cpb1yip41dn2be	0.63	2025-06-02 00:00:00	2025-07-14 00:00:00	2025-W23	2025-W29	ACTIVE	2025-10-23 20:13:22.22	2025-10-23 23:36:12.016	LOTE-447-EB-23-29-PR-25
cmh3v0jw400ctb1yilrognxsd	cmh3v0ikf000tb1yimyau3cpe	cmh3v0iko000vb1yikfndymlt	cmh3v0ikx000wb1yior0uo1pl	cmh3v0il8000yb1yiok2dxhfl	1.50	2025-06-02 00:00:00	2025-07-14 00:00:00	2025-W23	2025-W29	ACTIVE	2025-10-23 20:13:22.228	2025-10-23 23:36:12.033	LOTE-415-BL-23-29-PR-25
cmh3v0jwb00cvb1yiih9o7wfb	cmh3ira4m0000146d60lv420u	cmh3jojja0001yxdjc2chwm57	cmh3v0ihb0003b1yi2990lnq5	cmh3v0iyx004nb1yi2padh429	2.00	2025-06-09 00:00:00	2025-07-14 00:00:00	2025-W24	2025-W29	ACTIVE	2025-10-23 20:13:22.235	2025-10-23 23:36:12.049	LOTE-521-EB-24-29-VI-25
cmh3v0jwj00cxb1yip982m5me	cmh3ira4m0000146d60lv420u	cmh3jojja0001yxdjc2chwm57	cmh3v0ihb0003b1yi2990lnq5	cmh3v0izh004rb1yiyfl813g4	2.26	2025-06-09 00:00:00	2025-07-14 00:00:00	2025-W24	2025-W29	ACTIVE	2025-10-23 20:13:22.243	2025-10-23 23:36:12.065	LOTE-522-EB-24-29-VI-25
cmh3v0jwy00d1b1yizjgmr8fk	cmh3ira4m0000146d60lv420u	cmh3jq5rp0003yxdj8pxj0lzv	cmh3v0ikx000wb1yior0uo1pl	cmh3v0jwr00czb1yic3du3rsm	2.12	2025-06-09 00:00:00	2025-07-14 00:00:00	2025-W24	2025-W29	ACTIVE	2025-10-23 20:13:22.258	2025-10-23 23:36:12.082	LOTE-433-EB-24-29-PR-25
cmh3v0jmk00ajb1yi8s1rt0sw	cmh3v0ikf000tb1yimyau3cpe	cmh3v0iko000vb1yikfndymlt	cmh3v0jm200afb1yijc9ipp7m	cmh3v0jmb00ahb1yijf87sr16	0.42	2025-05-05 00:00:00	2025-06-09 00:00:00	2025-W19	2025-W24	ACTIVE	2025-10-23 20:13:21.885	2025-10-23 23:36:11.468	LOTE-712-BL-19-24-IN-25
cmh3v0jmz00alb1yi0eenca7y	cmh3ira4m0000146d60lv420u	cmh3jojja0001yxdjc2chwm57	cmh3v0ihb0003b1yi2990lnq5	cmh3v0ilx0016b1yivawkc67l	2.00	2025-05-12 00:00:00	2025-06-16 00:00:00	2025-W20	2025-W25	ACTIVE	2025-10-23 20:13:21.9	2025-10-23 23:36:11.486	LOTE-512-EB-20-25-VI-25
cmh3v0jn800anb1yiz4fkcaco	cmh3ira4m0000146d60lv420u	cmh3jojja0001yxdjc2chwm57	cmh3v0ihb0003b1yi2990lnq5	cmh3v0im7001ab1yim7m18snd	1.80	2025-05-12 00:00:00	2025-06-16 00:00:00	2025-W20	2025-W25	ACTIVE	2025-10-23 20:13:21.908	2025-10-23 23:36:11.506	LOTE-513-EB-20-25-VI-25
cmh3v0jyj00ddb1yiz4m36dl4	cmh3ira4m0000146d60lv420u	cmh3jojja0001yxdjc2chwm57	cmh3v0ihb0003b1yi2990lnq5	cmh3v0iwz0045b1yi0d5fipmk	2.00	2025-06-16 00:00:00	2025-07-21 00:00:00	2025-W25	2025-W30	ACTIVE	2025-10-23 20:13:22.316	2025-10-23 23:36:12.193	LOTE-539-EB-25-30-VI-25
cmh3v0jyr00dfb1yi1e4psqfs	cmh3ira4m0000146d60lv420u	cmh3jojja0001yxdjc2chwm57	cmh3v0ihb0003b1yi2990lnq5	cmh3v0irr002rb1yiuu782c1u	1.73	2025-06-16 00:00:00	2025-07-21 00:00:00	2025-W25	2025-W30	ACTIVE	2025-10-23 20:13:22.324	2025-10-23 23:36:12.227	LOTE-540-EB-25-30-VI-25
cmh3v0jyz00dhb1yi8sphcwcb	cmh3ira4m0000146d60lv420u	cmh3jq5rp0003yxdj8pxj0lzv	cmh3v0ihb0003b1yi2990lnq5	cmh3v0iwn0041b1yieljuai0a	1.77	2025-06-16 00:00:00	2025-07-21 00:00:00	2025-W25	2025-W30	ACTIVE	2025-10-23 20:13:22.331	2025-10-23 23:36:12.258	LOTE-538-EB-25-30-VI-25
cmh3v0jz700djb1yia6toty46	cmh3ira4m0000146d60lv420u	cmh3v0jvl00cnb1yijgmvp3pr	cmh3v0ikx000wb1yior0uo1pl	cmh3v0io8001ub1yi4ldbe3ob	0.50	2025-06-16 00:00:00	2025-06-16 00:00:00	2025-W25	2025-W25	ACTIVE	2025-10-23 20:13:22.34	2025-10-23 23:36:12.282	LOTE-441-EB-25-31-PR-25
cmh3v0jzg00dlb1yi8wd6hj0k	cmh3v0ikf000tb1yimyau3cpe	cmh3v0iko000vb1yikfndymlt	cmh3v0ihb0003b1yi2990lnq5	cmh3v0iwn0041b1yieljuai0a	1.25	2025-06-16 00:00:00	2025-07-07 00:00:00	2025-W25	2025-W28	ACTIVE	2025-10-23 20:13:22.349	2025-10-23 23:36:12.305	LOTE-538-BL-25-32-VI-25
cmh3v0jzq00dnb1yi99va9tbp	cmh3ira4m0000146d60lv420u	cmh3jojja0001yxdjc2chwm57	cmh3v0ihb0003b1yi2990lnq5	cmh3v0j4v0064b1yiu0l33kez	2.55	2025-06-23 00:00:00	2025-07-28 00:00:00	2025-W26	2025-W31	ACTIVE	2025-10-23 20:13:22.359	2025-10-23 23:36:12.328	LOTE-523-EB-26-31-VI-25
cmh3v0k0100dpb1yi2vvin8ss	cmh3ira4m0000146d60lv420u	cmh3jojja0001yxdjc2chwm57	cmh3v0ihb0003b1yi2990lnq5	cmh3v0j5b0068b1yien8i791z	2.00	2025-06-23 00:00:00	2025-07-28 00:00:00	2025-W26	2025-W31	ACTIVE	2025-10-23 20:13:22.37	2025-10-23 23:36:12.353	LOTE-524-EB-26-31-VI-25
cmh3v0k0n00dtb1yi35refldl	cmh3ira4m0000146d60lv420u	cmh3jq5rp0003yxdj8pxj0lzv	cmh3v0ikx000wb1yior0uo1pl	cmh3v0k0d00drb1yi2o3u6afk	1.27	2025-06-23 00:00:00	2025-08-04 00:00:00	2025-W26	2025-W32	ACTIVE	2025-10-23 20:13:22.392	2025-10-23 23:36:12.377	LOTE-434-EB-26-32-PR-25
cmh3v0k1000dvb1yino1w6456	cmh3ira4m0000146d60lv420u	cmh3v0jvl00cnb1yijgmvp3pr	cmh3v0ikx000wb1yior0uo1pl	cmh3v0jvq00cpb1yip41dn2be	1.10	2025-06-23 00:00:00	2025-08-04 00:00:00	2025-W26	2025-W32	ACTIVE	2025-10-23 20:13:22.404	2025-10-23 23:36:12.398	LOTE-447-EB-26-32-PR-25
cmh3v0k1900dxb1yi4q9v2cy6	cmh3v0ikf000tb1yimyau3cpe	cmh3v0iko000vb1yikfndymlt	cmh3v0ikx000wb1yior0uo1pl	cmh3v0jy500d9b1yitvopps5z	1.28	2025-06-23 00:00:00	2025-08-04 00:00:00	2025-W26	2025-W32	ACTIVE	2025-10-23 20:13:22.413	2025-10-23 23:36:12.418	LOTE-416-BL-26-32-PR-25
cmh3v0k1r00e1b1yi7obfpqli	cmh3ira4m0000146d60lv420u	cmh3jojja0001yxdjc2chwm57	cmh3v0ihb0003b1yi2990lnq5	cmh3v0j1x005db1yi9xreahaj	2.00	2025-06-30 00:00:00	2025-08-04 00:00:00	2025-W27	2025-W32	ACTIVE	2025-10-23 20:13:22.431	2025-10-23 23:36:12.459	LOTE-536-EB-27-32-VI-25
cmh3v0k1y00e3b1yim6xif69l	cmh3ira4m0000146d60lv420u	cmh3jojja0001yxdjc2chwm57	cmh3v0ihb0003b1yi2990lnq5	cmh3v0j2m005lb1yib6no4wwm	1.45	2025-06-30 00:00:00	2025-08-04 00:00:00	2025-W27	2025-W32	ACTIVE	2025-10-23 20:13:22.439	2025-10-23 23:36:12.482	LOTE-537-EB-27-32-VI-25
cmh3v0k2b00e7b1yi38xa5v38	cmh3ira4m0000146d60lv420u	cmh3jq5rp0003yxdj8pxj0lzv	cmh3v0ikx000wb1yior0uo1pl	cmh3v0k2500e5b1yixclzlwty	1.94	2025-06-30 00:00:00	2025-07-21 00:00:00	2025-W27	2025-W30	ACTIVE	2025-10-23 20:13:22.452	2025-10-23 23:36:12.499	LOTE-421-EB-27-32-PR-25
cmh3v0k2s00ebb1yiwkyj3wb6	cmh3ira4m0000146d60lv420u	cmh3v0jvl00cnb1yijgmvp3pr	cmh3v0ikx000wb1yior0uo1pl	cmh3v0k2l00e9b1yi43hzwt1z	0.51	2025-06-30 00:00:00	2025-08-11 00:00:00	2025-W27	2025-W33	ACTIVE	2025-10-23 20:13:22.469	2025-10-23 23:36:12.516	LOTE-446-EB-27-33-PR-25
cmh3v0k3c00efb1yivxm5yhmi	cmh3v0ikf000tb1yimyau3cpe	cmh3v0iko000vb1yikfndymlt	cmh3v0ihb0003b1yi2990lnq5	cmh3v0k3400edb1yisc1402sf	1.54	2025-06-30 00:00:00	2025-08-04 00:00:00	2025-W27	2025-W32	ACTIVE	2025-10-23 20:13:22.488	2025-10-23 23:36:12.536	LOTE-526-BL-27-33-VI-25
cmh3v0k3q00ehb1yiwea9i1qo	cmh3rdhnv001c5npe8kzf0osx	cmh3v0ioi001yb1yidu867red	cmh3v0ij7000gb1yi0d87jbmv	cmh3v0jtq00cbb1yibyickzqp	0.64	2025-06-30 00:00:00	2025-08-18 00:00:00	2025-W27	2025-W34	ACTIVE	2025-10-23 20:13:22.503	2025-10-23 23:36:12.55	LOTE-277-AR-27-34-CP-25
cmh3v0k3z00ejb1yia183vwof	cmh3ira4m0000146d60lv420u	cmh3jojja0001yxdjc2chwm57	cmh3v0ihb0003b1yi2990lnq5	cmh3v0jdd0084b1yit70smnvv	2.00	2025-07-07 00:00:00	2025-08-11 00:00:00	2025-W28	2025-W33	ACTIVE	2025-10-23 20:13:22.512	2025-10-23 23:36:12.566	LOTE-516-EB-28-33-VI-25
cmh3v0k4800elb1yi7v94bsq8	cmh3ira4m0000146d60lv420u	cmh3jojja0001yxdjc2chwm57	cmh3v0ihb0003b1yi2990lnq5	cmh3v0jk6009wb1yinvnax7yz	1.70	2025-07-07 00:00:00	2025-08-11 00:00:00	2025-W28	2025-W33	ACTIVE	2025-10-23 20:13:22.521	2025-10-23 23:36:12.582	LOTE-517-EB-28-33-VI-25
cmh3v0k4k00epb1yigyd9d62d	cmh3ira4m0000146d60lv420u	cmh3jq5rp0003yxdj8pxj0lzv	cmh3v0ikx000wb1yior0uo1pl	cmh3v0k4f00enb1yioyb9zta6	1.98	2025-07-07 00:00:00	2025-08-18 00:00:00	2025-W28	2025-W34	ACTIVE	2025-10-23 20:13:22.533	2025-10-23 23:36:12.603	LOTE-422-EB-28-34-PR-25
cmh3v0k4u00erb1yif5rt35k4	cmh3ira4m0000146d60lv420u	cmh3v0jvl00cnb1yijgmvp3pr	cmh3v0ikx000wb1yior0uo1pl	cmh3v0isa002vb1yidh2lq79t	0.50	2025-07-07 00:00:00	2025-08-18 00:00:00	2025-W28	2025-W34	ACTIVE	2025-10-23 20:13:22.542	2025-10-23 23:36:12.625	LOTE-442-EB-28-34-PR-25
cmh3v0k5c00evb1yijipqqorj	cmh3v0ikf000tb1yimyau3cpe	cmh3v0iko000vb1yikfndymlt	cmh3v0ikx000wb1yior0uo1pl	cmh3v0k5400etb1yipw5t6zvy	1.40	2025-07-07 00:00:00	2025-08-18 00:00:00	2025-W28	2025-W34	ACTIVE	2025-10-23 20:13:22.56	2025-10-23 23:36:12.645	LOTE-417-BL-28-34-PR-25
cmh3v0k5p00exb1yiqwpr6n7b	cmh3ira4m0000146d60lv420u	cmh3jojja0001yxdjc2chwm57	cmh3v0ihb0003b1yi2990lnq5	cmh3v0j940074b1yi3jou0e7g	2.00	2025-07-14 00:00:00	2025-08-18 00:00:00	2025-W29	2025-W34	ACTIVE	2025-10-23 20:13:22.573	2025-10-23 23:36:12.666	LOTE-534-EB-29-34-VI-25
cmh3v0k6300ezb1yiuqbxcl38	cmh3ira4m0000146d60lv420u	cmh3jojja0001yxdjc2chwm57	cmh3v0ihb0003b1yi2990lnq5	cmh3v0j29005hb1yi6j5epudl	1.52	2025-07-14 00:00:00	2025-08-18 00:00:00	2025-W29	2025-W34	ACTIVE	2025-10-23 20:13:22.587	2025-10-23 23:36:12.691	LOTE-535-EB-29-34-VI-25
cmh3v0k6r00f3b1yid0leq4fx	cmh3ira4m0000146d60lv420u	cmh3jq5rp0003yxdj8pxj0lzv	cmh3v0ikx000wb1yior0uo1pl	cmh3v0k6h00f1b1yi22vspvet	1.97	2025-07-14 00:00:00	2025-08-25 00:00:00	2025-W29	2025-W35	ACTIVE	2025-10-23 20:13:22.611	2025-10-23 23:36:12.708	LOTE-423-EB-29-35-PR-25
cmh3v0k6z00f5b1yipz0wpcw3	cmh3ira4m0000146d60lv420u	cmh3v0jvl00cnb1yijgmvp3pr	cmh3v0ikx000wb1yior0uo1pl	cmh3v0isa002vb1yidh2lq79t	0.50	2025-07-14 00:00:00	2025-07-14 00:00:00	2025-W29	2025-W29	ACTIVE	2025-10-23 20:13:22.62	2025-10-23 23:36:12.725	LOTE-442-EB-29-35-PR-25
cmh3v0k7800f7b1yiqrfsxvhf	cmh3v0ikf000tb1yimyau3cpe	cmh3v0iko000vb1yikfndymlt	cmh3v0ikx000wb1yior0uo1pl	cmh3v0iqj002fb1yibyocx4xe	1.17	2025-07-14 00:00:00	2025-08-25 00:00:00	2025-W29	2025-W35	ACTIVE	2025-10-23 20:13:22.629	2025-10-23 23:36:12.747	LOTE-425-BL-29-35-PR-25
cmh3v0k7h00f9b1yi8jmyzigh	cmh3ira4m0000146d60lv420u	cmh3jojja0001yxdjc2chwm57	cmh3v0ihb0003b1yi2990lnq5	cmh3v0j9q0078b1yimahukcfv	2.00	2025-07-21 00:00:00	2025-08-25 00:00:00	2025-W30	2025-W35	ACTIVE	2025-10-23 20:13:22.637	2025-10-23 23:36:12.763	LOTE-532-EB-30-35-VI-25
cmh3v0k7o00fbb1yiytgee3y7	cmh3ira4m0000146d60lv420u	cmh3jojja0001yxdjc2chwm57	cmh3v0ihb0003b1yi2990lnq5	cmh3v0jaf007cb1yitr5p9zcw	1.47	2025-07-21 00:00:00	2025-08-25 00:00:00	2025-W30	2025-W35	ACTIVE	2025-10-23 20:13:22.644	2025-10-23 23:36:12.782	LOTE-533-EB-30-35-VI-25
cmh3v0jx800d3b1yig98qrout	cmh3ira4m0000146d60lv420u	cmh3v0jvl00cnb1yijgmvp3pr	cmh3v0ikx000wb1yior0uo1pl	cmh3v0jvq00cpb1yip41dn2be	0.77	2025-06-09 00:00:00	2025-07-14 00:00:00	2025-W24	2025-W29	ACTIVE	2025-10-23 20:13:22.269	2025-10-23 23:36:12.107	LOTE-447-EB-24-30-PR-25
cmh3v0jxs00d7b1yiyy0lxhks	cmh3v0ikf000tb1yimyau3cpe	cmh3v0iko000vb1yikfndymlt	cmh3v0jm200afb1yijc9ipp7m	cmh3v0jxj00d5b1yinea8o9qo	0.21	2025-06-09 00:00:00	2025-07-14 00:00:00	2025-W24	2025-W29	ACTIVE	2025-10-23 20:13:22.288	2025-10-23 23:36:12.135	LOTE-713-BL-24-29-IN-25
cmh3v0jya00dbb1yi9w17t1ws	cmh3v0ikf000tb1yimyau3cpe	cmh3v0iko000vb1yikfndymlt	cmh3v0ikx000wb1yior0uo1pl	cmh3v0jy500d9b1yitvopps5z	1.18	2025-06-09 00:00:00	2025-07-21 00:00:00	2025-W24	2025-W30	ACTIVE	2025-10-23 20:13:22.307	2025-10-23 23:36:12.162	LOTE-416-BL-24-30-PR-25
cmh3v0k9600flb1yie3iuefvl	cmh3ira4m0000146d60lv420u	cmh3jojja0001yxdjc2chwm57	cmh3v0ihb0003b1yi2990lnq5	cmh3v0im7001ab1yim7m18snd	1.67	2025-07-28 00:00:00	2025-09-01 00:00:00	2025-W31	2025-W36	ACTIVE	2025-10-23 20:13:22.698	2025-10-23 23:36:12.892	LOTE-513-EB-31-36-VI-25
cmh3v0k9j00fnb1yi6x740aew	cmh3ira4m0000146d60lv420u	cmh3jq5rp0003yxdj8pxj0lzv	cmh3v0ikx000wb1yior0uo1pl	cmh3v0izt004vb1yiytyijgle	0.62	2025-07-28 00:00:00	2025-09-08 00:00:00	2025-W31	2025-W37	ACTIVE	2025-10-23 20:13:22.711	2025-10-23 23:36:12.919	LOTE-428-EB-31-37-PR-25
cmh3v0k9x00fpb1yiycqax6pk	cmh3ira4m0000146d60lv420u	cmh3jq5rp0003yxdj8pxj0lzv	cmh3v0ikx000wb1yior0uo1pl	cmh3v0j03004zb1yirklhszjb	1.23	2025-07-28 00:00:00	2025-09-08 00:00:00	2025-W31	2025-W37	ACTIVE	2025-10-23 20:13:22.726	2025-10-23 23:36:12.943	LOTE-429-EB-31-37-PR-25
cmh3v0kab00frb1yi3iltx3gm	cmh3v0ikf000tb1yimyau3cpe	cmh3v0iko000vb1yikfndymlt	cmh3v0ikx000wb1yior0uo1pl	cmh3v0izt004vb1yiytyijgle	2.28	2025-07-28 00:00:00	2025-09-08 00:00:00	2025-W31	2025-W37	ACTIVE	2025-10-23 20:13:22.739	2025-10-23 23:36:12.966	LOTE-428-BL-31-37-PR-25
cmh3v0kak00ftb1yicgfpmpxq	cmh3ira4m0000146d60lv420u	cmh3jojja0001yxdjc2chwm57	cmh3v0ihb0003b1yi2990lnq5	cmh3v0ii90009b1yiy3nrpm1l	2.00	2025-08-04 00:00:00	2025-09-15 00:00:00	2025-W32	2025-W38	ACTIVE	2025-10-23 20:13:22.748	2025-10-23 23:36:12.984	LOTE-545-EB-32-38-VI-25
cmh3v0kav00fvb1yizbygi1ji	cmh3ira4m0000146d60lv420u	cmh3jojja0001yxdjc2chwm57	cmh3v0ihb0003b1yi2990lnq5	cmh3v0jja009ob1yirgaq77yf	2.00	2025-08-04 00:00:00	2025-09-15 00:00:00	2025-W32	2025-W38	ACTIVE	2025-10-23 20:13:22.76	2025-10-23 23:36:13.001	LOTE-546-EB-32-38-VI-25
cmh3v0kb700fxb1yix7m18lhz	cmh3ira4m0000146d60lv420u	cmh3jojja0001yxdjc2chwm57	cmh3v0ihb0003b1yi2990lnq5	cmh3v0jfw008sb1yizl7iq6yv	1.72	2025-08-04 00:00:00	2025-09-15 00:00:00	2025-W32	2025-W38	ACTIVE	2025-10-23 20:13:22.771	2025-10-23 23:36:13.022	LOTE-531-EB-32-38-VI-25
cmh3v0kbf00fzb1yizvfipwvm	cmh3ira4m0000146d60lv420u	cmh3jq5rp0003yxdj8pxj0lzv	cmh3v0ikx000wb1yior0uo1pl	cmh3v0jqs00blb1yizmisw1uj	2.00	2025-08-04 00:00:00	2025-09-15 00:00:00	2025-W32	2025-W38	ACTIVE	2025-10-23 20:13:22.78	2025-10-23 23:36:13.038	LOTE-414-EB-32-38-PR-25
cmh3v0kbr00g1b1yicma5lckp	cmh3ira4m0000146d60lv420u	cmh3jq5rp0003yxdj8pxj0lzv	cmh3v0ikx000wb1yior0uo1pl	cmh3v0il8000yb1yiok2dxhfl	2.12	2025-08-04 00:00:00	2025-09-15 00:00:00	2025-W32	2025-W38	ACTIVE	2025-10-23 20:13:22.791	2025-10-23 23:36:13.054	LOTE-415-EB-32-38-PR-25
cmh3v0kc200g3b1yi77nrnu4e	cmh3ira4m0000146d60lv420u	cmh3jq5rp0003yxdj8pxj0lzv	cmh3v0ij7000gb1yi0d87jbmv	cmh3v0ipw0027b1yi7is9ae2k	1.95	2025-08-04 00:00:00	2025-09-15 00:00:00	2025-W32	2025-W38	ACTIVE	2025-10-23 20:13:22.803	2025-10-23 23:36:13.071	LOTE-245-EB-32-38-CP-25
cmh3v0kcf00g5b1yinvytjn3d	cmh3v0ikf000tb1yimyau3cpe	cmh3v0iko000vb1yikfndymlt	cmh3v0ihb0003b1yi2990lnq5	cmh3v0imk001eb1yi9ln9fuuc	1.32	2025-08-04 00:00:00	2025-09-08 00:00:00	2025-W32	2025-W37	ACTIVE	2025-10-23 20:13:22.816	2025-10-23 23:36:13.087	LOTE-514-BL-32-37-VI-25
cmh3v0kcr00g7b1yiy3n4ylqw	cmh3rdhnv001c5npe8kzf0osx	cmh3v0ioi001yb1yidu867red	cmh3v0ikx000wb1yior0uo1pl	cmh3v0io8001ub1yi4ldbe3ob	1.39	2025-08-04 00:00:00	2025-09-15 00:00:00	2025-W32	2025-W38	ACTIVE	2025-10-23 20:13:22.828	2025-10-23 23:36:13.106	LOTE-441-AR-32-38-PR-25
cmh3v0kd500g9b1yivjtf5m77	cmh3ira4m0000146d60lv420u	cmh3jojja0001yxdjc2chwm57	cmh3v0ihb0003b1yi2990lnq5	cmh3v0ity003db1yivo9nd49v	2.00	2025-08-11 00:00:00	2025-09-22 00:00:00	2025-W33	2025-W39	ACTIVE	2025-10-23 20:13:22.842	2025-10-23 23:36:13.125	LOTE-518-EB-33-39-VI-25
cmh3v0kdk00gbb1yic7qfdamc	cmh3ira4m0000146d60lv420u	cmh3jojja0001yxdjc2chwm57	cmh3v0ihb0003b1yi2990lnq5	cmh3v0iuj003hb1yi3up1wwqi	1.53	2025-08-11 00:00:00	2025-09-22 00:00:00	2025-W33	2025-W39	ACTIVE	2025-10-23 20:13:22.856	2025-10-23 23:36:13.145	LOTE-519-EB-33-39-VI-25
cmh3v0kdz00gdb1yi1tgbtbg6	cmh3ira4m0000146d60lv420u	cmh3jojja0001yxdjc2chwm57	cmh3v0ij7000gb1yi0d87jbmv	cmh3v0in1001ib1yiv97p59tr	2.00	2025-08-11 00:00:00	2025-09-29 00:00:00	2025-W33	2025-W40	ACTIVE	2025-10-23 20:13:22.871	2025-10-23 23:36:13.169	LOTE-241-EB-33-40-CP-25
cmh3v0kec00gfb1yij0uaxpyq	cmh3ira4m0000146d60lv420u	cmh3jq5rp0003yxdj8pxj0lzv	cmh3v0ij7000gb1yi0d87jbmv	cmh3v0inm001mb1yiqaeysmsq	1.96	2025-08-11 00:00:00	2025-09-22 00:00:00	2025-W33	2025-W39	ACTIVE	2025-10-23 20:13:22.885	2025-10-23 23:36:13.191	LOTE-242-EB-33-39-CP-25
cmh3v0kem00ghb1yitxaho7jh	cmh3ira4m0000146d60lv420u	cmh3jq5rp0003yxdj8pxj0lzv	cmh3v0ikx000wb1yior0uo1pl	cmh3v0jen008ib1yi0xm4vqdc	2.00	2025-08-11 00:00:00	2025-09-22 00:00:00	2025-W33	2025-W39	ACTIVE	2025-10-23 20:13:22.894	2025-10-23 23:36:13.209	LOTE-431-EB-33-39-PR-25
cmh3v0keu00gjb1yirvxn7ppp	cmh3ira4m0000146d60lv420u	cmh3jq5rp0003yxdj8pxj0lzv	cmh3v0ikx000wb1yior0uo1pl	cmh3v0jv200cjb1yidyc68cxe	2.32	2025-08-11 00:00:00	2025-09-22 00:00:00	2025-W33	2025-W39	ACTIVE	2025-10-23 20:13:22.903	2025-10-23 23:36:13.229	LOTE-432-EB-33-39-PR-25
cmh3v0kf300glb1yijpuqhsps	cmh3v0ikf000tb1yimyau3cpe	cmh3v0iko000vb1yikfndymlt	cmh3v0ikx000wb1yior0uo1pl	cmh3v0k2500e5b1yixclzlwty	1.31	2025-08-11 00:00:00	2025-09-22 00:00:00	2025-W33	2025-W39	ACTIVE	2025-10-23 20:13:22.912	2025-10-23 23:36:13.256	LOTE-421-BL-33-39-PR-25
cmh3v0kfa00gnb1yiz3o3iybd	cmh3ira4m0000146d60lv420u	cmh3jojja0001yxdjc2chwm57	cmh3v0ihb0003b1yi2990lnq5	cmh3v0ihl0005b1yixwx6hoth	2.00	2025-08-18 00:00:00	2025-09-29 00:00:00	2025-W34	2025-W40	ACTIVE	2025-10-23 20:13:22.919	2025-10-23 23:36:13.272	LOTE-543-EB-34-40-VI-25
cmh3v0kfj00gpb1yixw06u50k	cmh3ira4m0000146d60lv420u	cmh3jojja0001yxdjc2chwm57	cmh3v0ihb0003b1yi2990lnq5	cmh3v0iiv000db1yiuvq4veab	1.71	2025-08-18 00:00:00	2025-09-29 00:00:00	2025-W34	2025-W40	ACTIVE	2025-10-23 20:13:22.927	2025-10-23 23:36:13.289	LOTE-544-EB-34-40-VI-25
cmh3v0kfr00grb1yio1rd3emq	cmh3ira4m0000146d60lv420u	cmh3jojja0001yxdjc2chwm57	cmh3v0ikx000wb1yior0uo1pl	cmh3v0isa002vb1yidh2lq79t	2.00	2025-08-18 00:00:00	2025-09-29 00:00:00	2025-W34	2025-W40	ACTIVE	2025-10-23 20:13:22.936	2025-10-23 23:36:13.305	LOTE-442-EB-34-40-PR-25
cmh3v0kg100gtb1yigg70dokl	cmh3ira4m0000146d60lv420u	cmh3jq5rp0003yxdj8pxj0lzv	cmh3v0ikx000wb1yior0uo1pl	cmh3v0iv4003lb1yiv7xf4gi8	2.10	2025-08-18 00:00:00	2025-09-29 00:00:00	2025-W34	2025-W40	ACTIVE	2025-10-23 20:13:22.945	2025-10-23 23:36:13.323	LOTE-443-EB-34-40-PR-25
cmh3v0kgb00gvb1yiidjjzl95	cmh3ira4m0000146d60lv420u	cmh3jq5rp0003yxdj8pxj0lzv	cmh3v0ij7000gb1yi0d87jbmv	cmh3v0iny001qb1yihbwfr76j	2.00	2025-08-18 00:00:00	2025-09-29 00:00:00	2025-W34	2025-W40	ACTIVE	2025-10-23 20:13:22.956	2025-10-23 23:36:13.342	LOTE-243-EB-34-40-CP-25
cmh3v0kgm00gxb1yimxpm1l93	cmh3ira4m0000146d60lv420u	cmh3jq5rp0003yxdj8pxj0lzv	cmh3v0ij7000gb1yi0d87jbmv	cmh3v0ive003pb1yiwfvabazx	1.94	2025-08-18 00:00:00	2025-09-29 00:00:00	2025-W34	2025-W40	ACTIVE	2025-10-23 20:13:22.966	2025-10-23 23:36:13.361	LOTE-251-EB-34-40-CP-25
cmh3v0kgx00gzb1yi6r3h0vl1	cmh3v0ikf000tb1yimyau3cpe	cmh3v0iko000vb1yikfndymlt	cmh3v0ij7000gb1yi0d87jbmv	cmh3v0jtc00c7b1yin97t8iez	1.34	2025-08-18 00:00:00	2025-09-29 00:00:00	2025-W34	2025-W40	ACTIVE	2025-10-23 20:13:22.978	2025-10-23 23:36:13.382	LOTE-276-BL-34-40-CP-25
cmh3v0khb00h1b1yirmr32j4s	cmh3ira4m0000146d60lv420u	cmh3jojja0001yxdjc2chwm57	cmh3v0ihb0003b1yi2990lnq5	cmh3v0iuj003hb1yi3up1wwqi	2.00	2025-08-25 00:00:00	2025-10-06 00:00:00	2025-W35	2025-W41	ACTIVE	2025-10-23 20:13:22.992	2025-10-23 23:36:13.406	LOTE-519-EB-35-41-VI-25
cmh3v0khp00h3b1yiatmckz56	cmh3ira4m0000146d60lv420u	cmh3jojja0001yxdjc2chwm57	cmh3v0ihb0003b1yi2990lnq5	cmh3v0iyb004jb1yi3txxkcdz	1.45	2025-08-25 00:00:00	2025-10-06 00:00:00	2025-W35	2025-W41	ACTIVE	2025-10-23 20:13:23.005	2025-10-23 23:36:13.427	LOTE-520-EB-35-41-VI-25
cmh3v0k8700ffb1yitlvp1iie	cmh3v0ikf000tb1yimyau3cpe	cmh3v0iko000vb1yikfndymlt	cmh3v0ihb0003b1yi2990lnq5	cmh3v0jfw008sb1yizl7iq6yv	1.49	2025-07-21 00:00:00	2025-09-08 00:00:00	2025-W30	2025-W37	ACTIVE	2025-10-23 20:13:22.663	2025-10-23 23:36:12.824	LOTE-531-BL-30-37-VI-25
cmh3v0k8h00fhb1yilgy307m7	cmh3rdhnv001c5npe8kzf0osx	cmh3v0ioi001yb1yidu867red	cmh3v0ihb0003b1yi2990lnq5	cmh3v0ixu004fb1yio81nnaf2	1.63	2025-07-21 00:00:00	2025-09-08 00:00:00	2025-W30	2025-W37	ACTIVE	2025-10-23 20:13:22.673	2025-10-23 23:36:12.845	LOTE-511-AR-30-37-VI-25
cmh3v0k8u00fjb1yiq2ji3ha6	cmh3ira4m0000146d60lv420u	cmh3jojja0001yxdjc2chwm57	cmh3v0ihb0003b1yi2990lnq5	cmh3v0ilx0016b1yivawkc67l	2.00	2025-07-28 00:00:00	2025-09-01 00:00:00	2025-W31	2025-W36	ACTIVE	2025-10-23 20:13:22.686	2025-10-23 23:36:12.866	LOTE-512-EB-31-36-VI-25
cmh3v0kjm00hjb1yireeqj5xl	cmh3ira4m0000146d60lv420u	cmh3jojja0001yxdjc2chwm57	cmh3v0ihb0003b1yi2990lnq5	cmh3v0iyx004nb1yi2padh429	2.00	2025-09-01 00:00:00	2025-10-13 00:00:00	2025-W36	2025-W42	ACTIVE	2025-10-23 20:13:23.074	2025-10-23 23:36:13.525	LOTE-521-EB-36-42-VI-25
cmh3v0kjx00hlb1yizj6bw8hr	cmh3ira4m0000146d60lv420u	cmh3jojja0001yxdjc2chwm57	cmh3v0ihb0003b1yi2990lnq5	cmh3v0izh004rb1yiyfl813g4	1.45	2025-09-01 00:00:00	2025-10-13 00:00:00	2025-W36	2025-W42	ACTIVE	2025-10-23 20:13:23.086	2025-10-23 23:36:13.542	LOTE-522-EB-36-42-VI-25
cmh3v0kkc00hnb1yidxcxju81	cmh3ira4m0000146d60lv420u	cmh3jojja0001yxdjc2chwm57	cmh3v0ikx000wb1yior0uo1pl	cmh3v0jpy00bbb1yiuqneb1a7	2.00	2025-09-01 00:00:00	2025-09-22 00:00:00	2025-W36	2025-W39	ACTIVE	2025-10-23 20:13:23.1	2025-10-23 23:36:13.561	LOTE-437-EB-36-42-PR-25
cmh3v0kks00hpb1yixu33s202	cmh3ira4m0000146d60lv420u	cmh3jq5rp0003yxdj8pxj0lzv	cmh3v0ikx000wb1yior0uo1pl	cmh3v0jla00a8b1yi6k411jov	1.99	2025-09-01 00:00:00	2025-09-22 00:00:00	2025-W36	2025-W39	ACTIVE	2025-10-23 20:13:23.117	2025-10-23 23:36:13.582	LOTE-438-EB-36-42-PR-25
cmh3v0kl800htb1yihqjdee22	cmh3ira4m0000146d60lv420u	cmh3jq5rp0003yxdj8pxj0lzv	cmh3v0ij7000gb1yi0d87jbmv	cmh3v0kl100hrb1yi2r0h030r	2.00	2025-09-01 00:00:00	2025-10-20 00:00:00	2025-W36	2025-W43	ACTIVE	2025-10-23 20:13:23.132	2025-10-23 23:36:13.601	LOTE-271-EB-36-43-CP-25
cmh3v0kll00hxb1yi1xlp4b3e	cmh3ira4m0000146d60lv420u	cmh3jq5rp0003yxdj8pxj0lzv	cmh3v0ij7000gb1yi0d87jbmv	cmh3v0klh00hvb1yiicf7u6g0	1.81	2025-09-01 00:00:00	2025-10-20 00:00:00	2025-W36	2025-W43	ACTIVE	2025-10-23 20:13:23.145	2025-10-23 23:36:13.618	LOTE-272-EB-36-43-CP-25
cmh3v0klu00hzb1yi7lk5b0qe	cmh3v0ikf000tb1yimyau3cpe	cmh3v0iko000vb1yikfndymlt	cmh3v0ij7000gb1yi0d87jbmv	cmh3v0jt100c3b1yi96wa1g0f	1.00	2025-09-01 00:00:00	2025-10-20 00:00:00	2025-W36	2025-W43	ACTIVE	2025-10-23 20:13:23.154	2025-10-23 23:36:13.636	LOTE-275-BL-36-43-CP-25
cmh3v0kme00i5b1yi808tnlef	cmh3q6p2k000012ppp0cgaljt	cmh3v0km000i1b1yiaq0lob98	cmh3v0jm200afb1yijc9ipp7m	cmh3v0km600i3b1yiv5vftmin	0.37	2025-09-01 00:00:00	2025-10-06 00:00:00	2025-W36	2025-W41	ACTIVE	2025-10-23 20:13:23.174	2025-10-23 23:36:13.651	LOTE-711-CL-36-41-IN-25
cmh3v0kmq00i7b1yinvpze154	cmh3ira4m0000146d60lv420u	cmh3jojja0001yxdjc2chwm57	cmh3v0ihb0003b1yi2990lnq5	cmh3v0j4v0064b1yiu0l33kez	2.00	2025-09-08 00:00:00	2025-10-20 00:00:00	2025-W37	2025-W43	ACTIVE	2025-10-23 20:13:23.187	2025-10-23 23:36:13.667	LOTE-523-EB-37-43-VI-25
cmh3v0kn200i9b1yisyh1w17g	cmh3ira4m0000146d60lv420u	cmh3jojja0001yxdjc2chwm57	cmh3v0ihb0003b1yi2990lnq5	cmh3v0j5b0068b1yien8i791z	1.60	2025-09-08 00:00:00	2025-10-20 00:00:00	2025-W37	2025-W43	ACTIVE	2025-10-23 20:13:23.198	2025-10-23 23:36:13.683	LOTE-524-EB-37-43-VI-25
cmh3v0kno00idb1yimffq1hxi	cmh3ira4m0000146d60lv420u	cmh3jojja0001yxdjc2chwm57	cmh3v0ij7000gb1yi0d87jbmv	cmh3v0knd00ibb1yiim5quo9k	2.00	2025-09-08 00:00:00	2025-10-27 00:00:00	2025-W37	2025-W44	ACTIVE	2025-10-23 20:13:23.22	2025-10-23 23:36:13.704	LOTE-265-EB-37-44-CP-25
cmh3v0ko000ihb1yi2gwogo30	cmh3ira4m0000146d60lv420u	cmh3jq5rp0003yxdj8pxj0lzv	cmh3v0ij7000gb1yi0d87jbmv	cmh3v0knv00ifb1yivhvjtw1z	2.29	2025-09-08 00:00:00	2025-10-27 00:00:00	2025-W37	2025-W44	ACTIVE	2025-10-23 20:13:23.232	2025-10-23 23:36:13.722	LOTE-266-EB-37-44-CP-25
cmh3v0ko900ijb1yihhhh5jxm	cmh3ira4m0000146d60lv420u	cmh3jq5rp0003yxdj8pxj0lzv	cmh3v0ikx000wb1yior0uo1pl	cmh3v0js600bvb1yiz22yq4c2	2.00	2025-09-08 00:00:00	2025-09-22 00:00:00	2025-W37	2025-W39	ACTIVE	2025-10-23 20:13:23.241	2025-10-23 23:36:13.742	LOTE-435-EB-37-43-PR-25
cmh3v0kog00ilb1yirpsomqiv	cmh3ira4m0000146d60lv420u	cmh3jq5rp0003yxdj8pxj0lzv	cmh3v0ikx000wb1yior0uo1pl	cmh3v0jso00bzb1yis2xvvtu9	1.95	2025-09-08 00:00:00	2025-09-22 00:00:00	2025-W37	2025-W39	ACTIVE	2025-10-23 20:13:23.248	2025-10-23 23:36:13.765	LOTE-436-EB-37-43-PR-25
cmh3v0koo00inb1yih5jdzh94	cmh3v0ikf000tb1yimyau3cpe	cmh3v0iko000vb1yikfndymlt	cmh3v0ikx000wb1yior0uo1pl	cmh3v0jvq00cpb1yip41dn2be	1.37	2025-09-08 00:00:00	2025-10-20 00:00:00	2025-W37	2025-W43	ACTIVE	2025-10-23 20:13:23.256	2025-10-23 23:36:13.79	LOTE-447-BL-37-43-PR-25
cmh3v0kov00ipb1yiek3gozss	cmh3q6p2k000012ppp0cgaljt	cmh3v0km000i1b1yiaq0lob98	cmh3v0jm200afb1yijc9ipp7m	cmh3v0jmb00ahb1yijf87sr16	0.35	2025-09-08 00:00:00	2025-10-13 00:00:00	2025-W37	2025-W42	ACTIVE	2025-10-23 20:13:23.263	2025-10-23 23:36:13.808	LOTE-712-CL-37-42-IN-25
cmh3v0kp300irb1yi1fxqpr6x	cmh3ira4m0000146d60lv420u	cmh3jojja0001yxdjc2chwm57	cmh3v0ihb0003b1yi2990lnq5	cmh3v0irr002rb1yiuu782c1u	2.00	2025-09-15 00:00:00	2025-11-03 00:00:00	2025-W38	2025-W45	ACTIVE	2025-10-23 20:13:23.272	2025-10-23 23:36:13.826	LOTE-540-EB-38-45-VI-25
cmh3v0kpd00itb1yia2n7ymfh	cmh3ira4m0000146d60lv420u	cmh3jojja0001yxdjc2chwm57	cmh3v0ihb0003b1yi2990lnq5	cmh3v0iqu002jb1yif7brjkaj	2.00	2025-09-15 00:00:00	2025-11-03 00:00:00	2025-W38	2025-W45	ACTIVE	2025-10-23 20:13:23.281	2025-10-23 23:36:13.842	LOTE-541-EB-38-45-VI-25
cmh3v0kpo00ivb1yi2dktsfxc	cmh3ira4m0000146d60lv420u	cmh3jojja0001yxdjc2chwm57	cmh3v0ihb0003b1yi2990lnq5	cmh3v0ir9002nb1yi03twlno4	1.63	2025-09-15 00:00:00	2025-11-03 00:00:00	2025-W38	2025-W45	ACTIVE	2025-10-23 20:13:23.292	2025-10-23 23:36:13.86	LOTE-542-EB-38-45-VI-25
cmh3v0kq000ixb1yi11pbay9o	cmh3ira4m0000146d60lv420u	cmh3jq5rp0003yxdj8pxj0lzv	cmh3v0ikx000wb1yior0uo1pl	cmh3v0jwr00czb1yic3du3rsm	2.00	2025-09-15 00:00:00	2025-09-22 00:00:00	2025-W38	2025-W39	ACTIVE	2025-10-23 20:13:23.304	2025-10-23 23:36:13.875	LOTE-433-EB-38-44-PR-25
cmh3v0kqe00izb1yigw656u38	cmh3ira4m0000146d60lv420u	cmh3jq5rp0003yxdj8pxj0lzv	cmh3v0ikx000wb1yior0uo1pl	cmh3v0k0d00drb1yi2o3u6afk	2.00	2025-09-15 00:00:00	2025-09-22 00:00:00	2025-W38	2025-W39	ACTIVE	2025-10-23 20:13:23.318	2025-10-23 23:36:13.892	LOTE-434-EB-38-44-PR-25
cmh3v0kqx00j3b1yid1x66cam	cmh3ira4m0000146d60lv420u	cmh3jojja0001yxdjc2chwm57	cmh3v0ij7000gb1yi0d87jbmv	cmh3v0kqs00j1b1yi650pvyxf	2.35	2025-09-15 00:00:00	2025-11-03 00:00:00	2025-W38	2025-W45	ACTIVE	2025-10-23 20:13:23.337	2025-10-23 23:36:13.909	LOTE-274-EB-38-45-CP-25
cmh3v0krc00j7b1yi2dlcisyg	cmh3ira4m0000146d60lv420u	cmh3jojja0001yxdjc2chwm57	cmh3v0ihb0003b1yi2990lnq5	cmh3v0j5t006cb1yime3ldy27	2.00	2025-09-22 00:00:00	2025-11-03 00:00:00	2025-W39	2025-W45	ACTIVE	2025-10-23 20:13:23.353	2025-10-23 23:36:13.946	LOTE-525-EB-39-45-VI-25
cmh3v0krj00j9b1yig5c687kd	cmh3ira4m0000146d60lv420u	cmh3jojja0001yxdjc2chwm57	cmh3v0ihb0003b1yi2990lnq5	cmh3v0k3400edb1yisc1402sf	2.00	2025-09-22 00:00:00	2025-11-03 00:00:00	2025-W39	2025-W45	ACTIVE	2025-10-23 20:13:23.359	2025-10-23 23:36:13.967	LOTE-526-EB-39-45-VI-25
cmh3v0krp00jbb1yikwb1z7vf	cmh3ira4m0000146d60lv420u	cmh3jq5rp0003yxdj8pxj0lzv	cmh3v0ihb0003b1yi2990lnq5	cmh3v0iwz0045b1yi0d5fipmk	2.00	2025-09-22 00:00:00	2025-11-03 00:00:00	2025-W39	2025-W45	ACTIVE	2025-10-23 20:13:23.366	2025-10-23 23:36:13.991	LOTE-539-EB-39-45-VI-25
cmh3v0krx00jdb1yi4v0vgq2f	cmh3ira4m0000146d60lv420u	cmh3jq5rp0003yxdj8pxj0lzv	cmh3v0ikx000wb1yior0uo1pl	cmh3v0il8000yb1yiok2dxhfl	2.00	2025-09-22 00:00:00	2025-11-03 00:00:00	2025-W39	2025-W45	ACTIVE	2025-10-23 20:13:23.373	2025-10-23 23:36:14.017	LOTE-415-EB-39-45-PR-25
cmh3v0ks500jfb1yiwz78nxt3	cmh3ira4m0000146d60lv420u	cmh3jojja0001yxdjc2chwm57	cmh3v0ikx000wb1yior0uo1pl	cmh3v0jy500d9b1yitvopps5z	2.00	2025-09-22 00:00:00	2025-11-03 00:00:00	2025-W39	2025-W45	ACTIVE	2025-10-23 20:13:23.382	2025-10-23 23:36:14.035	LOTE-416-EB-39-45-PR-25
cmh3v0kr500j5b1yirj33l20q	cmh3v0ikf000tb1yimyau3cpe	cmh3v0iko000vb1yikfndymlt	cmh3v0ikx000wb1yior0uo1pl	cmh3v0ith0039b1yi2smxr15x	1.25	2025-09-15 00:00:00	2025-10-27 00:00:00	2025-W36	2025-W42	ACTIVE	2025-10-23 20:13:23.345	2025-10-27 23:26:34.362	LOTE-426-BL-38-44-PR-25
cmh3v0ki700h7b1yil3qafxl7	cmh3ira4m0000146d60lv420u	cmh3jq5rp0003yxdj8pxj0lzv	cmh3v0ij7000gb1yi0d87jbmv	cmh3v0iw5003xb1yin77mdzg7	1.69	2025-08-25 00:00:00	2025-10-06 00:00:00	2025-W35	2025-W41	ACTIVE	2025-10-23 20:13:23.024	2025-10-23 23:36:13.469	LOTE-253-EB-35-42-CP-25
cmh3v0kij00hbb1yil0x3r968	cmh3ira4m0000146d60lv420u	cmh3jq5rp0003yxdj8pxj0lzv	cmh3v0ikx000wb1yior0uo1pl	cmh3v0kig00h9b1yii7ck56gr	2.00	2025-08-25 00:00:00	2025-10-06 00:00:00	2025-W35	2025-W41	ACTIVE	2025-10-23 20:13:23.036	2025-10-23 23:36:13.484	LOTE-444-EB-35-41-PR-25
cmh3v0kja00hhb1yi09x1e4zm	cmh3v0ikf000tb1yimyau3cpe	cmh3v0iko000vb1yikfndymlt	cmh3v0ikx000wb1yior0uo1pl	cmh3v0k2l00e9b1yi43hzwt1z	1.40	2025-08-25 00:00:00	2025-10-06 00:00:00	2025-W35	2025-W41	ACTIVE	2025-10-23 20:13:23.063	2025-10-23 23:36:13.511	LOTE-446-BL-35-41-PR-25
cmh3v0ku800jvb1yi1fpy0kep	cmh3ira4m0000146d60lv420u	cmh3jq5rp0003yxdj8pxj0lzv	cmh3v0ihb0003b1yi2990lnq5	cmh3v0iwn0041b1yieljuai0a	1.14	2025-09-29 00:00:00	2025-11-17 00:00:00	2025-W40	2025-W47	ACTIVE	2025-10-23 20:13:23.456	2025-10-23 23:36:14.162	LOTE-538-EB-40-47-VI-25
cmh3v0ktz00jtb1yi6wu8nry8	cmh3ira4m0000146d60lv420u	cmh3jojja0001yxdjc2chwm57	cmh3v0ihb0003b1yi2990lnq5	cmh3v0j2m005lb1yib6no4wwm	2.00	2025-09-29 00:00:00	2025-11-17 00:00:00	2025-W40	2025-W47	ACTIVE	2025-10-23 20:13:23.447	2025-10-23 23:36:14.129	LOTE-537-EB-40-47-VI-25
cmh3v0kuy00jzb1yi3zct24m9	cmh3ira4m0000146d60lv420u	cmh3jojja0001yxdjc2chwm57	cmh3v0ij7000gb1yi0d87jbmv	cmh3v0kus00jxb1yieqotn7dq	1.96	2025-09-29 00:00:00	2025-11-17 00:00:00	2025-W40	2025-W47	ACTIVE	2025-10-23 20:13:23.482	2025-10-23 23:36:14.178	LOTE-262-EB-40-47-CP-25
cmh3v0kv800k1b1yib9s14fdq	cmh3q6p2k000012ppp0cgaljt	cmh3v0km000i1b1yiaq0lob98	cmh3v0jm200afb1yijc9ipp7m	cmh3v0jxj00d5b1yinea8o9qo	0.32	2025-09-29 00:00:00	2025-11-03 00:00:00	2025-W40	2025-W45	ACTIVE	2025-10-23 20:13:23.493	2025-10-23 23:36:14.192	LOTE-713-CL-40-45-IN-25
cmh3v0kvi00k3b1yiphwvuipc	cmh3q6p2k000012ppp0cgaljt	cmh3v0km000i1b1yiaq0lob98	cmh3v0ij7000gb1yi0d87jbmv	cmh3v0kus00jxb1yieqotn7dq	1.43	2025-09-29 00:00:00	2025-11-17 00:00:00	2025-W40	2025-W47	ACTIVE	2025-10-23 20:13:23.503	2025-10-23 23:36:14.212	LOTE-262-CL-40-47-CP-25
cmh3v0kvt00k5b1yiu43dvvrf	cmh3ira4m0000146d60lv420u	cmh3jojja0001yxdjc2chwm57	cmh3v0ihb0003b1yi2990lnq5	cmh3v0im7001ab1yim7m18snd	2.00	2025-10-06 00:00:00	2025-11-24 00:00:00	2025-W41	2025-W48	ACTIVE	2025-10-23 20:13:23.513	2025-10-23 23:36:14.234	LOTE-513-EB-41-48-VI-25
cmh3v0kw400k7b1yi8j5kk2dz	cmh3ira4m0000146d60lv420u	cmh3jojja0001yxdjc2chwm57	cmh3v0ihb0003b1yi2990lnq5	cmh3v0j9q0078b1yimahukcfv	2.00	2025-10-06 00:00:00	2025-11-24 00:00:00	2025-W41	2025-W48	ACTIVE	2025-10-23 20:13:23.524	2025-10-23 23:36:14.255	LOTE-532-EB-41-48-VI-25
cmh3v0kwh00k9b1yic449hrhd	cmh3ira4m0000146d60lv420u	cmh3jq5rp0003yxdj8pxj0lzv	cmh3v0ihb0003b1yi2990lnq5	cmh3v0jaf007cb1yitr5p9zcw	2.00	2025-10-06 00:00:00	2025-11-24 00:00:00	2025-W41	2025-W48	ACTIVE	2025-10-23 20:13:23.538	2025-10-23 23:36:14.274	LOTE-533-EB-41-48-VI-25
cmh3v0kx800kdb1yizf3duudn	cmh3v0ikf000tb1yimyau3cpe	cmh3v0iko000vb1yikfndymlt	cmh3v0ihb0003b1yi2990lnq5	cmh3v0jd10080b1yijnoh796d	1.42	2025-10-06 00:00:00	2025-11-17 00:00:00	2025-W41	2025-W47	ACTIVE	2025-10-23 20:13:23.565	2025-10-23 23:36:14.376	LOTE-515-BL-41-47-VI-25
cmh3v0kxo00khb1yixiee8yo4	cmh3rdhnv001c5npe8kzf0osx	cmh3v0ioi001yb1yidu867red	cmh3v0jm200afb1yijc9ipp7m	cmh3v0kxi00kfb1yiv87gsx81	0.50	2025-10-06 00:00:00	2025-11-10 00:00:00	2025-W41	2025-W46	ACTIVE	2025-10-23 20:13:23.58	2025-10-23 23:36:14.392	LOTE-714-AR-41-46-IN-25
cmh3v0ky100klb1yiigg9io5f	cmh3q6p2k000012ppp0cgaljt	cmh3v0km000i1b1yiaq0lob98	cmh3v0ij7000gb1yi0d87jbmv	cmh3v0kxv00kjb1yiemkqqh1t	1.50	2025-10-06 00:00:00	2025-11-24 00:00:00	2025-W41	2025-W48	ACTIVE	2025-10-23 20:13:23.593	2025-10-23 23:36:14.409	LOTE-214-CL-41-48-CP-25
cmh3v0ky900knb1yicc5cl64d	cmh3rdhnv001c5npe8kzf0osx	cmh3v0ioi001yb1yidu867red	cmh3v0ihb0003b1yi2990lnq5	cmh3v0jdd0084b1yit70smnvv	1.47	2025-10-06 00:00:00	2025-11-24 00:00:00	2025-W41	2025-W48	ACTIVE	2025-10-23 20:13:23.602	2025-10-23 23:36:14.425	LOTE-516-AR-41-48-VI-25
cmh3v0kyl00kpb1yi8iwqvrpn	cmh3ira4m0000146d60lv420u	cmh3jojja0001yxdjc2chwm57	cmh3v0ij7000gb1yi0d87jbmv	cmh3v0isx0033b1yiqgkenvs3	2.00	2025-10-13 00:00:00	2025-11-24 00:00:00	2025-W42	2025-W48	ACTIVE	2025-10-23 20:13:23.613	2025-10-23 23:36:14.441	LOTE-255-EB-42-48-CP-25
cmh3v0kz500ktb1yisjmvwaje	cmh3ira4m0000146d60lv420u	cmh3jojja0001yxdjc2chwm57	cmh3v0ij7000gb1yi0d87jbmv	cmh3v0kyx00krb1yinadndcai	2.00	2025-10-13 00:00:00	2025-11-24 00:00:00	2025-W42	2025-W48	ACTIVE	2025-10-23 20:13:23.633	2025-10-23 23:36:14.459	LOTE-234-EB-42-48-CP-25
cmh3v0kzv00kxb1yiahovc33l	cmh3ira4m0000146d60lv420u	cmh3jq5rp0003yxdj8pxj0lzv	cmh3v0ij7000gb1yi0d87jbmv	cmh3v0kzh00kvb1yi8b8ghovd	2.00	2025-10-13 00:00:00	2025-11-24 00:00:00	2025-W42	2025-W48	ACTIVE	2025-10-23 20:13:23.66	2025-10-23 23:36:14.479	LOTE-235-EB-42-48-CP-25
cmh3v0l0400kzb1yienqij1ez	cmh3ira4m0000146d60lv420u	cmh3jojja0001yxdjc2chwm57	cmh3v0ikx000wb1yior0uo1pl	cmh3v0j03004zb1yirklhszjb	2.00	2025-10-13 00:00:00	2025-11-24 00:00:00	2025-W42	2025-W48	ACTIVE	2025-10-23 20:13:23.668	2025-10-23 23:36:14.5	LOTE-429-EB-42-48-PR-25
cmh3v0l0e00l1b1yiesh0qntc	cmh3ira4m0000146d60lv420u	cmh3jq5rp0003yxdj8pxj0lzv	cmh3v0ikx000wb1yior0uo1pl	cmh3v0jen008ib1yi0xm4vqdc	2.00	2025-10-13 00:00:00	2025-11-24 00:00:00	2025-W42	2025-W48	ACTIVE	2025-10-23 20:13:23.679	2025-10-23 23:36:14.523	LOTE-431-EB-42-48-PR-25
cmh3v0l0n00l3b1yis9ugh8aa	cmh3ira4m0000146d60lv420u	cmh3jq5rp0003yxdj8pxj0lzv	cmh3v0ikx000wb1yior0uo1pl	cmh3v0jv200cjb1yidyc68cxe	2.00	2025-10-13 00:00:00	2025-11-24 00:00:00	2025-W42	2025-W48	ACTIVE	2025-10-23 20:13:23.688	2025-10-23 23:36:14.552	LOTE-432-EB-42-48-PR-25
cmh3v0l1100l7b1yird6teylj	cmh3v0ikf000tb1yimyau3cpe	cmh3v0iko000vb1yikfndymlt	cmh3v0ioo001zb1yioww7p28y	cmh3v0l0x00l5b1yiwhlpbewd	2.00	2025-10-13 00:00:00	2025-11-17 00:00:00	2025-W42	2025-W47	ACTIVE	2025-10-23 20:13:23.702	2025-10-23 23:36:14.576	LOTE-145-BL-42-47-AT-25
cmh3v0l1d00l9b1yihniaaf4h	cmh3q6p2k000012ppp0cgaljt	cmh3v0km000i1b1yiaq0lob98	cmh3v0ij7000gb1yi0d87jbmv	cmh3v0j1a0059b1yiynhuu6ym	1.50	2025-10-13 00:00:00	2025-12-01 00:00:00	2025-W42	2025-W49	ACTIVE	2025-10-23 20:13:23.714	2025-10-23 23:36:14.592	LOTE-211-CL-42-49-CP-25
cmh3v0l1q00lbb1yiv1r6bjkt	cmh3rdhnv001c5npe8kzf0osx	cmh3v0ioi001yb1yidu867red	cmh3v0ioo001zb1yioww7p28y	cmh3v0jo300axb1yi350tgwcp	1.50	2025-10-13 00:00:00	2025-11-17 00:00:00	2025-W42	2025-W47	ACTIVE	2025-10-23 20:13:23.727	2025-10-23 23:36:14.624	LOTE-143-AR-42-47-AT-25
cmh3v0l2100ldb1yiwk37il52	cmh3ira4m0000146d60lv420u	cmh3jojja0001yxdjc2chwm57	cmh3v0ij7000gb1yi0d87jbmv	cmh3v0j1a0059b1yiynhuu6ym	2.00	2025-10-20 00:00:00	2025-12-01 00:00:00	2025-W43	2025-W49	ACTIVE	2025-10-23 20:13:23.737	2025-10-23 23:36:14.649	LOTE-211-EB-43-49-CP-25
cmh3v0l2d00lfb1yilq0dw90k	cmh3ira4m0000146d60lv420u	cmh3jojja0001yxdjc2chwm57	cmh3v0ij7000gb1yi0d87jbmv	cmh3v0j0g0053b1yibp69kux2	2.00	2025-10-20 00:00:00	2025-12-01 00:00:00	2025-W43	2025-W49	ACTIVE	2025-10-23 20:13:23.75	2025-10-23 23:36:14.676	LOTE-212-EB-43-49-CP-25
cmh3v0l2r00lhb1yiyd77hw54	cmh3ira4m0000146d60lv420u	cmh3jojja0001yxdjc2chwm57	cmh3v0ij7000gb1yi0d87jbmv	cmh3v0ijc000ib1yiav5891wr	2.00	2025-10-20 00:00:00	2025-12-01 00:00:00	2025-W43	2025-W49	ACTIVE	2025-10-23 20:13:23.763	2025-10-23 23:36:14.691	LOTE-213-EB-43-49-CP-25
cmh3v0l3d00llb1yi5wothihv	cmh3ira4m0000146d60lv420u	cmh3jq5rp0003yxdj8pxj0lzv	cmh3v0ikx000wb1yior0uo1pl	cmh3v0l3400ljb1yibd46hgu0	2.00	2025-10-20 00:00:00	2025-12-01 00:00:00	2025-W43	2025-W49	ACTIVE	2025-10-23 20:13:23.786	2025-10-23 23:36:14.709	LOTE-451-EB-43-49-PR-25
cmh3v0l3s00lpb1yitptz59re	cmh3ira4m0000146d60lv420u	cmh3jq5rp0003yxdj8pxj0lzv	cmh3v0ikx000wb1yior0uo1pl	cmh3v0l3m00lnb1yi3jy8nk5r	2.00	2025-10-20 00:00:00	2025-12-01 00:00:00	2025-W43	2025-W49	ACTIVE	2025-10-23 20:13:23.8	2025-10-23 23:36:14.727	LOTE-452-EB-43-49-PR-25
cmh3v0l4000lrb1yimzk73324	cmh3v0ikf000tb1yimyau3cpe	cmh3v0iko000vb1yikfndymlt	cmh3v0ioo001zb1yioww7p28y	cmh3v0jii009eb1yi0l93f3z9	2.00	2025-10-20 00:00:00	2025-11-24 00:00:00	2025-W43	2025-W48	ACTIVE	2025-10-23 20:13:23.809	2025-10-23 23:36:14.78	LOTE-129-BL-43-48-AT-25
cmh3v0l4g00lvb1yi891te5rn	cmh3v0ikf000tb1yimyau3cpe	cmh3v0iko000vb1yikfndymlt	cmh3v0ihb0003b1yi2990lnq5	cmh3v0l4a00ltb1yijyfpmbe3	2.00	2025-10-20 00:00:00	2025-12-01 00:00:00	2025-W43	2025-W49	ACTIVE	2025-10-23 20:13:23.825	2025-10-23 23:36:14.801	LOTE-811-BL-43-49-VI-25
cmh3v0kt300jnb1yidtu3v8bu	cmh3v0ikf000tb1yimyau3cpe	cmh3v0iko000vb1yikfndymlt	cmh3v0ij7000gb1yi0d87jbmv	cmh3v0ksu00jlb1yihpzvcv3u	1.19	2025-09-22 00:00:00	2025-11-10 00:00:00	2025-W39	2025-W46	ACTIVE	2025-10-23 20:13:23.415	2025-10-23 23:36:14.066	LOTE-273-BL-39-46-CP-25
cmh3v0ktg00jpb1yiz85ikbsc	cmh3ira4m0000146d60lv420u	cmh3jojja0001yxdjc2chwm57	cmh3v0ihb0003b1yi2990lnq5	cmh3v0j29005hb1yi6j5epudl	2.00	2025-09-29 00:00:00	2025-11-17 00:00:00	2025-W40	2025-W47	ACTIVE	2025-10-23 20:13:23.429	2025-10-23 23:36:14.082	LOTE-535-EB-40-47-VI-25
cmh3v0ktq00jrb1yiwc2w011q	cmh3ira4m0000146d60lv420u	cmh3jojja0001yxdjc2chwm57	cmh3v0ihb0003b1yi2990lnq5	cmh3v0j1x005db1yi9xreahaj	2.00	2025-09-29 00:00:00	2025-11-17 00:00:00	2025-W40	2025-W47	ACTIVE	2025-10-23 20:13:23.439	2025-10-23 23:36:14.1	LOTE-536-EB-40-47-VI-25
cmh3v0l5z00m5b1yi3lfg4ezr	cmh3rdhnv001c5npe8kzf0osx	\N	cmh3v0ioo001zb1yioww7p28y	cmh3v0iou0021b1yiz3uw56r2	1.50	2025-10-27 00:00:00	2025-12-01 00:00:00	2025-W44	2025-W49	ACTIVE	2025-10-23 20:13:23.879	2025-10-23 23:36:15.015	LOTE-142-AR-44-49-AT-25
cmh3v0l6k00m9b1yiytago270	cmh3q6p2k000012ppp0cgaljt	cmh3v0km000i1b1yiaq0lob98	cmh3v0ij7000gb1yi0d87jbmv	cmh3v0l6e00m7b1yi8hv8srmt	1.50	2025-11-03 00:00:00	2025-12-22 00:00:00	2025-W45	2025-W52	ACTIVE	2025-10-23 20:13:23.9	2025-10-23 23:36:15.15	LOTE-224-CL-45-52-CP-25
cmh3v0l6v00mbb1yiih0cpzdl	cmh3rdhnv001c5npe8kzf0osx	cmh3v0ioi001yb1yidu867red	cmh3v0ioo001zb1yioww7p28y	cmh3v0ixh004bb1yi3ira3fd7	1.50	2025-11-03 00:00:00	2025-12-08 00:00:00	2025-W45	2025-W50	ACTIVE	2025-10-23 20:13:23.911	2025-10-23 23:36:15.169	LOTE-144-AR-45-50-AT-25
cmh3v0l7400mdb1yi7th4rcww	cmh3rdhnv001c5npe8kzf0osx	cmh3v0ioi001yb1yidu867red	cmh3v0ioo001zb1yioww7p28y	cmh3v0iou0021b1yiz3uw56r2	2.00	2025-11-10 00:00:00	2025-12-15 00:00:00	2025-W46	2025-W51	ACTIVE	2025-10-23 20:13:23.92	2025-10-23 23:36:15.339	LOTE-142-AR-46-51-AT-25
cmh3v0l7g00mhb1yioot2p0hh	cmh3q6p2k000012ppp0cgaljt	cmh3v0km000i1b1yiaq0lob98	cmh3v0ij7000gb1yi0d87jbmv	cmh3v0l7c00mfb1yi4a125phd	1.50	2025-11-10 00:00:00	2025-12-29 00:00:00	2025-W46	2026-W01	ACTIVE	2025-10-23 20:13:23.932	2025-10-23 23:36:15.356	LOTE-225-CL-46-1-CP-25
cmh3v0l7q00mjb1yiot6dbvt9	cmh3rdhnv001c5npe8kzf0osx	cmh3v0ioi001yb1yidu867red	cmh3v0ioo001zb1yioww7p28y	cmh3v0ixh004bb1yi3ira3fd7	2.00	2025-11-17 00:00:00	2025-12-29 00:00:00	2025-W47	2026-W01	ACTIVE	2025-10-23 20:13:23.943	2025-10-23 23:36:15.544	LOTE-144-AR-47-1-AT-25
cmh3v0l8500mnb1yi900c5qus	cmh3q6p2k000012ppp0cgaljt	cmh3v0km000i1b1yiaq0lob98	cmh3v0ij7000gb1yi0d87jbmv	cmh3v0l7y00mlb1yilenwf3j9	1.50	2025-11-17 00:00:00	2026-01-12 00:00:00	2025-W47	2026-W03	ACTIVE	2025-10-23 20:13:23.957	2025-10-23 23:36:15.567	LOTE-232-CL-47-3-CP-25
cmh3v0l8m00mrb1yi014q3q7r	cmh3q6p2k000012ppp0cgaljt	cmh3v0km000i1b1yiaq0lob98	cmh3v0ij7000gb1yi0d87jbmv	cmh3v0l8e00mpb1yi7u1r56ky	1.50	2025-11-24 00:00:00	2026-01-19 00:00:00	2025-W48	2026-W04	ACTIVE	2025-10-23 20:13:23.975	2025-10-23 23:36:15.739	LOTE-233-CL-48-4-CP-25
cmh3v0l8y00mtb1yiog4ohklx	cmh3q6p2k000012ppp0cgaljt	cmh3v0km000i1b1yiaq0lob98	cmh3v0ij7000gb1yi0d87jbmv	cmh3v0kyx00krb1yinadndcai	1.50	2025-12-01 00:00:00	2026-01-26 00:00:00	2025-W49	2026-W05	ACTIVE	2025-10-23 20:13:23.986	2025-10-23 23:36:15.913	LOTE-234-CL-49-5-CP-25
cmh3v0l9d00mvb1yiqs666pvm	cmh3q6p2k000012ppp0cgaljt	cmh3v0km000i1b1yiaq0lob98	cmh3v0ij7000gb1yi0d87jbmv	cmh3v0kzh00kvb1yi8b8ghovd	1.50	2025-12-08 00:00:00	2026-02-09 00:00:00	2025-W50	2026-W07	ACTIVE	2025-10-23 20:13:24.001	2025-10-23 23:36:16.119	LOTE-235-CL-50-7-CP-25
cmh3v0l9m00mxb1yijcvr2koo	cmh3q6p2k000012ppp0cgaljt	cmh3v0km000i1b1yiaq0lob98	cmh3v0ij7000gb1yi0d87jbmv	cmh3v0isn002zb1yia79f3oka	1.50	2025-12-15 00:00:00	2026-02-16 00:00:00	2025-W51	2026-W08	ACTIVE	2025-10-23 20:13:24.01	2025-10-23 23:36:16.312	LOTE-254-CL-51-8-CP-25
cmh3v0lfb00npb1yi9c1fgfqe	cmh3rdinp00285npe2h0qvs1v	cmh3v0oh4011lb1yiuxacfl0t	cmh3v0ij7000gb1yi0d87jbmv	cmh3v0la200n3b1yiv2d167wb	0.28	2025-07-21 00:00:00	2025-09-08 00:00:00	2025-W28	2025-W35	ACTIVE	2025-10-23 20:13:24.216	2025-10-28 15:35:02.202	LOTE-292-KL-30-37-CP-25
cmh3v0l9x00n1b1yim6w5srp2	cmh3rdinp00285npe2h0qvs1v	cmh3v0oh4011lb1yiuxacfl0t	cmh3v0ij7000gb1yi0d87jbmv	cmh3v0l9s00mzb1yihe53te4p	0.72	2024-08-05 00:00:00	2025-05-26 00:00:00	2024-W31	2025-W20	ACTIVE	2025-10-23 20:13:24.021	2025-10-28 15:34:28.777	LOTE-290-KL-32-39-CP-24
cmh3v0lah00n9b1yipczkf4p4	cmh3ira4m0000146d60lv420u	cmh3v0jvl00cnb1yijgmvp3pr	cmh3v0ikx000wb1yior0uo1pl	cmh3v0lac00n7b1yi93dukil4	0.77	2025-06-09 00:00:00	2025-06-30 00:00:00	2025-W24	2025-W27	ACTIVE	2025-10-23 20:13:24.042	2025-10-23 23:36:16.371	LOTE-448-EB-24-30-PR-25
cmh3v0lar00nbb1yiiuzxvd37	cmh3v0ikf000tb1yimyau3cpe	cmh3v0iko000vb1yikfndymlt	cmh3v0jm200afb1yijc9ipp7m	cmh3v0kxi00kfb1yiv87gsx81	0.41	2025-06-23 00:00:00	2025-07-28 00:00:00	2025-W26	2025-W31	ACTIVE	2025-10-23 20:13:24.051	2025-10-23 23:36:16.395	LOTE-714-BL-26-31-IN-25
cmh3v0la500n5b1yingl7nl8w	cmh3rdinp00285npe2h0qvs1v	cmh3v0oh4011lb1yiuxacfl0t	cmh3v0ij7000gb1yi0d87jbmv	cmh3v0la200n3b1yiv2d167wb	1.58	2024-09-30 00:00:00	2025-05-26 00:00:00	2024-W39	2025-W20	ACTIVE	2025-10-23 20:13:24.03	2025-10-28 15:34:14.919	LOTE-292-KL-40-46-CP-24
cmh3v0lf500nnb1yi8s7hpuqd	cmh3rdinp00285npe2h0qvs1v	cmh3v0oh4011lb1yiuxacfl0t	cmh3v0ij7000gb1yi0d87jbmv	cmh3v0la200n3b1yiv2d167wb	0.83	2025-07-14 00:00:00	2025-09-01 00:00:00	2025-W27	2025-W34	ACTIVE	2025-10-23 20:13:24.21	2025-10-28 15:35:23.483	LOTE-292-KL-29-36-CP-25
cmh3v0lcd00nlb1yiy0y5p5sm	cmh3rdinp00285npe2h0qvs1v	cmh3v0oh4011lb1yiuxacfl0t	cmh3v0ij7000gb1yi0d87jbmv	cmh3v0lc800njb1yi79f0r7a3	0.71	2025-07-07 00:00:00	2025-08-25 00:00:00	2025-W26	2025-W33	ACTIVE	2025-10-23 20:13:24.109	2025-10-28 15:35:31.046	LOTE-282-KL-28-35-CP-25
cmh3v0lfi00nrb1yi82h4hqcz	cmh3q6p2k000012ppp0cgaljt	cmh3v0km000i1b1yiaq0lob98	cmh3v0ij7000gb1yi0d87jbmv	cmh3v0isx0033b1yiqgkenvs3	1.50	2025-12-22 00:00:00	2026-02-23 00:00:00	2025-W52	2026-W09	ACTIVE	2025-10-23 20:13:24.223	2025-10-23 23:36:16.77	LOTE-255-CL-52-9-CP-25
cmh3v0lfv00nvb1yi2a1y18ot	cmh3ira4m0000146d60lv420u	cmh3jojja0001yxdjc2chwm57	cmh3v0ikx000wb1yior0uo1pl	cmh3v0lfp00ntb1yi5vw4rqbo	2.00	2025-12-29 00:00:00	2026-02-23 00:00:00	2026-W01	2026-W09	ACTIVE	2025-10-23 20:13:24.236	2025-10-23 23:36:16.821	LOTE-411-EB-1-PR-26
cmh3v0lg500nxb1yisyazoc2t	cmh3ira4m0000146d60lv420u	cmh3jojja0001yxdjc2chwm57	cmh3v0ikx000wb1yior0uo1pl	cmh3v0j8n0070b1yitheozqxh	2.00	2025-12-29 00:00:00	2026-02-23 00:00:00	2026-W01	2026-W09	ACTIVE	2025-10-23 20:13:24.246	2025-10-23 23:36:16.847	LOTE-412-EB-1-PR-26
cmh3v0lgf00nzb1yiyl4f30q7	cmh3ira4m0000146d60lv420u	cmh3jojja0001yxdjc2chwm57	cmh3v0ikx000wb1yior0uo1pl	cmh3v0jfk008ob1yit70zkaah	2.00	2025-12-29 00:00:00	2026-02-23 00:00:00	2026-W01	2026-W09	ACTIVE	2025-10-23 20:13:24.256	2025-10-23 23:36:16.871	LOTE-413-EB-1-PR-26
cmh3v0lgq00o1b1yir1t62c7v	cmh3ira4m0000146d60lv420u	cmh3jojja0001yxdjc2chwm57	cmh3v0ij7000gb1yi0d87jbmv	cmh3v0j1a0059b1yiynhuu6ym	2.00	2025-12-29 00:00:00	2026-02-23 00:00:00	2026-W01	2026-W09	ACTIVE	2025-10-23 20:13:24.266	2025-10-23 23:36:16.891	LOTE-211-EB-1-CP-26
cmh3v0lh100o3b1yis29i4eyc	cmh3ira4m0000146d60lv420u	cmh3jq5rp0003yxdj8pxj0lzv	cmh3v0ij7000gb1yi0d87jbmv	cmh3v0j0g0053b1yibp69kux2	2.00	2025-12-29 00:00:00	2026-02-23 00:00:00	2026-W01	2026-W09	ACTIVE	2025-10-23 20:13:24.278	2025-10-23 23:36:16.91	LOTE-212-EB-1-CP-26
cmh3v0lhf00o5b1yijkjtv69i	cmh3ira4m0000146d60lv420u	cmh3jq5rp0003yxdj8pxj0lzv	cmh3v0ij7000gb1yi0d87jbmv	cmh3v0ijc000ib1yiav5891wr	2.00	2025-12-29 00:00:00	2026-02-23 00:00:00	2026-W01	2026-W09	ACTIVE	2025-10-23 20:13:24.292	2025-10-23 23:36:16.927	LOTE-213-EB-1-CP-26
cmh3v0lhr00o9b1yilm8km94g	cmh3ira4m0000146d60lv420u	cmh3jq5rp0003yxdj8pxj0lzv	cmh3v0ioo001zb1yioww7p28y	cmh3v0lhm00o7b1yighsu7ruz	2.00	2025-12-29 00:00:00	2026-02-16 00:00:00	2026-W01	2026-W08	ACTIVE	2025-10-23 20:13:24.304	2025-10-23 23:36:16.946	LOTE-100-EB-1-AT-26
cmh3v0lhz00obb1yixait3qit	cmh3rdhnv001c5npe8kzf0osx	cmh3v0ioi001yb1yidu867red	cmh3v0ioo001zb1yioww7p28y	cmh3v0jqh00bhb1yiu0gppjha	2.00	2025-12-29 00:00:00	2026-02-16 00:00:00	2026-W01	2026-W08	ACTIVE	2025-10-23 20:13:24.311	2025-10-23 23:36:16.967	LOTE-138-AR-1-AT-26
cmh3v0lc100nhb1yicex6bqyw	cmh3rdinp00285npe2h0qvs1v	cmh3v0oh4011lb1yiuxacfl0t	cmh3v0ij7000gb1yi0d87jbmv	cmh3v0lbd00ndb1yi3rejjy8d	0.77	2025-06-30 00:00:00	2025-08-18 00:00:00	2025-W25	2025-W32	ACTIVE	2025-10-23 20:13:24.098	2025-10-27 17:39:38.198	LOTE-283-KL-27-34-CP-25
cmh3v0l4w00lzb1yidhz5ffbi	cmh3q6p2k000012ppp0cgaljt	cmh3v0km000i1b1yiaq0lob98	cmh3v0ij7000gb1yi0d87jbmv	cmh3v0l4p00lxb1yia89yg0aw	1.50	2025-10-20 00:00:00	2025-12-08 00:00:00	2025-W43	2025-W50	ACTIVE	2025-10-23 20:13:23.841	2025-10-23 23:36:14.817	LOTE-222-CL-43-50-CP-25
cmh3v0l5900m1b1yi1e2o2fj5	cmh3rdhnv001c5npe8kzf0osx	cmh3v0ioi001yb1yidu867red	cmh3v0ioo001zb1yioww7p28y	cmh3v0jiz009kb1yiaoztkd18	1.50	2025-10-20 00:00:00	2025-11-24 00:00:00	2025-W43	2025-W48	ACTIVE	2025-10-23 20:13:23.853	2025-10-23 23:36:14.833	LOTE-140-AR-43-48-AT-25
cmh3v0l5m00m3b1yiubijuog6	cmh3q6p2k000012ppp0cgaljt	cmh3v0km000i1b1yiaq0lob98	cmh3v0ij7000gb1yi0d87jbmv	cmh3v0ijn000mb1yijkine9lm	1.50	2025-10-27 00:00:00	2025-12-15 00:00:00	2025-W44	2025-W51	ACTIVE	2025-10-23 20:13:23.866	2025-10-23 23:36:14.996	LOTE-223-CL-44-51-CP-25
cmh3v0ljg00onb1yi2thk3582	cmh3ira4m0000146d60lv420u	cmh3jojja0001yxdjc2chwm57	cmh3v0ij7000gb1yi0d87jbmv	cmh3v0kxv00kjb1yiemkqqh1t	1.75	2026-01-05 00:00:00	2026-03-02 00:00:00	2026-W02	2026-W10	ACTIVE	2025-10-23 20:13:24.364	2025-10-23 23:36:17.078	LOTE-214-EB-2-CP-26
cmh3v0lju00opb1yi3g84v0lk	cmh3ira4m0000146d60lv420u	cmh3jq5rp0003yxdj8pxj0lzv	cmh3v0ij7000gb1yi0d87jbmv	cmh3v0ik0000qb1yippfjzie8	2.00	2026-01-05 00:00:00	2026-03-02 00:00:00	2026-W02	2026-W10	ACTIVE	2025-10-23 20:13:24.378	2025-10-23 23:36:17.098	LOTE-221-EB-2-CP-26
cmh3v0lka00orb1yiun4gu5ch	cmh3ira4m0000146d60lv420u	cmh3jq5rp0003yxdj8pxj0lzv	cmh3v0ij7000gb1yi0d87jbmv	cmh3v0l4p00lxb1yia89yg0aw	2.00	2026-01-05 00:00:00	2026-03-02 00:00:00	2026-W02	2026-W10	ACTIVE	2025-10-23 20:13:24.394	2025-10-23 23:36:17.117	LOTE-222-EB-2-CP-26
cmh3v0lkq00otb1yiy0lirvoy	cmh3v0ikf000tb1yimyau3cpe	cmh3v0iko000vb1yikfndymlt	cmh3v0ioo001zb1yioww7p28y	cmh3v0lhm00o7b1yighsu7ruz	2.00	2026-01-05 00:00:00	2026-03-02 00:00:00	2026-W02	2026-W10	ACTIVE	2025-10-23 20:13:24.411	2025-10-23 23:36:17.136	LOTE-100-BL-2-AT-26
cmh3v0lky00ovb1yiw4ohvwss	cmh3ira4m0000146d60lv420u	cmh3jojja0001yxdjc2chwm57	cmh3v0ikx000wb1yior0uo1pl	cmh3v0k5400etb1yipw5t6zvy	2.00	2026-01-12 00:00:00	2026-03-09 00:00:00	2026-W03	2026-W11	ACTIVE	2025-10-23 20:13:24.418	2025-10-23 23:36:17.153	LOTE-417-EB-3-PR-26
cmh3v0ll700oxb1yidjho3w8b	cmh3ira4m0000146d60lv420u	cmh3jojja0001yxdjc2chwm57	cmh3v0ikx000wb1yior0uo1pl	cmh3v0j8b006wb1yizen00svb	2.18	2026-01-12 00:00:00	2026-03-09 00:00:00	2026-W03	2026-W11	ACTIVE	2025-10-23 20:13:24.427	2025-10-23 23:36:17.173	LOTE-418-EB-3-PR-26
cmh3v0lle00ozb1yitsgnec2t	cmh3ira4m0000146d60lv420u	cmh3jojja0001yxdjc2chwm57	cmh3v0ikx000wb1yior0uo1pl	cmh3v0k2500e5b1yixclzlwty	2.00	2026-01-12 00:00:00	2026-03-09 00:00:00	2026-W03	2026-W11	ACTIVE	2025-10-23 20:13:24.435	2025-10-23 23:36:17.192	LOTE-421-EB-3-PR-26
cmh3v0llm00p1b1yivesn1en9	cmh3ira4m0000146d60lv420u	cmh3jojja0001yxdjc2chwm57	cmh3v0ij7000gb1yi0d87jbmv	cmh3v0ijn000mb1yijkine9lm	2.00	2026-01-12 00:00:00	2026-03-09 00:00:00	2026-W03	2026-W11	ACTIVE	2025-10-23 20:13:24.442	2025-10-23 23:36:17.211	LOTE-223-EB-3-CP-26
cmh3v0lls00p3b1yidsagojvm	cmh3ira4m0000146d60lv420u	cmh3jq5rp0003yxdj8pxj0lzv	cmh3v0ij7000gb1yi0d87jbmv	cmh3v0l6e00m7b1yi8hv8srmt	2.00	2026-01-12 00:00:00	2026-03-09 00:00:00	2026-W03	2026-W11	ACTIVE	2025-10-23 20:13:24.449	2025-10-23 23:36:17.23	LOTE-224-EB-3-CP-26
cmh3v0lm000p5b1yi1gs3f15k	cmh3ira4m0000146d60lv420u	cmh3jq5rp0003yxdj8pxj0lzv	cmh3v0ij7000gb1yi0d87jbmv	cmh3v0l7c00mfb1yi4a125phd	2.70	2026-01-12 00:00:00	2026-03-09 00:00:00	2026-W03	2026-W11	ACTIVE	2025-10-23 20:13:24.456	2025-10-23 23:36:17.251	LOTE-225-EB-3-CP-26
cmh3v0lm800p7b1yiigvmjumv	cmh3v0ikf000tb1yimyau3cpe	cmh3v0iko000vb1yikfndymlt	cmh3v0ioo001zb1yioww7p28y	cmh3v0lhm00o7b1yighsu7ruz	2.00	2026-01-12 00:00:00	2026-03-09 00:00:00	2026-W03	2026-W11	ACTIVE	2025-10-23 20:13:24.464	2025-10-23 23:36:17.276	LOTE-100-BL-3-AT-26
cmh3v0lmi00p9b1yi8ilz38su	cmh3ira4m0000146d60lv420u	cmh3jojja0001yxdjc2chwm57	cmh3v0ioo001zb1yioww7p28y	cmh3v0lhm00o7b1yighsu7ruz	2.00	2026-01-19 00:00:00	2026-03-09 00:00:00	2026-W04	2026-W11	ACTIVE	2025-10-23 20:13:24.474	2025-10-23 23:36:17.305	LOTE-100-EB-4-AT-26
cmh3v0ln200pdb1yin0i6x4w0	cmh3ira4m0000146d60lv420u	cmh3jojja0001yxdjc2chwm57	cmh3v0ij7000gb1yi0d87jbmv	cmh3v0lmt00pbb1yil7ltslq5	2.00	2026-01-19 00:00:00	2026-03-16 00:00:00	2026-W04	2026-W12	ACTIVE	2025-10-23 20:13:24.495	2025-10-23 23:36:17.333	LOTE-231-EB-4-CP-26
cmh3v0lnh00pfb1yi0el0bf2c	cmh3ira4m0000146d60lv420u	cmh3jojja0001yxdjc2chwm57	cmh3v0ij7000gb1yi0d87jbmv	cmh3v0l7y00mlb1yilenwf3j9	2.00	2026-01-19 00:00:00	2026-03-16 00:00:00	2026-W04	2026-W12	ACTIVE	2025-10-23 20:13:24.509	2025-10-23 23:36:17.366	LOTE-232-EB-4-CP-26
cmh3v0lny00phb1yi19pnqs57	cmh3ira4m0000146d60lv420u	cmh3jq5rp0003yxdj8pxj0lzv	cmh3v0ij7000gb1yi0d87jbmv	cmh3v0l8e00mpb1yi7u1r56ky	2.00	2026-01-19 00:00:00	2026-03-16 00:00:00	2026-W04	2026-W12	ACTIVE	2025-10-23 20:13:24.527	2025-10-23 23:36:17.394	LOTE-233-EB-4-CP-26
cmh3v0lo700pjb1yiqczpw2dg	cmh3ira4m0000146d60lv420u	cmh3jq5rp0003yxdj8pxj0lzv	cmh3v0ikx000wb1yior0uo1pl	cmh3v0k4f00enb1yioyb9zta6	2.00	2026-01-19 00:00:00	2026-03-16 00:00:00	2026-W04	2026-W12	ACTIVE	2025-10-23 20:13:24.536	2025-10-23 23:36:17.426	LOTE-422-EB-4-PR-26
cmh3v0loh00plb1yiwbo6289m	cmh3ira4m0000146d60lv420u	cmh3jq5rp0003yxdj8pxj0lzv	cmh3v0ikx000wb1yior0uo1pl	cmh3v0k6h00f1b1yi22vspvet	2.00	2026-01-19 00:00:00	2026-03-16 00:00:00	2026-W04	2026-W12	ACTIVE	2025-10-23 20:13:24.545	2025-10-23 23:36:17.472	LOTE-423-EB-4-PR-26
cmh3v0loq00pnb1yi8xsf7m1r	cmh3v0ikf000tb1yimyau3cpe	cmh3v0iko000vb1yikfndymlt	cmh3v0ioo001zb1yioww7p28y	cmh3v0lhm00o7b1yighsu7ruz	2.00	2026-01-19 00:00:00	2026-03-16 00:00:00	2026-W04	2026-W12	ACTIVE	2025-10-23 20:13:24.555	2025-10-23 23:36:17.506	LOTE-100-BL-4-AT-26
cmh3v0lp600prb1yizlrs3mby	cmh3ira4m0000146d60lv420u	cmh3jojja0001yxdjc2chwm57	cmh3v0ij7000gb1yi0d87jbmv	cmh3v0kyx00krb1yinadndcai	2.00	2026-01-26 00:00:00	2026-03-23 00:00:00	2026-W05	2026-W13	ACTIVE	2025-10-23 20:13:24.57	2025-10-23 23:36:17.603	LOTE-234-EB-5-CP-26
cmh3v0lpg00ptb1yizycs06g3	cmh3ira4m0000146d60lv420u	cmh3jojja0001yxdjc2chwm57	cmh3v0ij7000gb1yi0d87jbmv	cmh3v0kzh00kvb1yi8b8ghovd	2.40	2026-01-26 00:00:00	2026-03-23 00:00:00	2026-W05	2026-W13	ACTIVE	2025-10-23 20:13:24.58	2025-10-23 23:36:17.652	LOTE-235-EB-5-CP-26
cmh3v0lpq00pvb1yis8nn623u	cmh3ira4m0000146d60lv420u	cmh3jq5rp0003yxdj8pxj0lzv	cmh3v0ij7000gb1yi0d87jbmv	cmh3v0in1001ib1yiv97p59tr	2.00	2026-01-26 00:00:00	2026-03-23 00:00:00	2026-W05	2026-W13	ACTIVE	2025-10-23 20:13:24.591	2025-10-23 23:36:17.73	LOTE-241-EB-5-CP-26
cmh3v0lq100pxb1yib3pwq96y	cmh3ira4m0000146d60lv420u	cmh3jq5rp0003yxdj8pxj0lzv	cmh3v0ikx000wb1yior0uo1pl	cmh3v0iqa002bb1yiollyq92h	2.00	2026-01-26 00:00:00	2026-03-23 00:00:00	2026-W05	2026-W13	ACTIVE	2025-10-23 20:13:24.602	2025-10-23 23:36:17.786	LOTE-424-EB-5-PR-26
cmh3v0lqd00pzb1yi90u08bhh	cmh3ira4m0000146d60lv420u	cmh3jq5rp0003yxdj8pxj0lzv	cmh3v0ikx000wb1yior0uo1pl	cmh3v0iqj002fb1yibyocx4xe	2.00	2026-01-26 00:00:00	2026-03-23 00:00:00	2026-W05	2026-W13	ACTIVE	2025-10-23 20:13:24.614	2025-10-23 23:36:17.828	LOTE-425-EB-5-PR-26
cmh3v0lqu00q1b1yi0b4d7e80	cmh3v0ikf000tb1yimyau3cpe	cmh3v0iko000vb1yikfndymlt	cmh3v0ikx000wb1yior0uo1pl	cmh3v0ith0039b1yi2smxr15x	2.00	2026-01-26 00:00:00	2026-03-23 00:00:00	2026-W05	2026-W13	ACTIVE	2025-10-23 20:13:24.63	2025-10-23 23:36:17.875	LOTE-426-BL-5-PR-26
cmh3v0lrb00q3b1yiqgqr06px	cmh3ira4m0000146d60lv420u	cmh3jojja0001yxdjc2chwm57	cmh3v0ikx000wb1yior0uo1pl	cmh3v0jen008ib1yi0xm4vqdc	2.00	2026-02-02 00:00:00	2026-03-30 00:00:00	2026-W06	2026-W14	ACTIVE	2025-10-23 20:13:24.647	2025-10-23 23:36:17.919	LOTE-431-EB-6-PR-26
cmh3v0lrl00q5b1yi8t1jr6ui	cmh3ira4m0000146d60lv420u	cmh3jojja0001yxdjc2chwm57	cmh3v0ikx000wb1yior0uo1pl	cmh3v0jv200cjb1yidyc68cxe	2.00	2026-02-02 00:00:00	2026-03-30 00:00:00	2026-W06	2026-W14	ACTIVE	2025-10-23 20:13:24.657	2025-10-23 23:36:17.959	LOTE-432-EB-6-PR-26
cmh3v0lrt00q7b1yi71wczcag	cmh3ira4m0000146d60lv420u	cmh3jojja0001yxdjc2chwm57	cmh3v0ij7000gb1yi0d87jbmv	cmh3v0inm001mb1yiqaeysmsq	2.00	2026-02-02 00:00:00	2026-03-30 00:00:00	2026-W06	2026-W14	ACTIVE	2025-10-23 20:13:24.665	2025-10-23 23:36:18.008	LOTE-242-EB-6-CP-26
cmh3v0ls000q9b1yiiixgjhfq	cmh3ira4m0000146d60lv420u	cmh3jq5rp0003yxdj8pxj0lzv	cmh3v0ij7000gb1yi0d87jbmv	cmh3v0iny001qb1yihbwfr76j	2.00	2026-02-02 00:00:00	2026-03-30 00:00:00	2026-W06	2026-W14	ACTIVE	2025-10-23 20:13:24.672	2025-10-23 23:36:18.04	LOTE-243-EB-6-CP-26
cmh3v0lik00ohb1yi1vubmuc9	cmh3ira4m0000146d60lv420u	cmh3jojja0001yxdjc2chwm57	cmh3v0ikx000wb1yior0uo1pl	cmh3v0jqs00blb1yizmisw1uj	2.00	2026-01-05 00:00:00	2026-03-02 00:00:00	2026-W02	2026-W10	ACTIVE	2025-10-23 20:13:24.332	2025-10-23 23:36:17.009	LOTE-414-EB-2-PR-26
cmh3v0liu00ojb1yiz9nitzpd	cmh3ira4m0000146d60lv420u	cmh3jojja0001yxdjc2chwm57	cmh3v0ikx000wb1yior0uo1pl	cmh3v0il8000yb1yiok2dxhfl	2.00	2026-01-05 00:00:00	2026-03-02 00:00:00	2026-W02	2026-W10	ACTIVE	2025-10-23 20:13:24.343	2025-10-23 23:36:17.03	LOTE-415-EB-2-PR-26
cmh3v0lj400olb1yixi3dodv8	cmh3ira4m0000146d60lv420u	cmh3jojja0001yxdjc2chwm57	cmh3v0ikx000wb1yior0uo1pl	cmh3v0jy500d9b1yitvopps5z	2.00	2026-01-05 00:00:00	2026-03-02 00:00:00	2026-W02	2026-W10	ACTIVE	2025-10-23 20:13:24.352	2025-10-23 23:36:17.058	LOTE-416-EB-2-PR-26
cmh3v0lw700r5b1yip4jss6j3	cmh3ira4m0000146d60lv420u	cmh3jojja0001yxdjc2chwm57	cmh3v0ihb0003b1yi2990lnq5	cmh3v0lw000r3b1yica7qoktx	2.00	2026-02-16 00:00:00	2026-04-13 00:00:00	2026-W08	2026-W16	ACTIVE	2025-10-23 20:13:24.824	2025-10-23 23:36:18.425	LOTE-100-EB-8-VI-26
cmh3v0m1900rxb1yiv8vlnmvi	cmh3ira4m0000146d60lv420u	cmh3jq5rp0003yxdj8pxj0lzv	cmh3v0ihb0003b1yi2990lnq5	cmh3v0lw000r3b1yica7qoktx	2.00	2026-03-02 00:00:00	2026-04-20 00:00:00	2026-W10	2026-W17	ACTIVE	2025-10-23 20:13:25.005	2025-10-23 23:36:18.809	LOTE-100-EB-10-VI-26
cmh3v0m0w00rtb1yiu99e6zsy	cmh3ira4m0000146d60lv420u	cmh3jojja0001yxdjc2chwm57	cmh3v0ikx000wb1yior0uo1pl	cmh3v0io8001ub1yi4ldbe3ob	2.00	2026-03-02 00:00:00	2026-04-20 00:00:00	2026-W10	2026-W17	ACTIVE	2025-10-23 20:13:24.992	2025-10-23 23:36:18.741	LOTE-441-EB-10-PR-26
cmh3v0m0f00rrb1yicrmwi9lj	cmh3ira4m0000146d60lv420u	cmh3jojja0001yxdjc2chwm57	cmh3v0ioo001zb1yioww7p28y	cmh3v0lhm00o7b1yighsu7ruz	2.00	2026-03-02 00:00:00	2026-04-13 00:00:00	2026-W10	2026-W16	ACTIVE	2025-10-23 20:13:24.976	2025-10-23 23:36:18.719	LOTE-100-EB-10-AT-26
cmh3v0m2000s1b1yib1shija1	cmh3ira4m0000146d60lv420u	cmh3jojja0001yxdjc2chwm57	cmh3v0ioo001zb1yioww7p28y	cmh3v0lhm00o7b1yighsu7ruz	2.00	2026-03-09 00:00:00	2026-04-13 00:00:00	2026-W11	2026-W16	ACTIVE	2025-10-23 20:13:25.033	2025-10-23 23:36:18.868	LOTE-100-EB-11-AT-26
cmh3v0m3b00s7b1yierknebvz	cmh3ira4m0000146d60lv420u	cmh3jq5rp0003yxdj8pxj0lzv	cmh3v0ihb0003b1yi2990lnq5	cmh3v0lw000r3b1yica7qoktx	2.00	2026-03-09 00:00:00	2026-04-27 00:00:00	2026-W11	2026-W18	ACTIVE	2025-10-23 20:13:25.08	2025-10-23 23:36:18.947	LOTE-100-EB-11-VI-26
cmh3v0ltp00qlb1yic7s3sgwz	cmh3ira4m0000146d60lv420u	cmh3jojja0001yxdjc2chwm57	cmh3v0ikx000wb1yior0uo1pl	cmh3v0jwr00czb1yic3du3rsm	2.00	2026-02-09 00:00:00	2026-04-06 00:00:00	2026-W07	2026-W15	ACTIVE	2025-10-23 20:13:24.733	2025-10-23 23:36:18.207	LOTE-433-EB-7-PR-26
cmh3v0lu400qnb1yie7pi00os	cmh3ira4m0000146d60lv420u	cmh3jojja0001yxdjc2chwm57	cmh3v0ikx000wb1yior0uo1pl	cmh3v0k0d00drb1yi2o3u6afk	2.00	2026-02-09 00:00:00	2026-04-06 00:00:00	2026-W07	2026-W15	ACTIVE	2025-10-23 20:13:24.748	2025-10-23 23:36:18.232	LOTE-434-EB-7-PR-26
cmh3v0luj00qpb1yic8pkqz2o	cmh3ira4m0000146d60lv420u	cmh3jojja0001yxdjc2chwm57	cmh3v0ij7000gb1yi0d87jbmv	cmh3v0ipw0027b1yi7is9ae2k	1.99	2026-02-09 00:00:00	2026-04-06 00:00:00	2026-W07	2026-W15	ACTIVE	2025-10-23 20:13:24.763	2025-10-23 23:36:18.254	LOTE-245-EB-7-CP-26
cmh3v0lur00qrb1yiltds3jcx	cmh3ira4m0000146d60lv420u	cmh3jq5rp0003yxdj8pxj0lzv	cmh3v0ij7000gb1yi0d87jbmv	cmh3v0ive003pb1yiwfvabazx	2.00	2026-02-09 00:00:00	2026-04-06 00:00:00	2026-W07	2026-W15	ACTIVE	2025-10-23 20:13:24.771	2025-10-23 23:36:18.276	LOTE-251-EB-7-CP-26
cmh3v0luz00qtb1yigmyskz49	cmh3ira4m0000146d60lv420u	cmh3jq5rp0003yxdj8pxj0lzv	cmh3v0ij7000gb1yi0d87jbmv	cmh3v0ivr003tb1yiszkqd06j	2.00	2026-02-09 00:00:00	2026-04-06 00:00:00	2026-W07	2026-W15	ACTIVE	2025-10-23 20:13:24.779	2025-10-23 23:36:18.297	LOTE-252-EB-7-CP-26
cmh3v0lv700qvb1yiyp5kj3y4	cmh3ira4m0000146d60lv420u	cmh3jq5rp0003yxdj8pxj0lzv	cmh3v0ioo001zb1yioww7p28y	cmh3v0lhm00o7b1yighsu7ruz	2.00	2026-02-09 00:00:00	2026-03-30 00:00:00	2026-W07	2026-W14	ACTIVE	2025-10-23 20:13:24.787	2025-10-23 23:36:18.326	LOTE-100-EB-7-AT-26
cmh3v0lve00qxb1yih7n9m6i0	cmh3rdhnv001c5npe8kzf0osx	cmh3v0ioi001yb1yidu867red	cmh3v0ioo001zb1yioww7p28y	cmh3v0lhm00o7b1yighsu7ruz	2.00	2026-02-09 00:00:00	2026-03-30 00:00:00	2026-W07	2026-W14	ACTIVE	2025-10-23 20:13:24.795	2025-10-23 23:36:18.352	LOTE-100-AR-7-AT-26
cmh3v0lvp00r1b1yim4cgeein	cmh3v0ikf000tb1yimyau3cpe	cmh3v0iko000vb1yikfndymlt	cmh3v0ikx000wb1yior0uo1pl	cmh3v0lvk00qzb1yijzf3ds1q	2.00	2026-02-09 00:00:00	2026-04-06 00:00:00	2026-W07	2026-W15	ACTIVE	2025-10-23 20:13:24.806	2025-10-23 23:36:18.377	LOTE-100-BL-7-PR-26
cmh3v0lww00r7b1yijre0vkgi	cmh3ira4m0000146d60lv420u	cmh3jojja0001yxdjc2chwm57	cmh3v0ikx000wb1yior0uo1pl	cmh3v0js600bvb1yiz22yq4c2	2.00	2026-02-16 00:00:00	2026-04-06 00:00:00	2026-W08	2026-W15	ACTIVE	2025-10-23 20:13:24.849	2025-10-23 23:36:18.443	LOTE-435-EB-8-PR-26
cmh3v0lxa00r9b1yi47cit6s8	cmh3ira4m0000146d60lv420u	cmh3jq5rp0003yxdj8pxj0lzv	cmh3v0ikx000wb1yior0uo1pl	cmh3v0jso00bzb1yis2xvvtu9	2.00	2026-02-16 00:00:00	2026-04-06 00:00:00	2026-W08	2026-W15	ACTIVE	2025-10-23 20:13:24.863	2025-10-23 23:36:18.463	LOTE-436-EB-8-PR-26
cmh3v0lxp00rbb1yi1vr02kdt	cmh3ira4m0000146d60lv420u	cmh3jq5rp0003yxdj8pxj0lzv	cmh3v0ij7000gb1yi0d87jbmv	cmh3v0iw5003xb1yin77mdzg7	2.00	2026-02-16 00:00:00	2026-04-13 00:00:00	2026-W08	2026-W16	ACTIVE	2025-10-23 20:13:24.877	2025-10-23 23:36:18.482	LOTE-253-EB-8-CP-26
cmh3v0lxu00rdb1yiq6a5x4uw	cmh3ira4m0000146d60lv420u	cmh3jq5rp0003yxdj8pxj0lzv	cmh3v0ij7000gb1yi0d87jbmv	cmh3v0isn002zb1yia79f3oka	2.00	2026-02-16 00:00:00	2026-04-13 00:00:00	2026-W08	2026-W16	ACTIVE	2025-10-23 20:13:24.883	2025-10-23 23:36:18.496	LOTE-254-EB-8-CP-26
cmh3v0ly300rfb1yisqgs16z2	cmh3v0ikf000tb1yimyau3cpe	cmh3v0iko000vb1yikfndymlt	cmh3v0ikx000wb1yior0uo1pl	cmh3v0lvk00qzb1yijzf3ds1q	2.00	2026-02-16 00:00:00	2026-04-13 00:00:00	2026-W08	2026-W16	ACTIVE	2025-10-23 20:13:24.892	2025-10-23 23:36:18.512	LOTE-100-BL-8-PR-26
cmh3v0lyb00rhb1yi56jswlzd	cmh3ira4m0000146d60lv420u	cmh3jojja0001yxdjc2chwm57	cmh3v0ihb0003b1yi2990lnq5	cmh3v0lw000r3b1yica7qoktx	2.00	2026-02-23 00:00:00	2026-04-20 00:00:00	2026-W09	2026-W17	ACTIVE	2025-10-23 20:13:24.899	2025-10-23 23:36:18.584	LOTE-100-EB-9-VI-26
cmh3v0lz500rjb1yihxkfrgtt	cmh3ira4m0000146d60lv420u	cmh3jq5rp0003yxdj8pxj0lzv	cmh3v0ikx000wb1yior0uo1pl	cmh3v0jpy00bbb1yiuqneb1a7	2.00	2026-02-23 00:00:00	2026-04-13 00:00:00	2026-W09	2026-W16	ACTIVE	2025-10-23 20:13:24.929	2025-10-23 23:36:18.606	LOTE-437-EB-9-PR-26
cmh3v0lzu00rnb1yi7hulii6w	cmh3ira4m0000146d60lv420u	cmh3jq5rp0003yxdj8pxj0lzv	cmh3v0ioo001zb1yioww7p28y	cmh3v0lhm00o7b1yighsu7ruz	2.00	2026-02-23 00:00:00	2026-04-06 00:00:00	2026-W09	2026-W15	ACTIVE	2025-10-23 20:13:24.955	2025-10-23 23:36:18.657	LOTE-100-EB-9-AT-26
cmh3v0m0700rpb1yii5truszs	cmh3v0ikf000tb1yimyau3cpe	cmh3v0iko000vb1yikfndymlt	cmh3v0ij7000gb1yi0d87jbmv	cmh3v0kqs00j1b1yi650pvyxf	2.00	2026-02-23 00:00:00	2026-04-20 00:00:00	2026-W09	2026-W17	ACTIVE	2025-10-23 20:13:24.967	2025-10-23 23:36:18.674	LOTE-274-BL-9-CP-26
cmh3v0m1100rvb1yiv20nz5dc	cmh3ira4m0000146d60lv420u	cmh3jq5rp0003yxdj8pxj0lzv	cmh3v0ikx000wb1yior0uo1pl	cmh3v0isa002vb1yidh2lq79t	2.00	2026-03-02 00:00:00	2026-04-20 00:00:00	2026-W10	2026-W17	ACTIVE	2025-10-23 20:13:24.998	2025-10-23 23:36:18.764	LOTE-442-EB-10-PR-26
cmh3v0m1q00rzb1yiswge3lfo	cmh3v0ikf000tb1yimyau3cpe	cmh3v0iko000vb1yikfndymlt	cmh3v0ikx000wb1yior0uo1pl	cmh3v0lvk00qzb1yijzf3ds1q	2.00	2026-03-02 00:00:00	2026-04-27 00:00:00	2026-W10	2026-W18	ACTIVE	2025-10-23 20:13:25.022	2025-10-23 23:36:18.831	LOTE-100-BL-10-PR-26
cmh3v0m2m00s3b1yiee9uz3k3	cmh3ira4m0000146d60lv420u	cmh3jojja0001yxdjc2chwm57	cmh3v0ikx000wb1yior0uo1pl	cmh3v0iv4003lb1yiv7xf4gi8	2.00	2026-03-09 00:00:00	2026-04-20 00:00:00	2026-W11	2026-W17	ACTIVE	2025-10-23 20:13:25.054	2025-10-23 23:36:18.889	LOTE-443-EB-11-PR-26
cmh3v0m2z00s5b1yiy8ckjark	cmh3ira4m0000146d60lv420u	cmh3jq5rp0003yxdj8pxj0lzv	cmh3v0ikx000wb1yior0uo1pl	cmh3v0kig00h9b1yii7ck56gr	2.00	2026-03-09 00:00:00	2026-04-20 00:00:00	2026-W11	2026-W17	ACTIVE	2025-10-23 20:13:25.068	2025-10-23 23:36:18.908	LOTE-444-EB-11-PR-26
cmh3v0m3r00s9b1yish47tw8y	cmh3v0ikf000tb1yimyau3cpe	cmh3v0iko000vb1yikfndymlt	cmh3v0ij7000gb1yi0d87jbmv	cmh3v0jt100c3b1yi96wa1g0f	2.00	2026-03-09 00:00:00	2026-05-04 00:00:00	2026-W11	2026-W19	ACTIVE	2025-10-23 20:13:25.095	2025-10-23 23:36:18.972	LOTE-275-BL-11-CP-26
cmh3v0lso00qfb1yi8j3ei50l	cmh3ira4m0000146d60lv420u	cmh3jq5rp0003yxdj8pxj0lzv	cmh3v0ioo001zb1yioww7p28y	cmh3v0lhm00o7b1yighsu7ruz	2.00	2026-02-02 00:00:00	2026-03-23 00:00:00	2026-W06	2026-W13	ACTIVE	2025-10-23 20:13:24.696	2025-10-23 23:36:18.1	LOTE-100-EB-6-AT-26
cmh3v0lsz00qhb1yizxwbh34i	cmh3rdhnv001c5npe8kzf0osx	cmh3v0ioi001yb1yidu867red	cmh3v0ioo001zb1yioww7p28y	cmh3v0lhm00o7b1yighsu7ruz	2.00	2026-02-02 00:00:00	2026-03-23 00:00:00	2026-W06	2026-W13	ACTIVE	2025-10-23 20:13:24.708	2025-10-23 23:36:18.13	LOTE-100-AR-6-AT-26
cmh3v0ltc00qjb1yi68c64uul	cmh3v0ikf000tb1yimyau3cpe	cmh3v0iko000vb1yikfndymlt	cmh3v0ioo001zb1yioww7p28y	cmh3v0lhm00o7b1yighsu7ruz	2.00	2026-02-02 00:00:00	2026-03-30 00:00:00	2026-W06	2026-W14	ACTIVE	2025-10-23 20:13:24.721	2025-10-23 23:36:18.164	LOTE-100-BL-6-AT-26
cmh3v0m3z00sbb1yims5uqqmi	cmh3ira4m0000146d60lv420u	cmh3jojja0001yxdjc2chwm57	cmh3v0ioo001zb1yioww7p28y	cmh3v0lhm00o7b1yighsu7ruz	2.00	2026-03-16 00:00:00	2026-04-20 00:00:00	2026-W12	2026-W17	ACTIVE	2025-10-23 20:13:25.104	2025-10-23 23:36:19.009	LOTE-100-EB-12-AT-26
cmh3v0m4u00shb1yiriioy7ho	cmh3ira4m0000146d60lv420u	cmh3jq5rp0003yxdj8pxj0lzv	cmh3v0ihb0003b1yi2990lnq5	cmh3v0lw000r3b1yica7qoktx	2.00	2026-03-16 00:00:00	2026-05-04 00:00:00	2026-W12	2026-W19	ACTIVE	2025-10-23 20:13:25.135	2025-10-23 23:36:19.077	LOTE-100-EB-12-VI-26
cmh3v0m5r00slb1yid98tw7y3	cmh3ira4m0000146d60lv420u	cmh3jojja0001yxdjc2chwm57	cmh3v0ioo001zb1yioww7p28y	cmh3v0lhm00o7b1yighsu7ruz	2.00	2026-03-23 00:00:00	2026-04-27 00:00:00	2026-W13	2026-W18	ACTIVE	2025-10-23 20:13:25.168	2025-10-23 23:36:19.135	LOTE-100-EB-13-AT-26
cmh3v0m6w00srb1yijlajdkfi	cmh3ira4m0000146d60lv420u	cmh3jq5rp0003yxdj8pxj0lzv	cmh3v0ihb0003b1yi2990lnq5	cmh3v0lw000r3b1yica7qoktx	2.00	2026-03-23 00:00:00	2026-05-11 00:00:00	2026-W13	2026-W20	ACTIVE	2025-10-23 20:13:25.209	2025-10-23 23:36:19.229	LOTE-100-EB-13-VI-26
cmh3v0m7q00sxb1yixz99bg47	cmh3ira4m0000146d60lv420u	cmh3jojja0001yxdjc2chwm57	cmh3v0ioo001zb1yioww7p28y	cmh3v0lhm00o7b1yighsu7ruz	2.00	2026-03-30 00:00:00	2026-05-04 00:00:00	2026-W14	2026-W19	ACTIVE	2025-10-23 20:13:25.238	2025-10-23 23:36:19.304	LOTE-100-EB-14-AT-26
cmh3v0m8u00t3b1yim5p9knvl	cmh3ira4m0000146d60lv420u	cmh3jq5rp0003yxdj8pxj0lzv	cmh3v0ihb0003b1yi2990lnq5	cmh3v0lw000r3b1yica7qoktx	2.00	2026-03-30 00:00:00	2026-05-18 00:00:00	2026-W14	2026-W21	ACTIVE	2025-10-23 20:13:25.278	2025-10-23 23:36:19.393	LOTE-100-EB-14-VI-26
cmh3v0mcp00thb1yitquzmsul	cmh3v0ikf000tb1yimyau3cpe	cmh3v0iko000vb1yikfndymlt	cmh3v0ioo001zb1yioww7p28y	cmh3v0lhm00o7b1yighsu7ruz	2.00	2026-04-06 00:00:00	2026-06-01 00:00:00	2026-W15	2026-W23	ACTIVE	2025-10-23 20:13:25.417	2025-10-23 23:36:19.572	LOTE-100-BL-15-AT-26
cmh3v0mib00ttb1yir9mlu9w2	cmh3ira4m0000146d60lv420u	cmh3jojja0001yxdjc2chwm57	cmh3v0ihb0003b1yi2990lnq5	cmh3v0lw000r3b1yica7qoktx	2.00	2026-04-20 00:00:00	2026-06-01 00:00:00	2026-W17	2026-W23	ACTIVE	2025-10-23 20:13:25.62	2025-10-23 23:36:19.751	LOTE-100-EB-17-VI-26
cmh3v0ml500u1b1yij45zu01s	cmh3v0ikf000tb1yimyau3cpe	cmh3v0iko000vb1yikfndymlt	cmh3v0ihb0003b1yi2990lnq5	cmh3v0lw000r3b1yica7qoktx	2.00	2026-04-20 00:00:00	2026-06-08 00:00:00	2026-W17	2026-W24	ACTIVE	2025-10-23 20:13:25.722	2025-10-23 23:36:19.822	LOTE-100-BL-17-VI-26
cmh3v0m6g00snb1yi4gbpwv9t	cmh3ira4m0000146d60lv420u	cmh3jojja0001yxdjc2chwm57	cmh3v0ikx000wb1yior0uo1pl	cmh3v0j8n0070b1yitheozqxh	2.00	2026-03-23 00:00:00	2026-05-04 00:00:00	2026-W13	2026-W19	ACTIVE	2025-10-23 20:13:25.193	2025-10-23 23:36:19.155	LOTE-412-EB-13-PR-26
cmh3v0m6o00spb1yi4zh8gi8l	cmh3ira4m0000146d60lv420u	cmh3jq5rp0003yxdj8pxj0lzv	cmh3v0ikx000wb1yior0uo1pl	cmh3v0jfk008ob1yit70zkaah	2.00	2026-03-23 00:00:00	2026-05-04 00:00:00	2026-W13	2026-W19	ACTIVE	2025-10-23 20:13:25.201	2025-10-23 23:36:19.177	LOTE-413-EB-13-PR-26
cmh3v0m7b00stb1yi13b1q6od	cmh3v0ikf000tb1yimyau3cpe	cmh3v0iko000vb1yikfndymlt	cmh3v0ij7000gb1yi0d87jbmv	cmh3v0jtc00c7b1yin97t8iez	2.00	2026-03-23 00:00:00	2026-05-18 00:00:00	2026-W13	2026-W21	ACTIVE	2025-10-23 20:13:25.223	2025-10-23 23:36:19.252	LOTE-276-BL-13-CP-26
cmh3v0m7i00svb1yi0qtdg5xb	cmh3rdhnv001c5npe8kzf0osx	cmh3v0ioi001yb1yidu867red	cmh3v0ikx000wb1yior0uo1pl	cmh3v0jqs00blb1yizmisw1uj	2.00	2026-03-23 00:00:00	2026-05-04 00:00:00	2026-W13	2026-W19	ACTIVE	2025-10-23 20:13:25.23	2025-10-23 23:36:19.271	LOTE-414-AR-13-PR-26
cmh3v0m8900szb1yikkptt7ip	cmh3ira4m0000146d60lv420u	cmh3jojja0001yxdjc2chwm57	cmh3v0ikx000wb1yior0uo1pl	cmh3v0il8000yb1yiok2dxhfl	2.00	2026-03-30 00:00:00	2026-05-11 00:00:00	2026-W14	2026-W20	ACTIVE	2025-10-23 20:13:25.257	2025-10-23 23:36:19.322	LOTE-415-EB-14-PR-26
cmh3v0m8j00t1b1yi63odbu71	cmh3ira4m0000146d60lv420u	cmh3jq5rp0003yxdj8pxj0lzv	cmh3v0ikx000wb1yior0uo1pl	cmh3v0jy500d9b1yitvopps5z	2.00	2026-03-30 00:00:00	2026-05-11 00:00:00	2026-W14	2026-W20	ACTIVE	2025-10-23 20:13:25.267	2025-10-23 23:36:19.342	LOTE-416-EB-14-PR-26
cmh3v0m9i00t5b1yijg8kj0p9	cmh3v0ikf000tb1yimyau3cpe	cmh3v0iko000vb1yikfndymlt	cmh3v0ihb0003b1yi2990lnq5	cmh3v0lw000r3b1yica7qoktx	2.00	2026-03-30 00:00:00	2026-05-25 00:00:00	2026-W14	2026-W22	ACTIVE	2025-10-23 20:13:25.303	2025-10-23 23:36:19.419	LOTE-100-BL-14-VI-26
cmh3v0m9r00t7b1yizzs1t8ek	cmh3rdhnv001c5npe8kzf0osx	cmh3v0ioi001yb1yidu867red	cmh3v0ikx000wb1yior0uo1pl	cmh3v0k5400etb1yipw5t6zvy	2.00	2026-03-30 00:00:00	2026-05-11 00:00:00	2026-W14	2026-W20	ACTIVE	2025-10-23 20:13:25.311	2025-10-23 23:36:19.445	LOTE-417-AR-14-PR-26
cmh3v0m9z00t9b1yio9rjyi34	cmh3ira4m0000146d60lv420u	cmh3jojja0001yxdjc2chwm57	cmh3v0ihb0003b1yi2990lnq5	cmh3v0lw000r3b1yica7qoktx	2.00	2026-04-06 00:00:00	2026-05-25 00:00:00	2026-W15	2026-W22	ACTIVE	2025-10-23 20:13:25.319	2025-10-23 23:36:19.497	LOTE-100-EB-15-VI-26
cmh3v0maq00tbb1yi0o5pv03u	cmh3ira4m0000146d60lv420u	cmh3jq5rp0003yxdj8pxj0lzv	cmh3v0ikx000wb1yior0uo1pl	cmh3v0j8b006wb1yizen00svb	2.18	2026-04-06 00:00:00	2026-05-18 00:00:00	2026-W15	2026-W21	ACTIVE	2025-10-23 20:13:25.346	2025-10-23 23:36:19.516	LOTE-418-EB-15-PR-26
cmh3v0mb600tdb1yirddwwnib	cmh3ira4m0000146d60lv420u	cmh3jq5rp0003yxdj8pxj0lzv	cmh3v0ikx000wb1yior0uo1pl	cmh3v0k2500e5b1yixclzlwty	2.00	2026-04-06 00:00:00	2026-05-18 00:00:00	2026-W15	2026-W21	ACTIVE	2025-10-23 20:13:25.362	2025-10-23 23:36:19.533	LOTE-421-EB-15-PR-26
cmh3v0mbu00tfb1yixt7xq8wb	cmh3ira4m0000146d60lv420u	cmh3jq5rp0003yxdj8pxj0lzv	cmh3v0ioo001zb1yioww7p28y	cmh3v0lhm00o7b1yighsu7ruz	2.00	2026-04-06 00:00:00	2026-05-11 00:00:00	2026-W15	2026-W20	ACTIVE	2025-10-23 20:13:25.386	2025-10-23 23:36:19.555	LOTE-100-EB-15-AT-26
cmh3v0mdi00tjb1yi3re3b7cc	cmh3ira4m0000146d60lv420u	cmh3jojja0001yxdjc2chwm57	cmh3v0ihb0003b1yi2990lnq5	cmh3v0lw000r3b1yica7qoktx	2.00	2026-04-13 00:00:00	2026-06-01 00:00:00	2026-W16	2026-W23	ACTIVE	2025-10-23 20:13:25.447	2025-10-23 23:36:19.618	LOTE-100-EB-16-VI-26
cmh3v0mfl00tlb1yi3njkfrt4	cmh3ira4m0000146d60lv420u	cmh3jq5rp0003yxdj8pxj0lzv	cmh3v0ihb0003b1yi2990lnq5	cmh3v0lw000r3b1yica7qoktx	2.00	2026-04-13 00:00:00	2026-06-01 00:00:00	2026-W16	2026-W23	ACTIVE	2025-10-23 20:13:25.521	2025-10-23 23:36:19.634	LOTE-100-EB-16-VI-26
cmh3v0mgi00tnb1yi7imhk9gw	cmh3ira4m0000146d60lv420u	cmh3jq5rp0003yxdj8pxj0lzv	cmh3v0ikx000wb1yior0uo1pl	cmh3v0k4f00enb1yioyb9zta6	2.00	2026-04-13 00:00:00	2026-05-25 00:00:00	2026-W16	2026-W22	ACTIVE	2025-10-23 20:13:25.554	2025-10-23 23:36:19.651	LOTE-422-EB-16-PR-26
cmh3v0mhc00tpb1yiekzi0sn9	cmh3ira4m0000146d60lv420u	cmh3jq5rp0003yxdj8pxj0lzv	cmh3v0ikx000wb1yior0uo1pl	cmh3v0k6h00f1b1yi22vspvet	2.00	2026-04-13 00:00:00	2026-05-25 00:00:00	2026-W16	2026-W22	ACTIVE	2025-10-23 20:13:25.584	2025-10-23 23:36:19.669	LOTE-423-EB-16-PR-26
cmh3v0mjr00tvb1yij09q7cfr	cmh3ira4m0000146d60lv420u	cmh3jq5rp0003yxdj8pxj0lzv	cmh3v0ihb0003b1yi2990lnq5	cmh3v0lw000r3b1yica7qoktx	2.00	2026-04-20 00:00:00	2026-06-01 00:00:00	2026-W17	2026-W23	ACTIVE	2025-10-23 20:13:25.671	2025-10-23 23:36:19.773	LOTE-100-EB-17-VI-26
cmh3v0mkc00txb1yi0ytz7tnl	cmh3ira4m0000146d60lv420u	cmh3jq5rp0003yxdj8pxj0lzv	cmh3v0ikx000wb1yior0uo1pl	cmh3v0iqa002bb1yiollyq92h	2.00	2026-04-20 00:00:00	2026-06-01 00:00:00	2026-W17	2026-W23	ACTIVE	2025-10-23 20:13:25.693	2025-10-23 23:36:19.789	LOTE-424-EB-17-PR-26
cmh3v0mks00tzb1yi0naxmvkn	cmh3ira4m0000146d60lv420u	cmh3jq5rp0003yxdj8pxj0lzv	cmh3v0ikx000wb1yior0uo1pl	cmh3v0iqj002fb1yibyocx4xe	2.00	2026-04-20 00:00:00	2026-06-01 00:00:00	2026-W17	2026-W23	ACTIVE	2025-10-23 20:13:25.708	2025-10-23 23:36:19.806	LOTE-425-EB-17-PR-26
cmh3v0m4c00sdb1yi0unz956s	cmh3ira4m0000146d60lv420u	cmh3jojja0001yxdjc2chwm57	cmh3v0ikx000wb1yior0uo1pl	cmh3v0kit00hdb1yi6v71klkt	2.00	2026-03-16 00:00:00	2026-04-27 00:00:00	2026-W12	2026-W18	ACTIVE	2025-10-23 20:13:25.117	2025-10-23 23:36:19.027	LOTE-445-EB-12-PR-26
cmh3v0m4m00sfb1yigdqqmdct	cmh3ira4m0000146d60lv420u	cmh3jq5rp0003yxdj8pxj0lzv	cmh3v0ikx000wb1yior0uo1pl	cmh3v0k2l00e9b1yi43hzwt1z	2.00	2026-03-16 00:00:00	2026-04-27 00:00:00	2026-W12	2026-W18	ACTIVE	2025-10-23 20:13:25.126	2025-10-23 23:36:19.045	LOTE-446-EB-12-PR-26
cmh3v0m5f00sjb1yi2dklnuqg	cmh3v0ikf000tb1yimyau3cpe	cmh3v0iko000vb1yikfndymlt	cmh3v0ikx000wb1yior0uo1pl	cmh3v0lfp00ntb1yi5vw4rqbo	2.00	2026-03-16 00:00:00	2026-05-11 00:00:00	2026-W12	2026-W20	ACTIVE	2025-10-23 20:13:25.156	2025-10-23 23:36:19.099	LOTE-411-BL-12-PR-26
cmh3v0mp400ubb1yi9jli36da	cmh3ira4m0000146d60lv420u	cmh3jq5rp0003yxdj8pxj0lzv	cmh3v0ihb0003b1yi2990lnq5	cmh3v0lw000r3b1yica7qoktx	2.00	2026-05-04 00:00:00	2026-06-15 00:00:00	2026-W19	2026-W25	ACTIVE	2025-10-23 20:13:25.865	2025-10-23 23:36:20.062	LOTE-100-EB-19-VI-26
cmh3v0mq400udb1yivhi12mrs	cmh3v0ikf000tb1yimyau3cpe	cmh3v0iko000vb1yikfndymlt	cmh3v0ikx000wb1yior0uo1pl	cmh3v0l3m00lnb1yi3jy8nk5r	2.00	2026-05-04 00:00:00	2026-06-22 00:00:00	2026-W19	2026-W26	ACTIVE	2025-10-23 20:13:25.901	2025-10-23 23:36:20.082	LOTE-452-BL-19-PR-26
cmh3v0mql00uhb1yinto6i55p	cmh3ira4m0000146d60lv420u	cmh3jojja0001yxdjc2chwm57	cmh3v0ihb0003b1yi2990lnq5	cmh3v0lw000r3b1yica7qoktx	2.00	2026-05-11 00:00:00	2026-06-22 00:00:00	2026-W20	2026-W26	ACTIVE	2025-10-23 20:13:25.918	2025-10-23 23:36:20.172	LOTE-100-EB-20-VI-26
cmh3v0my700v3b1yig6btqo5x	cmh3ira4m0000146d60lv420u	cmh3jojja0001yxdjc2chwm57	cmh3v0ihb0003b1yi2990lnq5	cmh3v0lw000r3b1yica7qoktx	2.00	2026-06-08 00:00:00	2026-07-20 00:00:00	2026-W24	2026-W30	ACTIVE	2025-10-23 20:13:26.191	2025-10-23 23:36:20.663	LOTE-100-EB-24-VI-26
cmh3v0mrj00ujb1yik6uyr0do	cmh3ira4m0000146d60lv420u	cmh3jq5rp0003yxdj8pxj0lzv	cmh3v0ihb0003b1yi2990lnq5	cmh3v0lw000r3b1yica7qoktx	2.00	2026-05-11 00:00:00	2026-06-22 00:00:00	2026-W20	2026-W26	ACTIVE	2025-10-23 20:13:25.951	2025-10-23 23:36:20.235	LOTE-100-EB-20-VI-26
cmh3v0mtx00upb1yiik1ihn0h	cmh3ira4m0000146d60lv420u	cmh3jq5rp0003yxdj8pxj0lzv	cmh3v0ihb0003b1yi2990lnq5	cmh3v0lw000r3b1yica7qoktx	2.00	2026-05-18 00:00:00	2026-06-29 00:00:00	2026-W21	2026-W27	ACTIVE	2025-10-23 20:13:26.038	2025-10-23 23:36:20.392	LOTE-100-EB-21-VI-26
cmh3v0mun00urb1yis6f4wg9o	cmh3v0ikf000tb1yimyau3cpe	cmh3v0iko000vb1yikfndymlt	cmh3v0ihb0003b1yi2990lnq5	cmh3v0lw000r3b1yica7qoktx	2.00	2026-05-18 00:00:00	2026-07-06 00:00:00	2026-W21	2026-W28	ACTIVE	2025-10-23 20:13:26.064	2025-10-23 23:36:20.419	LOTE-100-BL-21-VI-26
cmh3v0mvy00uvb1yimyxvifri	cmh3ira4m0000146d60lv420u	cmh3jq5rp0003yxdj8pxj0lzv	cmh3v0ihb0003b1yi2990lnq5	cmh3v0lw000r3b1yica7qoktx	2.00	2026-05-25 00:00:00	2026-07-06 00:00:00	2026-W22	2026-W28	ACTIVE	2025-10-23 20:13:26.11	2025-10-23 23:36:20.516	LOTE-100-EB-22-VI-26
cmh3v0mzi00v7b1yi03hfra11	cmh3ira4m0000146d60lv420u	cmh3jojja0001yxdjc2chwm57	cmh3v0ihb0003b1yi2990lnq5	cmh3v0lw000r3b1yica7qoktx	2.00	2026-06-15 00:00:00	2026-07-27 00:00:00	2026-W25	2026-W31	ACTIVE	2025-10-23 20:13:26.238	2025-10-23 23:36:20.724	LOTE-100-EB-25-VI-26
cmh3v0mwy00uxb1yio7ud2i11	cmh3v0ikf000tb1yimyau3cpe	cmh3v0iko000vb1yikfndymlt	cmh3v0ihb0003b1yi2990lnq5	cmh3v0lw000r3b1yica7qoktx	2.00	2026-05-25 00:00:00	2026-07-13 00:00:00	2026-W22	2026-W29	ACTIVE	2025-10-23 20:13:26.147	2025-10-23 23:36:20.532	LOTE-100-BL-22-VI-26
cmh3v0mxy00v1b1yi0f2m3y7g	cmh3ira4m0000146d60lv420u	cmh3jq5rp0003yxdj8pxj0lzv	cmh3v0ihb0003b1yi2990lnq5	cmh3v0lw000r3b1yica7qoktx	2.00	2026-06-01 00:00:00	2026-07-13 00:00:00	2026-W23	2026-W29	ACTIVE	2025-10-23 20:13:26.182	2025-10-23 23:36:20.609	LOTE-100-EB-23-VI-26
cmh3v0n0q00vbb1yiht5ylivg	cmh3v0ikf000tb1yimyau3cpe	cmh3v0iko000vb1yikfndymlt	cmh3v0ihb0003b1yi2990lnq5	cmh3v0lw000r3b1yica7qoktx	2.00	2026-06-15 00:00:00	2026-08-03 00:00:00	2026-W25	2026-W32	ACTIVE	2025-10-23 20:13:26.283	2025-10-23 23:36:20.784	LOTE-100-BL-25-VI-26
cmh3v0n1500vfb1yiw57znmmb	cmh3ira4m0000146d60lv420u	cmh3jojja0001yxdjc2chwm57	cmh3v0ihb0003b1yi2990lnq5	cmh3v0lw000r3b1yica7qoktx	2.00	2026-06-22 00:00:00	2026-08-03 00:00:00	2026-W26	2026-W32	ACTIVE	2025-10-23 20:13:26.298	2025-10-23 23:36:20.849	LOTE-100-EB-26-VI-26
cmh3v0n3w00vpb1yi7e6aj236	cmh3ira4m0000146d60lv420u	cmh3jq5rp0003yxdj8pxj0lzv	cmh3v0ihb0003b1yi2990lnq5	cmh3v0lw000r3b1yica7qoktx	2.00	2026-06-29 00:00:00	2026-08-10 00:00:00	2026-W27	2026-W33	ACTIVE	2025-10-23 20:13:26.396	2025-10-23 23:36:20.967	LOTE-100-EB-27-VI-26
cmh3v0mmj00u5b1yijpnyy1c4	cmh3ira4m0000146d60lv420u	cmh3jq5rp0003yxdj8pxj0lzv	cmh3v0ihb0003b1yi2990lnq5	cmh3v0lw000r3b1yica7qoktx	2.00	2026-04-27 00:00:00	2026-06-08 00:00:00	2026-W18	2026-W24	ACTIVE	2025-10-23 20:13:25.771	2025-10-23 23:36:19.928	LOTE-100-EB-18-VI-26
cmh3v0mnt00u9b1yiy0s9or25	cmh3ira4m0000146d60lv420u	cmh3jojja0001yxdjc2chwm57	cmh3v0ihb0003b1yi2990lnq5	cmh3v0lw000r3b1yica7qoktx	2.00	2026-05-04 00:00:00	2026-06-15 00:00:00	2026-W19	2026-W25	ACTIVE	2025-10-23 20:13:25.818	2025-10-23 23:36:20.004	LOTE-100-EB-19-VI-26
cmh3v0mqc00ufb1yiycnu0ps9	cmh3rdhnv001c5npe8kzf0osx	cmh3v0ioi001yb1yidu867red	cmh3v0ihb0003b1yi2990lnq5	cmh3v0lw000r3b1yica7qoktx	2.00	2026-05-04 00:00:00	2026-06-15 00:00:00	2026-W19	2026-W25	ACTIVE	2025-10-23 20:13:25.909	2025-10-23 23:36:20.105	LOTE-100-AR-19-VI-26
cmh3v0msp00ulb1yi40o8tjva	cmh3rdhnv001c5npe8kzf0osx	cmh3v0ioi001yb1yidu867red	cmh3v0ihb0003b1yi2990lnq5	cmh3v0lw000r3b1yica7qoktx	2.00	2026-05-11 00:00:00	2026-06-22 00:00:00	2026-W20	2026-W26	ACTIVE	2025-10-23 20:13:25.994	2025-10-23 23:36:20.268	LOTE-100-AR-20-VI-26
cmh3v0mt300unb1yiku3c6osr	cmh3ira4m0000146d60lv420u	cmh3jojja0001yxdjc2chwm57	cmh3v0ihb0003b1yi2990lnq5	cmh3v0lw000r3b1yica7qoktx	2.00	2026-05-18 00:00:00	2026-06-29 00:00:00	2026-W21	2026-W27	ACTIVE	2025-10-23 20:13:26.008	2025-10-23 23:36:20.326	LOTE-100-EB-21-VI-26
cmh3v0muz00utb1yi4leuigf0	cmh3ira4m0000146d60lv420u	cmh3jojja0001yxdjc2chwm57	cmh3v0ihb0003b1yi2990lnq5	cmh3v0lw000r3b1yica7qoktx	2.00	2026-05-25 00:00:00	2026-07-06 00:00:00	2026-W22	2026-W28	ACTIVE	2025-10-23 20:13:26.075	2025-10-23 23:36:20.469	LOTE-100-EB-22-VI-26
cmh3v0mx900uzb1yi7bl2ueiv	cmh3ira4m0000146d60lv420u	cmh3jojja0001yxdjc2chwm57	cmh3v0ihb0003b1yi2990lnq5	cmh3v0lw000r3b1yica7qoktx	2.00	2026-06-01 00:00:00	2026-07-13 00:00:00	2026-W23	2026-W29	ACTIVE	2025-10-23 20:13:26.158	2025-10-23 23:36:20.589	LOTE-100-EB-23-VI-26
cmh3v0mz400v5b1yil9gkvqs6	cmh3ira4m0000146d60lv420u	cmh3jq5rp0003yxdj8pxj0lzv	cmh3v0ihb0003b1yi2990lnq5	cmh3v0lw000r3b1yica7qoktx	2.00	2026-06-08 00:00:00	2026-07-20 00:00:00	2026-W24	2026-W30	ACTIVE	2025-10-23 20:13:26.224	2025-10-23 23:36:20.677	LOTE-100-EB-24-VI-26
cmh3v0n0h00v9b1yitls97ocx	cmh3ira4m0000146d60lv420u	cmh3jq5rp0003yxdj8pxj0lzv	cmh3v0ihb0003b1yi2990lnq5	cmh3v0lw000r3b1yica7qoktx	2.00	2026-06-15 00:00:00	2026-07-27 00:00:00	2026-W25	2026-W31	ACTIVE	2025-10-23 20:13:26.274	2025-10-23 23:36:20.758	LOTE-100-EB-25-VI-26
cmh3v0n0z00vdb1yiiaedrbtq	cmh3rdhnv001c5npe8kzf0osx	cmh3v0ioi001yb1yidu867red	cmh3v0ihb0003b1yi2990lnq5	cmh3v0lw000r3b1yica7qoktx	2.00	2026-06-15 00:00:00	2026-07-27 00:00:00	2026-W25	2026-W31	ACTIVE	2025-10-23 20:13:26.292	2025-10-23 23:36:20.799	LOTE-100-AR-25-VI-26
cmh3v0n1x00vhb1yif4ssk54c	cmh3ira4m0000146d60lv420u	cmh3jq5rp0003yxdj8pxj0lzv	cmh3v0ihb0003b1yi2990lnq5	cmh3v0lw000r3b1yica7qoktx	2.00	2026-06-22 00:00:00	2026-08-03 00:00:00	2026-W26	2026-W32	ACTIVE	2025-10-23 20:13:26.325	2025-10-23 23:36:20.863	LOTE-100-EB-26-VI-26
cmh3v0n2800vjb1yik32irhhv	cmh3v0ikf000tb1yimyau3cpe	cmh3v0iko000vb1yikfndymlt	cmh3v0ihb0003b1yi2990lnq5	cmh3v0lw000r3b1yica7qoktx	2.00	2026-06-22 00:00:00	2026-08-10 00:00:00	2026-W26	2026-W33	ACTIVE	2025-10-23 20:13:26.336	2025-10-23 23:36:20.881	LOTE-100-BL-26-VI-26
cmh3v0n2w00vnb1yi69n3q699	cmh3ira4m0000146d60lv420u	cmh3jojja0001yxdjc2chwm57	cmh3v0ihb0003b1yi2990lnq5	cmh3v0lw000r3b1yica7qoktx	2.00	2026-06-29 00:00:00	2026-08-10 00:00:00	2026-W27	2026-W33	ACTIVE	2025-10-23 20:13:26.361	2025-10-23 23:36:20.951	LOTE-100-EB-27-VI-26
cmh3v0n4300vrb1yi0gcqp2o3	cmh3ira4m0000146d60lv420u	cmh3jojja0001yxdjc2chwm57	cmh3v0ihb0003b1yi2990lnq5	cmh3v0lw000r3b1yica7qoktx	2.00	2026-07-06 00:00:00	2026-08-17 00:00:00	2026-W28	2026-W34	ACTIVE	2025-10-23 20:13:26.403	2025-10-23 23:36:21.01	LOTE-100-EB-28-VI-26
cmh3v0n4t00vtb1yinqoenfhh	cmh3ira4m0000146d60lv420u	cmh3jq5rp0003yxdj8pxj0lzv	cmh3v0ihb0003b1yi2990lnq5	cmh3v0lw000r3b1yica7qoktx	2.00	2026-07-06 00:00:00	2026-08-17 00:00:00	2026-W28	2026-W34	ACTIVE	2025-10-23 20:13:26.429	2025-10-23 23:36:21.027	LOTE-100-EB-28-VI-26
cmh3v0mlk00u3b1yiq4vx7idx	cmh3ira4m0000146d60lv420u	cmh3jojja0001yxdjc2chwm57	cmh3v0ihb0003b1yi2990lnq5	cmh3v0lw000r3b1yica7qoktx	2.00	2026-04-27 00:00:00	2026-06-08 00:00:00	2026-W18	2026-W24	ACTIVE	2025-10-23 20:13:25.737	2025-10-23 23:36:19.872	LOTE-100-EB-18-VI-26
cmh3v0mnh00u7b1yivtrfqahx	cmh3v0ikf000tb1yimyau3cpe	cmh3v0iko000vb1yikfndymlt	cmh3v0ihb0003b1yi2990lnq5	cmh3v0lw000r3b1yica7qoktx	2.00	2026-04-27 00:00:00	2026-06-15 00:00:00	2026-W18	2026-W25	ACTIVE	2025-10-23 20:13:25.805	2025-10-23 23:36:19.948	LOTE-100-BL-18-VI-26
cmh3v0n7e00w3b1yiftclnq5f	cmh3ira4m0000146d60lv420u	cmh3jq5rp0003yxdj8pxj0lzv	cmh3v0ihb0003b1yi2990lnq5	cmh3v0lw000r3b1yica7qoktx	2.00	2026-07-20 00:00:00	2026-08-31 00:00:00	2026-W30	2026-W36	ACTIVE	2025-10-23 20:13:26.522	2025-10-23 23:36:21.2	LOTE-100-EB-30-VI-26
cmh3v0ndo00wvb1yiepclchhx	cmh3ira4m0000146d60lv420u	cmh3jojja0001yxdjc2chwm57	cmh3v0ihb0003b1yi2990lnq5	cmh3v0lw000r3b1yica7qoktx	2.00	2026-08-17 00:00:00	2026-09-28 00:00:00	2026-W34	2026-W40	ACTIVE	2025-10-23 20:13:26.748	2025-10-23 23:36:21.663	LOTE-100-EB-34-VI-26
cmh3v0n8t00w9b1yikf67596f	cmh3ira4m0000146d60lv420u	cmh3jq5rp0003yxdj8pxj0lzv	cmh3v0ikx000wb1yior0uo1pl	cmh3v0lvk00qzb1yijzf3ds1q	2.00	2026-07-27 00:00:00	2026-09-07 00:00:00	2026-W31	2026-W37	ACTIVE	2025-10-23 20:13:26.573	2025-10-23 23:36:21.332	LOTE-100-EB-31-PR-26
cmh3v0na700wfb1yisc71v84c	cmh3ira4m0000146d60lv420u	cmh3jojja0001yxdjc2chwm57	cmh3v0ihb0003b1yi2990lnq5	cmh3v0lw000r3b1yica7qoktx	2.00	2026-08-03 00:00:00	2026-09-14 00:00:00	2026-W32	2026-W38	ACTIVE	2025-10-23 20:13:26.623	2025-10-23 23:36:21.426	LOTE-100-EB-32-VI-26
cmh3v0nau00whb1yimyfjt410	cmh3ira4m0000146d60lv420u	cmh3jq5rp0003yxdj8pxj0lzv	cmh3v0ikx000wb1yior0uo1pl	cmh3v0lvk00qzb1yijzf3ds1q	2.00	2026-08-03 00:00:00	2026-09-14 00:00:00	2026-W32	2026-W38	ACTIVE	2025-10-23 20:13:26.646	2025-10-23 23:36:21.48	LOTE-100-EB-32-PR-26
cmh3v0ndf00wtb1yicl2kfd5v	cmh3v0ikf000tb1yimyau3cpe	cmh3v0iko000vb1yikfndymlt	cmh3v0ihb0003b1yi2990lnq5	cmh3v0lw000r3b1yica7qoktx	2.00	2026-08-10 00:00:00	2026-09-28 00:00:00	2026-W33	2026-W40	ACTIVE	2025-10-23 20:13:26.74	2025-10-23 23:36:21.633	LOTE-100-BL-33-VI-26
cmh3v0nez00x1b1yi60jfux6w	cmh3ira4m0000146d60lv420u	cmh3jq5rp0003yxdj8pxj0lzv	cmh3v0ikx000wb1yior0uo1pl	cmh3v0lvk00qzb1yijzf3ds1q	2.00	2026-08-17 00:00:00	2026-09-28 00:00:00	2026-W34	2026-W40	ACTIVE	2025-10-23 20:13:26.795	2025-10-23 23:36:21.727	LOTE-100-EB-34-PR-26
cmh3v0ne900wxb1yicgblnmsg	cmh3ira4m0000146d60lv420u	cmh3jojja0001yxdjc2chwm57	cmh3v0ij7000gb1yi0d87jbmv	cmh3v0nce00wlb1yi7m69qef3	2.00	2026-08-17 00:00:00	2026-09-28 00:00:00	2026-W34	2026-W40	ACTIVE	2025-10-23 20:13:26.769	2025-10-23 23:36:21.677	LOTE-100-EB-34-CP-26
cmh3v0nbm00wjb1yi4vptjssq	cmh3ira4m0000146d60lv420u	cmh3jojja0001yxdjc2chwm57	cmh3v0ihb0003b1yi2990lnq5	cmh3v0lw000r3b1yica7qoktx	2.00	2026-08-10 00:00:00	2026-09-21 00:00:00	2026-W33	2026-W39	ACTIVE	2025-10-23 20:13:26.675	2025-10-23 23:36:21.524	LOTE-100-EB-33-VI-26
cmh3v0nd100wrb1yijszpqx86	cmh3ira4m0000146d60lv420u	cmh3jq5rp0003yxdj8pxj0lzv	cmh3v0ikx000wb1yior0uo1pl	cmh3v0lvk00qzb1yijzf3ds1q	2.00	2026-08-10 00:00:00	2026-09-21 00:00:00	2026-W33	2026-W39	ACTIVE	2025-10-23 20:13:26.726	2025-10-23 23:36:21.616	LOTE-100-EB-33-PR-26
cmh3v0nfy00x5b1yiuc5ybhdc	cmh3ira4m0000146d60lv420u	cmh3jojja0001yxdjc2chwm57	cmh3v0ihb0003b1yi2990lnq5	cmh3v0lw000r3b1yica7qoktx	2.00	2026-08-24 00:00:00	2026-10-05 00:00:00	2026-W35	2026-W41	ACTIVE	2025-10-23 20:13:26.83	2025-10-23 23:36:21.784	LOTE-100-EB-35-VI-26
cmh3v0njk00xpb1yirvwwv5y5	cmh3ira4m0000146d60lv420u	cmh3jq5rp0003yxdj8pxj0lzv	cmh3v0ij7000gb1yi0d87jbmv	cmh3v0nce00wlb1yi7m69qef3	2.00	2026-09-07 00:00:00	2026-10-19 00:00:00	2026-W37	2026-W43	ACTIVE	2025-10-23 20:13:26.961	2025-10-23 23:36:22.049	LOTE-100-EB-37-CP-26
cmh3v0nha00xdb1yi61aziqib	cmh3ira4m0000146d60lv420u	cmh3jojja0001yxdjc2chwm57	cmh3v0ihb0003b1yi2990lnq5	cmh3v0lw000r3b1yica7qoktx	2.00	2026-08-31 00:00:00	2026-10-12 00:00:00	2026-W36	2026-W42	ACTIVE	2025-10-23 20:13:26.878	2025-10-23 23:36:21.891	LOTE-100-EB-36-VI-26
cmh3v0nij00xjb1yij8h1n92a	cmh3ira4m0000146d60lv420u	cmh3jq5rp0003yxdj8pxj0lzv	cmh3v0ikx000wb1yior0uo1pl	cmh3v0lvk00qzb1yijzf3ds1q	2.00	2026-08-31 00:00:00	2026-10-12 00:00:00	2026-W36	2026-W42	ACTIVE	2025-10-23 20:13:26.923	2025-10-23 23:36:21.965	LOTE-100-EB-36-PR-26
cmh3v0niy00xlb1yi7m685vl2	cmh3ira4m0000146d60lv420u	cmh3jojja0001yxdjc2chwm57	cmh3v0ihb0003b1yi2990lnq5	cmh3v0lw000r3b1yica7qoktx	2.00	2026-09-07 00:00:00	2026-10-19 00:00:00	2026-W37	2026-W43	ACTIVE	2025-10-23 20:13:26.939	2025-10-23 23:36:22.014	LOTE-100-EB-37-VI-26
cmh3v0n7l00w5b1yih38mgmlt	cmh3v0ikf000tb1yimyau3cpe	cmh3v0iko000vb1yikfndymlt	cmh3v0ihb0003b1yi2990lnq5	cmh3v0lw000r3b1yica7qoktx	2.00	2026-07-20 00:00:00	2026-09-07 00:00:00	2026-W30	2026-W37	ACTIVE	2025-10-23 20:13:26.53	2025-10-23 23:36:21.214	LOTE-100-BL-30-VI-26
cmh3v0n7u00w7b1yihicm757u	cmh3ira4m0000146d60lv420u	cmh3jojja0001yxdjc2chwm57	cmh3v0ihb0003b1yi2990lnq5	cmh3v0lw000r3b1yica7qoktx	2.00	2026-07-27 00:00:00	2026-09-07 00:00:00	2026-W31	2026-W37	ACTIVE	2025-10-23 20:13:26.539	2025-10-23 23:36:21.268	LOTE-100-EB-31-VI-26
cmh3v0n9q00wbb1yispky7wpf	cmh3v0ikf000tb1yimyau3cpe	cmh3v0iko000vb1yikfndymlt	cmh3v0ikx000wb1yior0uo1pl	cmh3v0l3400ljb1yibd46hgu0	2.00	2026-07-27 00:00:00	2026-09-14 00:00:00	2026-W31	2026-W38	ACTIVE	2025-10-23 20:13:26.607	2025-10-23 23:36:21.359	LOTE-451-BL-31-PR-26
cmh3v0n9y00wdb1yioxgdve5a	cmh3rdhnv001c5npe8kzf0osx	cmh3v0ioi001yb1yidu867red	cmh3v0ikx000wb1yior0uo1pl	cmh3v0l3m00lnb1yi3jy8nk5r	2.00	2026-07-27 00:00:00	2026-09-14 00:00:00	2026-W31	2026-W38	ACTIVE	2025-10-23 20:13:26.615	2025-10-23 23:36:21.377	LOTE-452-AR-31-PR-26
cmh3v0ncj00wnb1yi5o9oq5j2	cmh3ira4m0000146d60lv420u	cmh3jojja0001yxdjc2chwm57	cmh3v0ij7000gb1yi0d87jbmv	cmh3v0nce00wlb1yi7m69qef3	2.00	2026-08-10 00:00:00	2026-09-21 00:00:00	2026-W33	2026-W39	ACTIVE	2025-10-23 20:13:26.708	2025-10-23 23:36:21.545	LOTE-100-EB-33-CP-26
cmh3v0ncr00wpb1yipxkxnbi7	cmh3ira4m0000146d60lv420u	cmh3jq5rp0003yxdj8pxj0lzv	cmh3v0ij7000gb1yi0d87jbmv	cmh3v0nce00wlb1yi7m69qef3	2.00	2026-08-10 00:00:00	2026-09-21 00:00:00	2026-W33	2026-W39	ACTIVE	2025-10-23 20:13:26.716	2025-10-23 23:36:21.573	LOTE-100-EB-33-CP-26
cmh3v0nel00wzb1yi2zcsewtj	cmh3ira4m0000146d60lv420u	cmh3jq5rp0003yxdj8pxj0lzv	cmh3v0ij7000gb1yi0d87jbmv	cmh3v0nce00wlb1yi7m69qef3	2.00	2026-08-17 00:00:00	2026-09-28 00:00:00	2026-W34	2026-W40	ACTIVE	2025-10-23 20:13:26.781	2025-10-23 23:36:21.693	LOTE-100-EB-34-CP-26
cmh3v0nfq00x3b1yip5k4cst5	cmh3v0ikf000tb1yimyau3cpe	cmh3v0iko000vb1yikfndymlt	cmh3v0ihb0003b1yi2990lnq5	cmh3v0lw000r3b1yica7qoktx	2.00	2026-08-17 00:00:00	2026-10-05 00:00:00	2026-W34	2026-W41	ACTIVE	2025-10-23 20:13:26.822	2025-10-23 23:36:21.745	LOTE-100-BL-34-VI-26
cmh3v0nge00x7b1yijfjhj634	cmh3ira4m0000146d60lv420u	cmh3jojja0001yxdjc2chwm57	cmh3v0ij7000gb1yi0d87jbmv	cmh3v0nce00wlb1yi7m69qef3	2.00	2026-08-24 00:00:00	2026-10-05 00:00:00	2026-W35	2026-W41	ACTIVE	2025-10-23 20:13:26.847	2025-10-23 23:36:21.807	LOTE-100-EB-35-CP-26
cmh3v0ngk00x9b1yigxdcaitm	cmh3ira4m0000146d60lv420u	cmh3jq5rp0003yxdj8pxj0lzv	cmh3v0ij7000gb1yi0d87jbmv	cmh3v0nce00wlb1yi7m69qef3	2.00	2026-08-24 00:00:00	2026-10-05 00:00:00	2026-W35	2026-W41	ACTIVE	2025-10-23 20:13:26.853	2025-10-23 23:36:21.824	LOTE-100-EB-35-CP-26
cmh3v0nhu00xfb1yiy650iw1l	cmh3ira4m0000146d60lv420u	cmh3jojja0001yxdjc2chwm57	cmh3v0ij7000gb1yi0d87jbmv	cmh3v0nce00wlb1yi7m69qef3	2.00	2026-08-31 00:00:00	2026-10-12 00:00:00	2026-W36	2026-W42	ACTIVE	2025-10-23 20:13:26.899	2025-10-23 23:36:21.907	LOTE-100-EB-36-CP-26
cmh3v0ni600xhb1yilf4w6bge	cmh3ira4m0000146d60lv420u	cmh3jq5rp0003yxdj8pxj0lzv	cmh3v0ij7000gb1yi0d87jbmv	cmh3v0nce00wlb1yi7m69qef3	2.00	2026-08-31 00:00:00	2026-10-12 00:00:00	2026-W36	2026-W42	ACTIVE	2025-10-23 20:13:26.91	2025-10-23 23:36:21.925	LOTE-100-EB-36-CP-26
cmh3v0njd00xnb1yikhhn8sh9	cmh3ira4m0000146d60lv420u	cmh3jojja0001yxdjc2chwm57	cmh3v0ij7000gb1yi0d87jbmv	cmh3v0nce00wlb1yi7m69qef3	2.00	2026-09-07 00:00:00	2026-10-19 00:00:00	2026-W37	2026-W43	ACTIVE	2025-10-23 20:13:26.954	2025-10-23 23:36:22.033	LOTE-100-EB-37-CP-26
cmh3v0n6300vxb1yiokzas5ko	cmh3ira4m0000146d60lv420u	cmh3jq5rp0003yxdj8pxj0lzv	cmh3v0ihb0003b1yi2990lnq5	cmh3v0lw000r3b1yica7qoktx	2.00	2026-07-13 00:00:00	2026-08-24 00:00:00	2026-W29	2026-W35	ACTIVE	2025-10-23 20:13:26.476	2025-10-23 23:36:21.106	LOTE-100-EB-29-VI-26
cmh3v0n6b00vzb1yiyx9mmv40	cmh3v0ikf000tb1yimyau3cpe	cmh3v0iko000vb1yikfndymlt	cmh3v0ihb0003b1yi2990lnq5	cmh3v0lw000r3b1yica7qoktx	2.00	2026-07-13 00:00:00	2026-08-31 00:00:00	2026-W29	2026-W36	ACTIVE	2025-10-23 20:13:26.483	2025-10-23 23:36:21.131	LOTE-100-BL-29-VI-26
cmh3v0n6l00w1b1yit0n8m7hi	cmh3ira4m0000146d60lv420u	cmh3jojja0001yxdjc2chwm57	cmh3v0ihb0003b1yi2990lnq5	cmh3v0lw000r3b1yica7qoktx	2.00	2026-07-20 00:00:00	2026-08-31 00:00:00	2026-W30	2026-W36	ACTIVE	2025-10-23 20:13:26.493	2025-10-23 23:36:21.186	LOTE-100-EB-30-VI-26
cmh3v0nmi00y1b1yi6ondmbte	cmh3v0ikf000tb1yimyau3cpe	cmh3v0iko000vb1yikfndymlt	cmh3v0ihb0003b1yi2990lnq5	cmh3v0lw000r3b1yica7qoktx	2.00	2026-09-14 00:00:00	2026-11-02 00:00:00	2026-W38	2026-W45	ACTIVE	2025-10-23 20:13:27.066	2025-10-23 23:36:22.225	LOTE-100-BL-38-VI-26
cmh3v0nl400xxb1yixc0vkvze	cmh3ira4m0000146d60lv420u	cmh3jojja0001yxdjc2chwm57	cmh3v0ij7000gb1yi0d87jbmv	cmh3v0nce00wlb1yi7m69qef3	2.00	2026-09-14 00:00:00	2026-10-26 00:00:00	2026-W38	2026-W44	ACTIVE	2025-10-23 20:13:27.016	2025-10-23 23:36:22.145	LOTE-100-EB-38-CP-26
cmh3v0nnl00y9b1yi0ieo5tj5	cmh3ira4m0000146d60lv420u	cmh3jq5rp0003yxdj8pxj0lzv	cmh3v0ikx000wb1yior0uo1pl	cmh3v0lvk00qzb1yijzf3ds1q	2.00	2026-09-21 00:00:00	2026-11-02 00:00:00	2026-W39	2026-W45	ACTIVE	2025-10-23 20:13:27.105	2025-10-23 23:36:22.364	LOTE-100-EB-39-PR-26
cmh3v0nn400y7b1yiupaw7dy4	cmh3ira4m0000146d60lv420u	cmh3jojja0001yxdjc2chwm57	cmh3v0ij7000gb1yi0d87jbmv	cmh3v0nce00wlb1yi7m69qef3	2.00	2026-09-21 00:00:00	2026-11-02 00:00:00	2026-W39	2026-W45	ACTIVE	2025-10-23 20:13:27.088	2025-10-23 23:36:22.297	LOTE-100-EB-39-CP-26
cmh3v0np900yhb1yigxrd0hu3	cmh3ira4m0000146d60lv420u	cmh3jq5rp0003yxdj8pxj0lzv	cmh3v0ij7000gb1yi0d87jbmv	cmh3v0nce00wlb1yi7m69qef3	2.00	2026-09-28 00:00:00	2026-11-09 00:00:00	2026-W40	2026-W46	ACTIVE	2025-10-23 20:13:27.165	2025-10-23 23:36:22.425	LOTE-100-EB-40-CP-26
cmh3v0nph00yjb1yirblskvc0	cmh3ira4m0000146d60lv420u	cmh3jq5rp0003yxdj8pxj0lzv	cmh3v0ikx000wb1yior0uo1pl	cmh3v0lvk00qzb1yijzf3ds1q	2.00	2026-09-28 00:00:00	2026-11-09 00:00:00	2026-W40	2026-W46	ACTIVE	2025-10-23 20:13:27.173	2025-10-23 23:36:22.458	LOTE-100-EB-40-PR-26
cmh3v0nqm00ypb1yikv19m63p	cmh3ira4m0000146d60lv420u	cmh3jojja0001yxdjc2chwm57	cmh3v0ij7000gb1yi0d87jbmv	cmh3v0nce00wlb1yi7m69qef3	2.00	2026-10-05 00:00:00	2026-11-16 00:00:00	2026-W41	2026-W47	ACTIVE	2025-10-23 20:13:27.214	2025-10-23 23:36:22.537	LOTE-100-EB-41-CP-26
cmh3v0nsu00ytb1yi2g1ul8y2	cmh3ira4m0000146d60lv420u	cmh3jq5rp0003yxdj8pxj0lzv	cmh3v0ikx000wb1yior0uo1pl	cmh3v0lvk00qzb1yijzf3ds1q	2.00	2026-10-05 00:00:00	2026-11-16 00:00:00	2026-W41	2026-W47	ACTIVE	2025-10-23 20:13:27.294	2025-10-23 23:36:22.594	LOTE-100-EB-41-PR-26
cmh3v0o1k00zhb1yiss96mukw	cmh3v0ikf000tb1yimyau3cpe	cmh3v0iko000vb1yikfndymlt	cmh3v0ioo001zb1yioww7p28y	cmh3v0lhm00o7b1yighsu7ruz	2.00	2026-10-26 00:00:00	2026-12-14 00:00:00	2026-W44	2026-W51	ACTIVE	2025-10-23 20:13:27.609	2025-10-23 23:36:23.086	LOTE-100-BL-44-AT-26
cmh3v0nz600z9b1yiefe9e9ky	cmh3v0ikf000tb1yimyau3cpe	cmh3v0iko000vb1yikfndymlt	cmh3v0ioo001zb1yioww7p28y	cmh3v0lhm00o7b1yighsu7ruz	2.00	2026-10-19 00:00:00	2026-12-07 00:00:00	2026-W43	2026-W50	ACTIVE	2025-10-23 20:13:27.522	2025-10-23 23:36:22.956	LOTE-100-BL-43-AT-26
cmh3v0o0i00zfb1yitwhukbbc	cmh3ira4m0000146d60lv420u	cmh3jq5rp0003yxdj8pxj0lzv	cmh3v0ikx000wb1yior0uo1pl	cmh3v0lvk00qzb1yijzf3ds1q	2.00	2026-10-26 00:00:00	2026-12-07 00:00:00	2026-W44	2026-W50	ACTIVE	2025-10-23 20:13:27.57	2025-10-23 23:36:23.071	LOTE-100-EB-44-PR-26
cmh3v0nzf00zbb1yiyaszk598	cmh3ira4m0000146d60lv420u	cmh3jojja0001yxdjc2chwm57	cmh3v0ioo001zb1yioww7p28y	cmh3v0lhm00o7b1yighsu7ruz	2.00	2026-10-26 00:00:00	2026-11-30 00:00:00	2026-W44	2026-W49	ACTIVE	2025-10-23 20:13:27.532	2025-10-23 23:36:22.981	LOTE-100-EB-44-AT-26
cmh3v0nzs00zdb1yiw3o94koc	cmh3ira4m0000146d60lv420u	cmh3jojja0001yxdjc2chwm57	cmh3v0ij7000gb1yi0d87jbmv	cmh3v0nce00wlb1yi7m69qef3	2.00	2026-10-26 00:00:00	2026-12-14 00:00:00	2026-W44	2026-W51	ACTIVE	2025-10-23 20:13:27.544	2025-10-23 23:36:23.023	LOTE-100-EB-44-CP-26
cmh3v0nkf00xtb1yibon2a6kk	cmh3v0ikf000tb1yimyau3cpe	cmh3v0iko000vb1yikfndymlt	cmh3v0ihb0003b1yi2990lnq5	cmh3v0lw000r3b1yica7qoktx	2.00	2026-09-07 00:00:00	2026-10-26 00:00:00	2026-W37	2026-W44	ACTIVE	2025-10-23 20:13:26.992	2025-10-23 23:36:22.093	LOTE-100-BL-37-VI-26
cmh3v0nmo00y3b1yis75q7xh1	cmh3rdhnv001c5npe8kzf0osx	cmh3v0ioi001yb1yidu867red	cmh3v0ioo001zb1yioww7p28y	cmh3v0lhm00o7b1yighsu7ruz	2.00	2026-09-14 00:00:00	2026-10-19 00:00:00	2026-W38	2026-W43	ACTIVE	2025-10-23 20:13:27.073	2025-10-23 23:36:22.242	LOTE-100-AR-38-AT-26
cmh3v0nmw00y5b1yiomxttlug	cmh3ira4m0000146d60lv420u	cmh3jojja0001yxdjc2chwm57	cmh3v0ihb0003b1yi2990lnq5	cmh3v0lw000r3b1yica7qoktx	2.00	2026-09-21 00:00:00	2026-11-02 00:00:00	2026-W39	2026-W45	ACTIVE	2025-10-23 20:13:27.08	2025-10-23 23:36:22.259	LOTE-100-EB-39-VI-26
cmh3v0noi00ybb1yiinmsop9h	cmh3rdhnv001c5npe8kzf0osx	cmh3v0ioi001yb1yidu867red	cmh3v0ioo001zb1yioww7p28y	cmh3v0lhm00o7b1yighsu7ruz	2.00	2026-09-21 00:00:00	2026-10-26 00:00:00	2026-W39	2026-W44	ACTIVE	2025-10-23 20:13:27.138	2025-10-23 23:36:22.38	LOTE-100-AR-39-AT-26
cmh3v0not00ydb1yi8j09kigw	cmh3ira4m0000146d60lv420u	cmh3jojja0001yxdjc2chwm57	cmh3v0ihb0003b1yi2990lnq5	cmh3v0lw000r3b1yica7qoktx	2.00	2026-09-28 00:00:00	2026-11-09 00:00:00	2026-W40	2026-W46	ACTIVE	2025-10-23 20:13:27.15	2025-10-23 23:36:22.396	LOTE-100-EB-40-VI-26
cmh3v0np100yfb1yiy3m5iufs	cmh3ira4m0000146d60lv420u	cmh3jojja0001yxdjc2chwm57	cmh3v0ij7000gb1yi0d87jbmv	cmh3v0nce00wlb1yi7m69qef3	2.00	2026-09-28 00:00:00	2026-11-09 00:00:00	2026-W40	2026-W46	ACTIVE	2025-10-23 20:13:27.158	2025-10-23 23:36:22.411	LOTE-100-EB-40-CP-26
cmh3v0npt00ylb1yibpsmahff	cmh3ira4m0000146d60lv420u	cmh3jojja0001yxdjc2chwm57	cmh3v0ikx000wb1yior0uo1pl	cmh3v0lvk00qzb1yijzf3ds1q	2.00	2026-09-28 00:00:00	2026-11-09 00:00:00	2026-W40	2026-W46	ACTIVE	2025-10-23 20:13:27.186	2025-10-23 23:36:22.479	LOTE-100-EB-40-PR-26
cmh3v0nq400ynb1yi5i9tnl1y	cmh3v0ikf000tb1yimyau3cpe	cmh3v0iko000vb1yikfndymlt	cmh3v0ioo001zb1yioww7p28y	cmh3v0lhm00o7b1yighsu7ruz	2.00	2026-09-28 00:00:00	2026-11-16 00:00:00	2026-W40	2026-W47	ACTIVE	2025-10-23 20:13:27.197	2025-10-23 23:36:22.497	LOTE-100-BL-40-AT-26
cmh3v0ns400yrb1yiip9794pd	cmh3ira4m0000146d60lv420u	cmh3jq5rp0003yxdj8pxj0lzv	cmh3v0ij7000gb1yi0d87jbmv	cmh3v0nce00wlb1yi7m69qef3	2.00	2026-10-05 00:00:00	2026-11-16 00:00:00	2026-W41	2026-W47	ACTIVE	2025-10-23 20:13:27.268	2025-10-23 23:36:22.56	LOTE-100-EB-41-CP-26
cmh3v0ntw00yvb1yix7r4sfwf	cmh3ira4m0000146d60lv420u	cmh3jojja0001yxdjc2chwm57	cmh3v0ikx000wb1yior0uo1pl	cmh3v0lvk00qzb1yijzf3ds1q	2.00	2026-10-05 00:00:00	2026-11-16 00:00:00	2026-W41	2026-W47	ACTIVE	2025-10-23 20:13:27.333	2025-10-23 23:36:22.61	LOTE-100-EB-41-PR-26
cmh3v0nua00yxb1yi7bj39lgy	cmh3v0ikf000tb1yimyau3cpe	cmh3v0iko000vb1yikfndymlt	cmh3v0ioo001zb1yioww7p28y	cmh3v0lhm00o7b1yighsu7ruz	2.00	2026-10-05 00:00:00	2026-11-23 00:00:00	2026-W41	2026-W48	ACTIVE	2025-10-23 20:13:27.346	2025-10-23 23:36:22.627	LOTE-100-BL-41-AT-26
cmh3v0nuj00yzb1yisw2zo3u6	cmh3ira4m0000146d60lv420u	cmh3jojja0001yxdjc2chwm57	cmh3v0ij7000gb1yi0d87jbmv	cmh3v0nce00wlb1yi7m69qef3	2.00	2026-10-12 00:00:00	2026-11-23 00:00:00	2026-W42	2026-W48	ACTIVE	2025-10-23 20:13:27.356	2025-10-23 23:36:22.676	LOTE-100-EB-42-CP-26
cmh3v0nvn00z1b1yiz5hj407n	cmh3ira4m0000146d60lv420u	cmh3jq5rp0003yxdj8pxj0lzv	cmh3v0ikx000wb1yior0uo1pl	cmh3v0lvk00qzb1yijzf3ds1q	2.00	2026-10-12 00:00:00	2026-11-23 00:00:00	2026-W42	2026-W48	ACTIVE	2025-10-23 20:13:27.395	2025-10-23 23:36:22.742	LOTE-100-EB-42-PR-26
cmh3v0nx200z3b1yiaicbv3az	cmh3v0ikf000tb1yimyau3cpe	cmh3v0iko000vb1yikfndymlt	cmh3v0ioo001zb1yioww7p28y	cmh3v0lhm00o7b1yighsu7ruz	2.00	2026-10-12 00:00:00	2026-11-30 00:00:00	2026-W42	2026-W49	ACTIVE	2025-10-23 20:13:27.446	2025-10-23 23:36:22.765	LOTE-100-BL-42-AT-26
cmh3v0nyh00z7b1yizgmxqw83	cmh3ira4m0000146d60lv420u	cmh3jq5rp0003yxdj8pxj0lzv	cmh3v0ikx000wb1yior0uo1pl	cmh3v0lvk00qzb1yijzf3ds1q	2.00	2026-10-19 00:00:00	2026-11-30 00:00:00	2026-W43	2026-W49	ACTIVE	2025-10-23 20:13:27.498	2025-10-23 23:36:22.928	LOTE-100-EB-43-PR-26
cmh3v0o1t00zjb1yi5v8m1ine	cmh3ira4m0000146d60lv420u	cmh3jojja0001yxdjc2chwm57	cmh3v0ioo001zb1yioww7p28y	cmh3v0lhm00o7b1yighsu7ruz	2.00	2026-11-02 00:00:00	2026-12-07 00:00:00	2026-W45	2026-W50	ACTIVE	2025-10-23 20:13:27.617	2025-10-23 23:36:23.102	LOTE-100-EB-45-AT-26
cmh3v0nkr00xvb1yivvqqgv4c	cmh3ira4m0000146d60lv420u	cmh3jojja0001yxdjc2chwm57	cmh3v0ihb0003b1yi2990lnq5	cmh3v0lw000r3b1yica7qoktx	2.00	2026-09-14 00:00:00	2026-10-26 00:00:00	2026-W38	2026-W44	ACTIVE	2025-10-23 20:13:27.003	2025-10-23 23:36:22.109	LOTE-100-EB-38-VI-26
cmh3v0nlt00xzb1yibdo5u86n	cmh3ira4m0000146d60lv420u	cmh3jq5rp0003yxdj8pxj0lzv	cmh3v0ikx000wb1yior0uo1pl	cmh3v0lvk00qzb1yijzf3ds1q	2.00	2026-09-14 00:00:00	2026-10-26 00:00:00	2026-W38	2026-W44	ACTIVE	2025-10-23 20:13:27.042	2025-10-23 23:36:22.209	LOTE-100-EB-38-PR-26
cmh3v0o2200zlb1yij51kwccu	cmh3ira4m0000146d60lv420u	cmh3jojja0001yxdjc2chwm57	cmh3v0ij7000gb1yi0d87jbmv	cmh3v0nce00wlb1yi7m69qef3	2.00	2026-11-02 00:00:00	2026-12-21 00:00:00	2026-W45	2026-W52	ACTIVE	2025-10-23 20:13:27.627	2025-10-23 23:36:23.13	LOTE-100-EB-45-CP-26
cmh3v0o5n00zzb1yildlmojs8	cmh3rdhnv001c5npe8kzf0osx	cmh3v0ioi001yb1yidu867red	cmh3v0ioo001zb1yioww7p28y	cmh3v0lhm00o7b1yighsu7ruz	2.00	2026-10-12 00:00:00	2026-11-30 00:00:00	2026-W42	2026-W49	ACTIVE	2025-10-23 20:13:27.755	2025-10-23 23:36:23.338	LOTE-100-AR-42-AT-26
cmh3v0o3n00zrb1yizh6rivrq	cmh3ira4m0000146d60lv420u	cmh3jojja0001yxdjc2chwm57	cmh3v0ij7000gb1yi0d87jbmv	cmh3v0nce00wlb1yi7m69qef3	2.00	2026-11-09 00:00:00	2027-01-04 00:00:00	2026-W46	2027-W01	ACTIVE	2025-10-23 20:13:27.684	2025-10-23 23:36:23.254	LOTE-100-EB-46-CP-26
cmh3v0o5500zxb1yi1s9q3n32	cmh3ira4m0000146d60lv420u	cmh3jq5rp0003yxdj8pxj0lzv	cmh3v0ikx000wb1yior0uo1pl	cmh3v0lvk00qzb1yijzf3ds1q	2.00	2026-11-09 00:00:00	2026-12-21 00:00:00	2026-W46	2026-W52	ACTIVE	2025-10-23 20:13:27.737	2025-10-23 23:36:23.323	LOTE-100-EB-46-PR-26
cmh3v0o650103b1yic5a5tsb7	cmh3ira4m0000146d60lv420u	cmh3jojja0001yxdjc2chwm57	cmh3v0ij7000gb1yi0d87jbmv	cmh3v0nce00wlb1yi7m69qef3	2.00	2026-11-16 00:00:00	2027-01-11 00:00:00	2026-W47	2027-W02	ACTIVE	2025-10-23 20:13:27.774	2025-10-23 23:36:23.397	LOTE-100-EB-47-CP-26
cmh3v0o7m0109b1yiukszptlk	cmh3ira4m0000146d60lv420u	cmh3jq5rp0003yxdj8pxj0lzv	cmh3v0ikx000wb1yior0uo1pl	cmh3v0lvk00qzb1yijzf3ds1q	2.00	2026-11-16 00:00:00	2027-01-11 00:00:00	2026-W47	2027-W02	ACTIVE	2025-10-23 20:13:27.826	2025-10-23 23:36:23.478	LOTE-100-EB-47-PR-26
cmh3v0o8l010fb1yiyqyb51rs	cmh3ira4m0000146d60lv420u	cmh3jojja0001yxdjc2chwm57	cmh3v0ij7000gb1yi0d87jbmv	cmh3v0nce00wlb1yi7m69qef3	2.00	2026-11-23 00:00:00	2027-01-18 00:00:00	2026-W48	2027-W03	ACTIVE	2025-10-23 20:13:27.862	2025-10-23 23:36:23.544	LOTE-100-EB-48-CP-26
cmh3v0o9l010lb1yibnoriasr	cmh3ira4m0000146d60lv420u	cmh3jq5rp0003yxdj8pxj0lzv	cmh3v0ikx000wb1yior0uo1pl	cmh3v0lvk00qzb1yijzf3ds1q	2.00	2026-11-23 00:00:00	2027-01-18 00:00:00	2026-W48	2027-W03	ACTIVE	2025-10-23 20:13:27.898	2025-10-23 23:36:23.636	LOTE-100-EB-48-PR-26
cmh3v0oal010pb1yi9fmodurs	cmh3ira4m0000146d60lv420u	cmh3jojja0001yxdjc2chwm57	cmh3v0ij7000gb1yi0d87jbmv	cmh3v0nce00wlb1yi7m69qef3	2.00	2026-11-30 00:00:00	2027-02-01 00:00:00	2026-W49	2027-W05	ACTIVE	2025-10-23 20:13:27.934	2025-10-23 23:36:23.69	LOTE-100-EB-49-CP-26
cmh3v0obt010vb1yi0wwwytqo	cmh3ira4m0000146d60lv420u	cmh3jq5rp0003yxdj8pxj0lzv	cmh3v0ikx000wb1yior0uo1pl	cmh3v0lvk00qzb1yijzf3ds1q	2.00	2026-11-30 00:00:00	2027-01-25 00:00:00	2026-W49	2027-W04	ACTIVE	2025-10-23 20:13:27.978	2025-10-23 23:36:23.787	LOTE-100-EB-49-PR-26
cmh3v0off011db1yiry7ox7wm	cmh3ira4m0000146d60lv420u	cmh3jq5rp0003yxdj8pxj0lzv	cmh3v0ioo001zb1yioww7p28y	cmh3v0lhm00o7b1yighsu7ruz	2.00	2026-12-21 00:00:00	2027-02-15 00:00:00	2026-W52	2027-W07	ACTIVE	2025-10-23 20:13:28.108	2025-10-23 23:36:23.998	LOTE-100-EB-52-AT-26
cmh3v0odo0115b1yiwmq3two4	cmh3ira4m0000146d60lv420u	cmh3jq5rp0003yxdj8pxj0lzv	cmh3v0ikx000wb1yior0uo1pl	cmh3v0lvk00qzb1yijzf3ds1q	2.00	2026-12-14 00:00:00	2027-02-15 00:00:00	2026-W51	2027-W07	ACTIVE	2025-10-23 20:13:28.044	2025-10-23 23:36:23.902	LOTE-100-EB-51-PR-26
cmh3v0oep0119b1yi1gk4wzxn	cmh3ira4m0000146d60lv420u	cmh3jojja0001yxdjc2chwm57	cmh3v0ij7000gb1yi0d87jbmv	cmh3v0nce00wlb1yi7m69qef3	2.00	2026-12-21 00:00:00	2027-02-22 00:00:00	2026-W52	2027-W08	ACTIVE	2025-10-23 20:13:28.081	2025-10-23 23:36:23.958	LOTE-100-EB-52-CP-26
cmh3v0o4w00zvb1yiirzc1cdr	cmh3ira4m0000146d60lv420u	cmh3jq5rp0003yxdj8pxj0lzv	cmh3v0ioo001zb1yioww7p28y	cmh3v0lhm00o7b1yighsu7ruz	2.00	2026-11-09 00:00:00	2026-12-14 00:00:00	2026-W46	2026-W51	ACTIVE	2025-10-23 20:13:27.728	2025-10-23 23:36:23.293	LOTE-100-EB-46-AT-26
cmh3v0o5v0101b1yi9h0s8sky	cmh3v0ikf000tb1yimyau3cpe	cmh3v0iko000vb1yikfndymlt	cmh3v0ioo001zb1yioww7p28y	cmh3v0lhm00o7b1yighsu7ruz	2.00	2026-11-09 00:00:00	2027-01-04 00:00:00	2026-W46	2027-W01	ACTIVE	2025-10-23 20:13:27.763	2025-10-23 23:36:23.356	LOTE-100-BL-46-AT-26
cmh3v0o6u0105b1yi9uixcgot	cmh3ira4m0000146d60lv420u	cmh3jojja0001yxdjc2chwm57	cmh3v0ioo001zb1yioww7p28y	cmh3v0lhm00o7b1yighsu7ruz	2.00	2026-11-16 00:00:00	2027-01-04 00:00:00	2026-W47	2027-W01	ACTIVE	2025-10-23 20:13:27.798	2025-10-23 23:36:23.422	LOTE-100-EB-47-AT-26
cmh3v0o770107b1yigdhuy0b8	cmh3ira4m0000146d60lv420u	cmh3jq5rp0003yxdj8pxj0lzv	cmh3v0ioo001zb1yioww7p28y	cmh3v0lhm00o7b1yighsu7ruz	2.00	2026-11-16 00:00:00	2027-01-04 00:00:00	2026-W47	2027-W01	ACTIVE	2025-10-23 20:13:27.812	2025-10-23 23:36:23.443	LOTE-100-EB-47-AT-26
cmh3v0o84010bb1yivjljjfco	cmh3rdhnv001c5npe8kzf0osx	cmh3v0ioi001yb1yidu867red	cmh3v0ioo001zb1yioww7p28y	cmh3v0lhm00o7b1yighsu7ruz	2.00	2026-10-19 00:00:00	2026-12-07 00:00:00	2026-W43	2026-W50	ACTIVE	2025-10-23 20:13:27.844	2025-10-23 23:36:23.494	LOTE-100-AR-43-AT-26
cmh3v0o8d010db1yinjzm7o8v	cmh3v0ikf000tb1yimyau3cpe	cmh3v0iko000vb1yikfndymlt	cmh3v0ioo001zb1yioww7p28y	cmh3v0lhm00o7b1yighsu7ruz	2.00	2026-11-16 00:00:00	2027-01-11 00:00:00	2026-W47	2027-W02	ACTIVE	2025-10-23 20:13:27.853	2025-10-23 23:36:23.51	LOTE-100-BL-47-AT-26
cmh3v0o92010hb1yiiwcy7z6e	cmh3ira4m0000146d60lv420u	cmh3jojja0001yxdjc2chwm57	cmh3v0ioo001zb1yioww7p28y	cmh3v0lhm00o7b1yighsu7ruz	2.00	2026-11-23 00:00:00	2027-01-11 00:00:00	2026-W48	2027-W02	ACTIVE	2025-10-23 20:13:27.879	2025-10-23 23:36:23.56	LOTE-100-EB-48-AT-26
cmh3v0o9b010jb1yil7hl34y4	cmh3ira4m0000146d60lv420u	cmh3jq5rp0003yxdj8pxj0lzv	cmh3v0ioo001zb1yioww7p28y	cmh3v0lhm00o7b1yighsu7ruz	2.00	2026-11-23 00:00:00	2027-01-11 00:00:00	2026-W48	2027-W02	ACTIVE	2025-10-23 20:13:27.888	2025-10-23 23:36:23.581	LOTE-100-EB-48-AT-26
cmh3v0oa8010nb1yibt97sfr5	cmh3v0ikf000tb1yimyau3cpe	cmh3v0iko000vb1yikfndymlt	cmh3v0ioo001zb1yioww7p28y	cmh3v0lhm00o7b1yighsu7ruz	2.00	2026-11-23 00:00:00	2027-01-18 00:00:00	2026-W48	2027-W03	ACTIVE	2025-10-23 20:13:27.92	2025-10-23 23:36:23.652	LOTE-100-BL-48-AT-26
cmh3v0obc010rb1yipb41tczn	cmh3ira4m0000146d60lv420u	cmh3jojja0001yxdjc2chwm57	cmh3v0ioo001zb1yioww7p28y	cmh3v0lhm00o7b1yighsu7ruz	2.00	2026-11-30 00:00:00	2027-01-18 00:00:00	2026-W49	2027-W03	ACTIVE	2025-10-23 20:13:27.96	2025-10-23 23:36:23.72	LOTE-100-EB-49-AT-26
cmh3v0obl010tb1yi26xszan3	cmh3ira4m0000146d60lv420u	cmh3jq5rp0003yxdj8pxj0lzv	cmh3v0ioo001zb1yioww7p28y	cmh3v0lhm00o7b1yighsu7ruz	2.00	2026-11-30 00:00:00	2027-01-18 00:00:00	2026-W49	2027-W03	ACTIVE	2025-10-23 20:13:27.969	2025-10-23 23:36:23.74	LOTE-100-EB-49-AT-26
cmh3v0oc9010xb1yintxax0gp	cmh3v0ikf000tb1yimyau3cpe	cmh3v0iko000vb1yikfndymlt	cmh3v0ioo001zb1yioww7p28y	cmh3v0lhm00o7b1yighsu7ruz	2.00	2026-11-30 00:00:00	2027-01-25 00:00:00	2026-W49	2027-W04	ACTIVE	2025-10-23 20:13:27.994	2025-10-23 23:36:23.803	LOTE-100-BL-49-AT-26
cmh3v0od10111b1yiy2s77svd	cmh3ira4m0000146d60lv420u	cmh3jojja0001yxdjc2chwm57	cmh3v0ioo001zb1yioww7p28y	cmh3v0lhm00o7b1yighsu7ruz	2.00	2026-12-14 00:00:00	2027-02-08 00:00:00	2026-W51	2027-W06	ACTIVE	2025-10-23 20:13:28.022	2025-10-23 23:36:23.853	LOTE-100-EB-51-AT-26
cmh3v0odc0113b1yijm0vajuz	cmh3ira4m0000146d60lv420u	cmh3jq5rp0003yxdj8pxj0lzv	cmh3v0ioo001zb1yioww7p28y	cmh3v0lhm00o7b1yighsu7ruz	2.00	2026-12-14 00:00:00	2027-02-08 00:00:00	2026-W51	2027-W06	ACTIVE	2025-10-23 20:13:28.033	2025-10-23 23:36:23.868	LOTE-100-EB-51-AT-26
cmh3v0of6011bb1yil6ktdmga	cmh3ira4m0000146d60lv420u	cmh3jojja0001yxdjc2chwm57	cmh3v0ioo001zb1yioww7p28y	cmh3v0lhm00o7b1yighsu7ruz	2.00	2026-12-21 00:00:00	2027-02-15 00:00:00	2026-W52	2027-W07	ACTIVE	2025-10-23 20:13:28.099	2025-10-23 23:36:23.983	LOTE-100-EB-52-AT-26
cmh3v0o2i00znb1yine5atz8f	cmh3ira4m0000146d60lv420u	cmh3jq5rp0003yxdj8pxj0lzv	cmh3v0ikx000wb1yior0uo1pl	cmh3v0lvk00qzb1yijzf3ds1q	2.00	2026-11-02 00:00:00	2026-12-14 00:00:00	2026-W45	2026-W51	ACTIVE	2025-10-23 20:13:27.642	2025-10-23 23:36:23.185	LOTE-100-EB-45-PR-26
cmh3v0o3c00zpb1yiepwxjlr9	cmh3v0ikf000tb1yimyau3cpe	cmh3v0iko000vb1yikfndymlt	cmh3v0ioo001zb1yioww7p28y	cmh3v0lhm00o7b1yighsu7ruz	2.00	2026-11-02 00:00:00	2026-12-21 00:00:00	2026-W45	2026-W52	ACTIVE	2025-10-23 20:13:27.672	2025-10-23 23:36:23.206	LOTE-100-BL-45-AT-26
cmh3v0o4g00ztb1yi4xmyjtdi	cmh3ira4m0000146d60lv420u	cmh3jojja0001yxdjc2chwm57	cmh3v0ioo001zb1yioww7p28y	cmh3v0lhm00o7b1yighsu7ruz	2.00	2026-11-09 00:00:00	2026-12-14 00:00:00	2026-W46	2026-W51	ACTIVE	2025-10-23 20:13:27.712	2025-10-23 23:36:23.274	LOTE-100-EB-46-AT-26
cmh3v0ofo011fb1yil80trlx6	cmh3ira4m0000146d60lv420u	cmh3jq5rp0003yxdj8pxj0lzv	cmh3v0ikx000wb1yior0uo1pl	cmh3v0lvk00qzb1yijzf3ds1q	2.00	2026-12-21 00:00:00	2027-02-22 00:00:00	2026-W52	2027-W08	ACTIVE	2025-10-23 20:13:28.117	2025-10-23 23:36:24.033	LOTE-100-EB-52-PR-26
cmh3v0kj000hfb1yi56dqn5sc	cmh3ira4m0000146d60lv420u	cmh3jq5rp0003yxdj8pxj0lzv	cmh3v0ikx000wb1yior0uo1pl	cmh3v0kit00hdb1yi6v71klkt	1.97	2025-08-25 00:00:00	2025-10-06 00:00:00	2025-W35	2025-W41	ACTIVE	2025-10-23 20:13:23.052	2025-10-23 23:36:13.497	LOTE-445-EB-35-41-PR-25
cmh3v0nju00xrb1yi1jn1lyab	cmh3ira4m0000146d60lv420u	cmh3jq5rp0003yxdj8pxj0lzv	cmh3v0ikx000wb1yior0uo1pl	cmh3v0lvk00qzb1yijzf3ds1q	2.00	2026-09-07 00:00:00	2026-10-19 00:00:00	2026-W37	2026-W43	ACTIVE	2025-10-23 20:13:26.971	2025-10-23 23:36:22.079	LOTE-100-EB-37-PR-26
cmh3v0ogv011jb1yivcmqlt7w	cmh3rdhnv001c5npe8kzf0osx	cmh3v0ioi001yb1yidu867red	cmh3v0ioo001zb1yioww7p28y	cmh3v0lhm00o7b1yighsu7ruz	2.00	2026-11-23 00:00:00	2027-01-18 00:00:00	2026-W48	2027-W03	ACTIVE	2025-10-23 20:13:28.159	2025-10-23 23:36:24.08	LOTE-100-AR-48-AT-26
cmh3v0oeg0117b1yibny0uyur	cmh3v0ikf000tb1yimyau3cpe	cmh3v0iko000vb1yikfndymlt	cmh3v0ioo001zb1yioww7p28y	cmh3v0lhm00o7b1yighsu7ruz	2.00	2026-12-21 00:00:00	2027-02-15 00:00:00	2026-W52	2027-W07	ACTIVE	2025-10-23 20:13:28.072	2025-10-23 23:36:24.047	LOTE-100-BL-52-AT-26
cmh3v0oi6011rb1yiwbgus9kf	cmh3rdinp00285npe2h0qvs1v	cmh3v0oh4011lb1yiuxacfl0t	cmh3v0ij7000gb1yi0d87jbmv	cmh3v0lc800njb1yi79f0r7a3	1.00	2025-07-07 00:00:00	2025-09-01 00:00:00	2025-W28	2025-W36	ACTIVE	2025-10-23 20:13:28.207	2025-10-23 23:36:24.135	LOTE-282-KL-28-CP-25
cmh3v0oik011tb1yivnnjtqql	cmh3rdinp00285npe2h0qvs1v	cmh3v0oh4011lb1yiuxacfl0t	cmh3v0ij7000gb1yi0d87jbmv	cmh3v0la200n3b1yiv2d167wb	2.00	2025-07-14 00:00:00	2025-09-08 00:00:00	2025-W29	2025-W37	ACTIVE	2025-10-23 20:13:28.22	2025-10-23 23:36:24.158	LOTE-292-KL-29-CP-25
cmh3v0oit011vb1yi1svvxldw	cmh3rdinp00285npe2h0qvs1v	cmh3v0oh4011lb1yiuxacfl0t	cmh3v0ij7000gb1yi0d87jbmv	cmh3v0la200n3b1yiv2d167wb	2.00	2025-07-21 00:00:00	2025-09-15 00:00:00	2025-W30	2025-W38	ACTIVE	2025-10-23 20:13:28.229	2025-10-23 23:36:24.182	LOTE-292-KL-30-CP-25
cmh3v0ihw0007b1yi0fcq3n2p	cmh3v0ige0000b1yi7y0oj693	cmh3v0ih40002b1yiujjd648z	cmh3v0ihb0003b1yi2990lnq5	cmh3v0ihl0005b1yixwx6hoth	2.00	2025-02-17 00:00:00	2025-04-28 00:00:00	2025-W08	2025-W18	ACTIVE	2025-10-23 20:13:20.42	2025-10-23 23:36:09.408	LOTE-543-EG-8-18-VI-25
cmh3v0iv8003nb1yibtqot277	cmh3v0ikf000tb1yimyau3cpe	cmh3v0iko000vb1yikfndymlt	cmh3v0ikx000wb1yior0uo1pl	cmh3v0iv4003lb1yiv7xf4gi8	1.68	2025-03-10 00:00:00	2025-05-05 00:00:00	2025-W11	2025-W19	ACTIVE	2025-10-23 20:13:20.9	2025-10-23 23:36:10.125	LOTE-443-BL-11-19-PR-25
cmh3v0j8u0072b1yi1nxm65le	cmh3v0ikf000tb1yimyau3cpe	cmh3v0iko000vb1yikfndymlt	cmh3v0ikx000wb1yior0uo1pl	cmh3v0j8n0070b1yitheozqxh	1.00	2025-04-07 00:00:00	2025-05-26 00:00:00	2025-W15	2025-W22	ACTIVE	2025-10-23 20:13:21.39	2025-10-23 23:36:10.817	LOTE-412-BL-15-22-PR-25
cmh3v0jlt00aeb1yilpd8p0r0	cmh3v0ikf000tb1yimyau3cpe	cmh3v0iko000vb1yikfndymlt	cmh3v0ioo001zb1yioww7p28y	cmh3v0jlm00acb1yijxerzu2g	0.72	2025-05-05 00:00:00	2025-05-19 00:00:00	2025-W19	2025-W21	ACTIVE	2025-10-23 20:13:21.857	2025-10-23 23:36:11.451	LOTE-134-BL-19-24-AT-25
cmh3v0li800ofb1yiqxm47z07	cmh3v0ikf000tb1yimyau3cpe	cmh3v0iko000vb1yikfndymlt	cmh3v0ioo001zb1yioww7p28y	cmh3v0li500odb1yigt1l6qfw	2.00	2025-12-29 00:00:00	2026-02-23 00:00:00	2026-W01	2026-W09	ACTIVE	2025-10-23 20:13:24.321	2025-10-23 23:36:16.988	LOTE-137-BL-1-AT-26
cmh3v0loy00ppb1yi1slx4hku	cmh3ira4m0000146d60lv420u	cmh3jojja0001yxdjc2chwm57	cmh3v0ioo001zb1yioww7p28y	cmh3v0lhm00o7b1yighsu7ruz	2.00	2026-01-26 00:00:00	2026-03-16 00:00:00	2026-W05	2026-W12	ACTIVE	2025-10-23 20:13:24.563	2025-10-23 23:36:17.548	LOTE-100-EB-5-AT-26
cmh3v0lse00qdb1yi8g3qwunk	cmh3ira4m0000146d60lv420u	cmh3jq5rp0003yxdj8pxj0lzv	cmh3v0ij7000gb1yi0d87jbmv	cmh3v0ls900qbb1yi3dhe6960	2.00	2026-02-02 00:00:00	2026-03-30 00:00:00	2026-W06	2026-W14	ACTIVE	2025-10-23 20:13:24.686	2025-10-23 23:36:18.072	LOTE-244-EB-6-CP-26
cmh3v0ksk00jjb1yiyxhwivb3	cmh3ira4m0000146d60lv420u	cmh3jojja0001yxdjc2chwm57	cmh3v0ij7000gb1yi0d87jbmv	cmh3v0ksd00jhb1yitca4899j	1.79	2025-09-22 00:00:00	2025-11-10 00:00:00	2025-W39	2025-W46	ACTIVE	2025-10-23 20:13:23.397	2025-10-23 23:36:14.051	LOTE-264-EB-39-46-CP-25
cmh3v0kwy00kbb1yi8djvnx46	cmh3ira4m0000146d60lv420u	cmh3jq5rp0003yxdj8pxj0lzv	cmh3v0ihb0003b1yi2990lnq5	cmh3v0j940074b1yi3jou0e7g	1.00	2025-10-06 00:00:00	2025-11-24 00:00:00	2025-W41	2025-W48	ACTIVE	2025-10-23 20:13:23.554	2025-10-23 23:36:14.293	LOTE-534-EB-41-48-VI-25
cmh3v0k7v00fdb1yisy7hupan	cmh3ira4m0000146d60lv420u	cmh3jq5rp0003yxdj8pxj0lzv	cmh3v0ikx000wb1yior0uo1pl	cmh3v0iqa002bb1yiollyq92h	2.00	2025-07-21 00:00:00	2025-09-01 00:00:00	2025-W30	2025-W36	ACTIVE	2025-10-23 20:13:22.651	2025-10-23 23:36:12.802	LOTE-424-EB-30-36-PR-25
cmh3v0khx00h5b1yi291q7510	cmh3ira4m0000146d60lv420u	cmh3jojja0001yxdjc2chwm57	cmh3v0ij7000gb1yi0d87jbmv	cmh3v0ive003pb1yiwfvabazx	2.00	2025-08-25 00:00:00	2025-10-06 00:00:00	2025-W35	2025-W41	ACTIVE	2025-10-23 20:13:23.014	2025-10-23 23:36:13.453	LOTE-251-EB-35-42-CP-25
cmh3v0lzh00rlb1yixxnn2ugw	cmh3ira4m0000146d60lv420u	cmh3jq5rp0003yxdj8pxj0lzv	cmh3v0ikx000wb1yior0uo1pl	cmh3v0jla00a8b1yi6k411jov	2.87	2026-02-23 00:00:00	2026-04-13 00:00:00	2026-W09	2026-W16	ACTIVE	2025-10-23 20:13:24.941	2025-10-23 23:36:18.638	LOTE-438-EB-9-PR-26
cmh3v0mhv00trb1yicgubvrei	cmh3v0ikf000tb1yimyau3cpe	cmh3v0iko000vb1yikfndymlt	cmh3v0ikx000wb1yior0uo1pl	cmh3v0l3400ljb1yibd46hgu0	2.00	2026-04-13 00:00:00	2026-06-01 00:00:00	2026-W16	2026-W23	ACTIVE	2025-10-23 20:13:25.603	2025-10-23 23:36:19.688	LOTE-451-BL-16-PR-26
cmh3v0n2k00vlb1yifyqywnpu	cmh3rdhnv001c5npe8kzf0osx	cmh3v0ioi001yb1yidu867red	cmh3v0ihb0003b1yi2990lnq5	cmh3v0lw000r3b1yica7qoktx	2.00	2026-06-22 00:00:00	2026-08-03 00:00:00	2026-W26	2026-W32	ACTIVE	2025-10-23 20:13:26.349	2025-10-23 23:36:20.9	LOTE-100-AR-26-VI-26
cmh3v0n5300vvb1yildy0qmer	cmh3ira4m0000146d60lv420u	cmh3jojja0001yxdjc2chwm57	cmh3v0ihb0003b1yi2990lnq5	cmh3v0lw000r3b1yica7qoktx	2.00	2026-07-13 00:00:00	2026-08-24 00:00:00	2026-W29	2026-W35	ACTIVE	2025-10-23 20:13:26.439	2025-10-23 23:36:21.085	LOTE-100-EB-29-VI-26
cmh3v0nxj00z5b1yiq4cgytu3	cmh3ira4m0000146d60lv420u	cmh3jojja0001yxdjc2chwm57	cmh3v0ij7000gb1yi0d87jbmv	cmh3v0nce00wlb1yi7m69qef3	2.00	2026-10-19 00:00:00	2026-11-30 00:00:00	2026-W43	2026-W49	ACTIVE	2025-10-23 20:13:27.463	2025-10-23 23:36:22.823	LOTE-100-EB-43-CP-26
cmh3v0ogj011hb1yip9zz5os7	cmh3rdhnv001c5npe8kzf0osx	cmh3v0ioi001yb1yidu867red	cmh3v0ioo001zb1yioww7p28y	cmh3v0lhm00o7b1yighsu7ruz	2.00	2026-11-16 00:00:00	2027-01-11 00:00:00	2026-W47	2027-W02	ACTIVE	2025-10-23 20:13:28.148	2025-10-23 23:36:24.064	LOTE-100-AR-47-AT-26
cmh3v0ngs00xbb1yitb9e11ct	cmh3ira4m0000146d60lv420u	cmh3jq5rp0003yxdj8pxj0lzv	cmh3v0ikx000wb1yior0uo1pl	cmh3v0lvk00qzb1yijzf3ds1q	2.00	2026-08-24 00:00:00	2026-10-05 00:00:00	2026-W35	2026-W41	ACTIVE	2025-10-23 20:13:26.86	2025-10-23 23:36:21.855	LOTE-100-EB-35-PR-26
cmh3v0oci010zb1yik18bx2bw	cmh3ira4m0000146d60lv420u	cmh3jojja0001yxdjc2chwm57	cmh3v0ij7000gb1yi0d87jbmv	cmh3v0nce00wlb1yi7m69qef3	2.00	2026-12-14 00:00:00	2027-02-15 00:00:00	2026-W51	2027-W07	ACTIVE	2025-10-23 20:13:28.003	2025-10-23 23:36:23.838	LOTE-100-EB-51-CP-26
cmh429fy70003v5xmmfmdpryk	cmh3ira4m0000146d60lv420u	cmh3jojja0001yxdjc2chwm57	cmh3v0ij7000gb1yi0d87jbmv	cmh429fxm0001v5xmgxym0nlb	2.00	2025-10-13 00:00:00	2025-11-24 00:00:00	2025-W42	2025-W48	ACTIVE	2025-10-23 23:36:14.335	2025-10-23 23:36:14.359	LOTE-EB-41-48-CP-25
cmh429g9w0007v5xmyzghnzmc	cmh3ira4m0000146d60lv420u	cmh3jq5rp0003yxdj8pxj0lzv	cmh3v0ikx000wb1yior0uo1pl	cmh429g9j0005v5xmzy86052v	2.00	2025-10-20 00:00:00	2025-12-01 00:00:00	2025-W43	2025-W49	ACTIVE	2025-10-23 23:36:14.757	2025-10-23 23:36:14.757	LOTE-EB-43-49-PR-25
cmh429gcm000bv5xma2excsgv	cmh3ira4m0000146d60lv420u	cmh3jojja0001yxdjc2chwm57	cmh3v0ioo001zb1yioww7p28y	cmh429gce0009v5xmexfgu8yh	2.00	2025-10-27 00:00:00	2025-12-01 00:00:00	2025-W44	2025-W49	ACTIVE	2025-10-23 23:36:14.854	2025-10-23 23:36:14.854	LOTE-EB-44-49-AT-25
cmh429gd4000dv5xmesai97ve	cmh3ira4m0000146d60lv420u	cmh3jojja0001yxdjc2chwm57	cmh3v0ikx000wb1yior0uo1pl	cmh429g9j0005v5xmzy86052v	2.00	2025-10-27 00:00:00	2025-12-08 00:00:00	2025-W44	2025-W50	ACTIVE	2025-10-23 23:36:14.872	2025-10-23 23:36:14.89	LOTE-EB-44-50-PR-25
cmh429ge3000fv5xmsk5avsnx	cmh3ira4m0000146d60lv420u	cmh3jq5rp0003yxdj8pxj0lzv	cmh3v0ikx000wb1yior0uo1pl	cmh429g9j0005v5xmzy86052v	2.00	2025-10-27 00:00:00	2025-12-08 00:00:00	2025-W44	2025-W50	ACTIVE	2025-10-23 23:36:14.908	2025-10-23 23:36:14.908	LOTE-EB-44-50-PR-25
cmh429gen000hv5xm7g5d9gwe	cmh3ira4m0000146d60lv420u	cmh3jq5rp0003yxdj8pxj0lzv	cmh3v0ij7000gb1yi0d87jbmv	cmh429fxm0001v5xmgxym0nlb	2.00	2025-10-27 00:00:00	2025-12-15 00:00:00	2025-W44	2025-W51	ACTIVE	2025-10-23 23:36:14.927	2025-10-23 23:36:14.947	LOTE-EB-44-51-CP-25
cmh429gfv000jv5xmapbanv8d	cmh3v0ikf000tb1yimyau3cpe	cmh3v0iko000vb1yikfndymlt	cmh3v0ioo001zb1yioww7p28y	cmh429gce0009v5xmexfgu8yh	2.00	2025-10-27 00:00:00	2025-12-01 00:00:00	2025-W44	2025-W49	ACTIVE	2025-10-23 23:36:14.971	2025-10-23 23:36:14.971	LOTE-BL-44-49-AT-25
cmh429ghj000lv5xmhw6vszhx	cmh3ira4m0000146d60lv420u	cmh3jojja0001yxdjc2chwm57	cmh3v0ioo001zb1yioww7p28y	cmh429gce0009v5xmexfgu8yh	2.00	2025-11-03 00:00:00	2025-12-08 00:00:00	2025-W45	2025-W50	ACTIVE	2025-10-23 23:36:15.032	2025-10-23 23:36:15.032	LOTE-EB-45-50-AT-25
cmh429gi0000nv5xmepnm6239	cmh3ira4m0000146d60lv420u	cmh3jojja0001yxdjc2chwm57	cmh3v0ikx000wb1yior0uo1pl	cmh429g9j0005v5xmzy86052v	2.00	2025-11-03 00:00:00	2025-12-15 00:00:00	2025-W45	2025-W51	ACTIVE	2025-10-23 23:36:15.048	2025-10-23 23:36:15.064	LOTE-EB-45-51-PR-25
cmh429giu000pv5xmdsjd9b32	cmh3ira4m0000146d60lv420u	cmh3jq5rp0003yxdj8pxj0lzv	cmh3v0ij7000gb1yi0d87jbmv	cmh429fxm0001v5xmgxym0nlb	2.00	2025-11-03 00:00:00	2025-12-22 00:00:00	2025-W45	2025-W52	ACTIVE	2025-10-23 23:36:15.079	2025-10-23 23:36:15.096	LOTE-EB-45-52-CP-25
cmh429gjs000rv5xmwo4z8cxn	cmh3ira4m0000146d60lv420u	cmh3jq5rp0003yxdj8pxj0lzv	cmh3v0ikx000wb1yior0uo1pl	cmh429g9j0005v5xmzy86052v	2.00	2025-11-03 00:00:00	2025-12-15 00:00:00	2025-W45	2025-W51	ACTIVE	2025-10-23 23:36:15.112	2025-10-23 23:36:15.112	LOTE-EB-45-51-PR-25
cmh429gk9000tv5xmmb2fif25	cmh3v0ikf000tb1yimyau3cpe	cmh3v0iko000vb1yikfndymlt	cmh3v0ioo001zb1yioww7p28y	cmh429gce0009v5xmexfgu8yh	2.00	2025-11-03 00:00:00	2025-12-08 00:00:00	2025-W45	2025-W50	ACTIVE	2025-10-23 23:36:15.129	2025-10-23 23:36:15.129	LOTE-BL-45-50-AT-25
cmh429gm1000vv5xmt0vxe6u2	cmh3ira4m0000146d60lv420u	cmh3jojja0001yxdjc2chwm57	cmh3v0ioo001zb1yioww7p28y	cmh429gce0009v5xmexfgu8yh	2.00	2025-11-10 00:00:00	2025-12-15 00:00:00	2025-W46	2025-W51	ACTIVE	2025-10-23 23:36:15.193	2025-10-23 23:36:15.22	LOTE-EB-46-51-AT-25
cmh429gwx001dv5xm1s0qw7v8	cmh3ira4m0000146d60lv420u	cmh3jojja0001yxdjc2chwm57	cmh3v0ioo001zb1yioww7p28y	cmh429gce0009v5xmexfgu8yh	2.00	2025-11-24 00:00:00	2026-01-05 00:00:00	2025-W48	2026-W02	ACTIVE	2025-10-23 23:36:15.585	2025-10-23 23:36:15.601	LOTE-EB-48-2-AT-25
cmh429gnc000xv5xmp5s4vppy	cmh3ira4m0000146d60lv420u	cmh3jq5rp0003yxdj8pxj0lzv	cmh3v0ikx000wb1yior0uo1pl	cmh429g9j0005v5xmzy86052v	2.00	2025-11-10 00:00:00	2025-12-22 00:00:00	2025-W46	2025-W52	ACTIVE	2025-10-23 23:36:15.24	2025-10-23 23:36:15.273	LOTE-EB-46-52-PR-25
cmh429goo000zv5xm2jf3plf7	cmh3ira4m0000146d60lv420u	cmh3jq5rp0003yxdj8pxj0lzv	cmh3v0ij7000gb1yi0d87jbmv	cmh429fxm0001v5xmgxym0nlb	2.00	2025-11-10 00:00:00	2025-12-29 00:00:00	2025-W46	2026-W01	ACTIVE	2025-10-23 23:36:15.289	2025-10-23 23:36:15.289	LOTE-EB-46-1-CP-25
cmh429gp30011v5xm8uh5ol0m	cmh3v0ikf000tb1yimyau3cpe	cmh3v0iko000vb1yikfndymlt	cmh3v0ioo001zb1yioww7p28y	cmh429gce0009v5xmexfgu8yh	2.00	2025-11-10 00:00:00	2025-12-15 00:00:00	2025-W46	2025-W51	ACTIVE	2025-10-23 23:36:15.304	2025-10-23 23:36:15.304	LOTE-BL-46-51-AT-25
cmh429gpk0013v5xmn1kuplzv	cmh3ira4m0000146d60lv420u	cmh3jojja0001yxdjc2chwm57	cmh3v0ikx000wb1yior0uo1pl	cmh429g9j0005v5xmzy86052v	2.00	2025-11-10 00:00:00	2025-12-22 00:00:00	2025-W46	2025-W52	ACTIVE	2025-10-23 23:36:15.32	2025-10-23 23:36:15.32	LOTE-EB-46-52-PR-25
cmh429gr20015v5xm0adre9wd	cmh3ira4m0000146d60lv420u	cmh3jojja0001yxdjc2chwm57	cmh3v0ioo001zb1yioww7p28y	cmh429gce0009v5xmexfgu8yh	2.00	2025-11-17 00:00:00	2025-12-29 00:00:00	2025-W47	2026-W01	ACTIVE	2025-10-23 23:36:15.375	2025-10-23 23:36:15.394	LOTE-EB-47-1-AT-25
cmh429gsy0019v5xm5gmzypxi	cmh3ira4m0000146d60lv420u	cmh3jq5rp0003yxdj8pxj0lzv	cmh3v0ij7000gb1yi0d87jbmv	cmh429fxm0001v5xmgxym0nlb	2.00	2025-11-17 00:00:00	2026-01-05 00:00:00	2025-W47	2026-W02	ACTIVE	2025-10-23 23:36:15.442	2025-10-23 23:36:15.458	LOTE-EB-47-2-CP-25
cmh429guk001bv5xmp9q60qv4	cmh3v0ikf000tb1yimyau3cpe	cmh3v0iko000vb1yikfndymlt	cmh3v0ioo001zb1yioww7p28y	cmh429gce0009v5xmexfgu8yh	2.00	2025-11-17 00:00:00	2025-12-29 00:00:00	2025-W47	2026-W01	ACTIVE	2025-10-23 23:36:15.5	2025-10-23 23:36:15.5	LOTE-BL-47-1-AT-25
cmh429gs70017v5xmb6bpxxyc	cmh3ira4m0000146d60lv420u	cmh3jq5rp0003yxdj8pxj0lzv	cmh3v0ikx000wb1yior0uo1pl	cmh429g9j0005v5xmzy86052v	2.00	2025-11-17 00:00:00	2026-01-05 00:00:00	2025-W47	2026-W02	ACTIVE	2025-10-23 23:36:15.415	2025-10-23 23:36:15.521	LOTE-EB-47-2-PR-25
cmh429gy8001hv5xm5xwyfrbb	cmh3ira4m0000146d60lv420u	cmh3jq5rp0003yxdj8pxj0lzv	cmh3v0ij7000gb1yi0d87jbmv	cmh429fxm0001v5xmgxym0nlb	2.00	2025-11-24 00:00:00	2026-01-12 00:00:00	2025-W48	2026-W03	ACTIVE	2025-10-23 23:36:15.632	2025-10-23 23:36:15.655	LOTE-EB-48-3-CP-25
cmh429gxs001fv5xm91qnbu2f	cmh3ira4m0000146d60lv420u	cmh3jq5rp0003yxdj8pxj0lzv	cmh3v0ikx000wb1yior0uo1pl	cmh429g9j0005v5xmzy86052v	2.00	2025-11-24 00:00:00	2026-01-12 00:00:00	2025-W48	2026-W03	ACTIVE	2025-10-23 23:36:15.617	2025-10-23 23:36:15.675	LOTE-EB-48-3-PR-25
cmh429gzy001jv5xmvvltsjkt	cmh3v0ikf000tb1yimyau3cpe	cmh3v0iko000vb1yikfndymlt	cmh3v0ioo001zb1yioww7p28y	cmh429gce0009v5xmexfgu8yh	2.00	2025-11-24 00:00:00	2026-01-05 00:00:00	2025-W48	2026-W02	ACTIVE	2025-10-23 23:36:15.694	2025-10-23 23:36:15.694	LOTE-BL-48-2-AT-25
cmh429h0l001lv5xmpbaf2f5e	cmh3ira4m0000146d60lv420u	cmh3jojja0001yxdjc2chwm57	cmh3v0ikx000wb1yior0uo1pl	cmh429g9j0005v5xmzy86052v	2.00	2025-11-24 00:00:00	2026-01-12 00:00:00	2025-W48	2026-W03	ACTIVE	2025-10-23 23:36:15.717	2025-10-23 23:36:15.717	LOTE-EB-48-3-PR-25
cmh429h1t001nv5xmhizqcz79	cmh3ira4m0000146d60lv420u	cmh3jojja0001yxdjc2chwm57	cmh3v0ioo001zb1yioww7p28y	cmh429gce0009v5xmexfgu8yh	2.00	2025-12-01 00:00:00	2026-01-12 00:00:00	2025-W49	2026-W03	ACTIVE	2025-10-23 23:36:15.761	2025-10-23 23:36:15.786	LOTE-EB-49-3-AT-25
cmh429h3l001rv5xm9z2zkyme	cmh3ira4m0000146d60lv420u	cmh3jq5rp0003yxdj8pxj0lzv	cmh3v0ij7000gb1yi0d87jbmv	cmh429fxm0001v5xmgxym0nlb	2.00	2025-12-01 00:00:00	2026-01-26 00:00:00	2025-W49	2026-W05	ACTIVE	2025-10-23 23:36:15.825	2025-10-23 23:36:15.825	LOTE-EB-49-5-CP-25
cmh429h34001pv5xm3exr6gbf	cmh3ira4m0000146d60lv420u	cmh3jq5rp0003yxdj8pxj0lzv	cmh3v0ikx000wb1yior0uo1pl	cmh429g9j0005v5xmzy86052v	2.00	2025-12-01 00:00:00	2026-01-19 00:00:00	2025-W49	2026-W04	ACTIVE	2025-10-23 23:36:15.809	2025-10-23 23:36:15.894	LOTE-EB-49-4-PR-25
cmh429h6m001vv5xmkzlk9ebj	cmh3ira4m0000146d60lv420u	cmh3jojja0001yxdjc2chwm57	cmh3v0ioo001zb1yioww7p28y	cmh429gce0009v5xmexfgu8yh	2.00	2025-12-08 00:00:00	2026-01-26 00:00:00	2025-W50	2026-W05	ACTIVE	2025-10-23 23:36:15.934	2025-10-23 23:36:15.955	LOTE-EB-50-5-AT-25
cmh429h50001tv5xmb8roe7ul	cmh3v0ikf000tb1yimyau3cpe	cmh3v0iko000vb1yikfndymlt	cmh3v0ioo001zb1yioww7p28y	cmh429gce0009v5xmexfgu8yh	2.00	2025-12-01 00:00:00	2026-01-12 00:00:00	2025-W49	2026-W03	ACTIVE	2025-10-23 23:36:15.877	2025-10-23 23:36:15.877	LOTE-BL-49-3-AT-25
cmh429h8l001zv5xmhzalm646	cmh3ira4m0000146d60lv420u	cmh3jq5rp0003yxdj8pxj0lzv	cmh3v0ij7000gb1yi0d87jbmv	cmh429fxm0001v5xmgxym0nlb	2.00	2025-12-08 00:00:00	2026-02-02 00:00:00	2025-W50	2026-W06	ACTIVE	2025-10-23 23:36:16.005	2025-10-23 23:36:16.031	LOTE-EB-50-6-CP-25
cmh429h7w001xv5xm9xm0nr0t	cmh3ira4m0000146d60lv420u	cmh3jq5rp0003yxdj8pxj0lzv	cmh3v0ikx000wb1yior0uo1pl	cmh429g9j0005v5xmzy86052v	2.00	2025-12-08 00:00:00	2026-02-02 00:00:00	2025-W50	2026-W06	ACTIVE	2025-10-23 23:36:15.981	2025-10-23 23:36:16.057	LOTE-EB-50-6-PR-25
cmh429han0021v5xm3bm9ab78	cmh3v0ikf000tb1yimyau3cpe	cmh3v0iko000vb1yikfndymlt	cmh3v0ioo001zb1yioww7p28y	cmh429gce0009v5xmexfgu8yh	2.00	2025-12-08 00:00:00	2026-01-26 00:00:00	2025-W50	2026-W05	ACTIVE	2025-10-23 23:36:16.079	2025-10-23 23:36:16.079	LOTE-BL-50-5-AT-25
cmh429hb80023v5xmr8xnd91t	cmh3ira4m0000146d60lv420u	cmh3jojja0001yxdjc2chwm57	cmh3v0ikx000wb1yior0uo1pl	cmh429g9j0005v5xmzy86052v	2.00	2025-12-08 00:00:00	2026-02-02 00:00:00	2025-W50	2026-W06	ACTIVE	2025-10-23 23:36:16.1	2025-10-23 23:36:16.1	LOTE-EB-50-6-PR-25
cmh429hcb0025v5xmvh4ybbm4	cmh3ira4m0000146d60lv420u	cmh3jojja0001yxdjc2chwm57	cmh3v0ioo001zb1yioww7p28y	cmh429gce0009v5xmexfgu8yh	2.00	2025-12-15 00:00:00	2026-02-02 00:00:00	2025-W51	2026-W06	ACTIVE	2025-10-23 23:36:16.139	2025-10-23 23:36:16.162	LOTE-EB-51-6-AT-25
cmh429heg0029v5xmsgzgtvhx	cmh3ira4m0000146d60lv420u	cmh3jq5rp0003yxdj8pxj0lzv	cmh3v0ij7000gb1yi0d87jbmv	cmh429fxm0001v5xmgxym0nlb	2.00	2025-12-15 00:00:00	2026-02-09 00:00:00	2025-W51	2026-W07	ACTIVE	2025-10-23 23:36:16.216	2025-10-23 23:36:16.237	LOTE-EB-51-7-CP-25
cmh429hg4002bv5xm69jtf3lu	cmh3v0ikf000tb1yimyau3cpe	cmh3v0iko000vb1yikfndymlt	cmh3v0ioo001zb1yioww7p28y	cmh429gce0009v5xmexfgu8yh	2.00	2025-12-15 00:00:00	2026-02-02 00:00:00	2025-W51	2026-W06	ACTIVE	2025-10-23 23:36:16.276	2025-10-23 23:36:16.276	LOTE-BL-51-6-AT-25
cmh429hdo0027v5xmu3zq0eg4	cmh3ira4m0000146d60lv420u	cmh3jq5rp0003yxdj8pxj0lzv	cmh3v0ikx000wb1yior0uo1pl	cmh429g9j0005v5xmzy86052v	2.00	2025-12-15 00:00:00	2026-02-09 00:00:00	2025-W51	2026-W07	ACTIVE	2025-10-23 23:36:16.188	2025-10-23 23:36:16.294	LOTE-EB-51-7-PR-25
cmh3v0k1i00dzb1yivxazv356	cmh3rdhnv001c5npe8kzf0osx	cmh3v0ioi001yb1yidu867red	cmh3v0ij7000gb1yi0d87jbmv	cmh3v0jtc00c7b1yin97t8iez	1.19	2025-06-30 00:00:00	2025-08-11 00:00:00	2025-W27	2025-W33	ACTIVE	2025-10-23 20:13:22.423	2025-10-23 23:36:16.419	LOTE-276-AR-26-33-CP-25
cmh429hnt002dv5xm2lts6y84	cmh3v0ige0000b1yi7y0oj693	cmh3v0ih40002b1yiujjd648z	cmh3v0ioo001zb1yioww7p28y	cmh429gce0009v5xmexfgu8yh	2.00	2025-12-22 00:00:00	2026-02-09 00:00:00	2025-W52	2026-W07	ACTIVE	2025-10-23 23:36:16.553	2025-10-23 23:36:16.578	LOTE-EG-52-7-AT-25
cmh429hp7002fv5xmaqf90kkg	cmh3ira4m0000146d60lv420u	cmh3jq5rp0003yxdj8pxj0lzv	cmh3v0ikx000wb1yior0uo1pl	cmh429g9j0005v5xmzy86052v	2.00	2025-12-22 00:00:00	2026-02-16 00:00:00	2025-W52	2026-W08	ACTIVE	2025-10-23 23:36:16.603	2025-10-23 23:36:16.651	LOTE-EB-52-8-PR-25
cmh429hr8002hv5xmz5kax8we	cmh3ira4m0000146d60lv420u	cmh3jq5rp0003yxdj8pxj0lzv	cmh3v0ij7000gb1yi0d87jbmv	cmh429fxm0001v5xmgxym0nlb	2.00	2025-12-22 00:00:00	2026-02-16 00:00:00	2025-W52	2026-W08	ACTIVE	2025-10-23 23:36:16.676	2025-10-23 23:36:16.676	LOTE-EB-52-8-CP-25
cmh429hs0002jv5xmrefirgac	cmh3v0ikf000tb1yimyau3cpe	cmh3v0iko000vb1yikfndymlt	cmh3v0ioo001zb1yioww7p28y	cmh429gce0009v5xmexfgu8yh	2.00	2025-12-22 00:00:00	2026-02-09 00:00:00	2025-W52	2026-W07	ACTIVE	2025-10-23 23:36:16.704	2025-10-23 23:36:16.704	LOTE-BL-52-7-AT-25
cmh429ht5002nv5xmgx5kep1i	cmh3rdinp00285npe2h0qvs1v	cmh3v0oh4011lb1yiuxacfl0t	cmh3v0ij7000gb1yi0d87jbmv	cmh3v0kqs00j1b1yi650pvyxf	1.50	2025-10-13 00:00:00	2025-11-24 00:00:00	2025-W40	2025-W46	ACTIVE	2025-10-23 23:36:16.745	2025-10-27 16:59:40.597	LOTE-KL-42-48-CP-25
cmh429hsm002lv5xm0ft4i7h0	cmh3rdinp00285npe2h0qvs1v	cmh3v0oh4011lb1yiuxacfl0t	cmh3v0ij7000gb1yi0d87jbmv	cmh429fxm0001v5xmgxym0nlb	1.50	2025-10-06 00:00:00	2025-11-17 00:00:00	2025-W39	2025-W45	ACTIVE	2025-10-23 23:36:16.726	2025-10-27 17:08:10.261	LOTE-KL-41-47-CP-25
cmh3v0lbn00nfb1yil20llfos	cmh3rdinp00285npe2h0qvs1v	cmh3v0oh4011lb1yiuxacfl0t	cmh3v0ij7000gb1yi0d87jbmv	cmh3v0lbd00ndb1yi3rejjy8d	0.66	2025-06-23 00:00:00	2025-08-11 00:00:00	2025-W24	2025-W31	ACTIVE	2025-10-23 20:13:24.083	2025-10-27 17:42:10.454	LOTE-283-KL-26-33-CP-25
cmh429hul002pv5xmfuazeb45	cmh3rdhnv001c5npe8kzf0osx	cmh3v0ioi001yb1yidu867red	cmh3v0ij7000gb1yi0d87jbmv	cmh429fxm0001v5xmgxym0nlb	1.50	2025-10-06 00:00:00	2025-11-17 00:00:00	2025-W39	2025-W45	ACTIVE	2025-10-23 23:36:16.798	2025-10-27 18:00:53.23	LOTE-AR-41-47-CP-25
cmh9gkf2o005gvrsfov9xey67	cmh3rdhnv001c5npe8kzf0osx	cmh3v0ioi001yb1yidu867red	cmh3v0ioo001zb1yioww7p28y	cmh3v0lhm00o7b1yighsu7ruz	10.00	2025-11-01 00:00:00	2026-01-01 00:00:00	2025-W43	2026-W00	ACTIVE	2025-10-27 18:15:31.898	2025-10-27 18:15:31.898	\N
\.


--
-- Data for Name: Plot; Type: TABLE DATA; Schema: public; Owner: postgres
--

COPY public."Plot" (id, "ranchId", name, hectares) FROM stdin;
cmh2k5z4000023igm4jz6leuy	cmh2k5z3p00003igm2wvfsmko	Lote A	12.50
cmh2k5z4a00043igmyjv3emat	cmh2k5z3p00003igm2wvfsmko	Lote B	8.00
cmh3v0ihl0005b1yixwx6hoth	cmh3v0ihb0003b1yi2990lnq5	543	0.00
cmh3v0ii90009b1yiy3nrpm1l	cmh3v0ihb0003b1yi2990lnq5	545	0.00
cmh3v0iiv000db1yiuvq4veab	cmh3v0ihb0003b1yi2990lnq5	544	0.00
cmh3v0ijc000ib1yiav5891wr	cmh3v0ij7000gb1yi0d87jbmv	213	0.00
cmh3v0ijn000mb1yijkine9lm	cmh3v0ij7000gb1yi0d87jbmv	223	0.00
cmh3v0ik0000qb1yippfjzie8	cmh3v0ij7000gb1yi0d87jbmv	221	0.00
cmh3v0il8000yb1yiok2dxhfl	cmh3v0ikx000wb1yior0uo1pl	415	0.00
cmh3v0ilk0012b1yijg19bmwa	cmh3v0ij7000gb1yi0d87jbmv	285	0.00
cmh3v0ilx0016b1yivawkc67l	cmh3v0ihb0003b1yi2990lnq5	512	0.00
cmh3v0im7001ab1yim7m18snd	cmh3v0ihb0003b1yi2990lnq5	513	0.00
cmh3v0imk001eb1yi9ln9fuuc	cmh3v0ihb0003b1yi2990lnq5	514	0.00
cmh3v0in1001ib1yiv97p59tr	cmh3v0ij7000gb1yi0d87jbmv	241	0.00
cmh3v0inm001mb1yiqaeysmsq	cmh3v0ij7000gb1yi0d87jbmv	242	0.00
cmh3v0iny001qb1yihbwfr76j	cmh3v0ij7000gb1yi0d87jbmv	243	0.00
cmh3v0io8001ub1yi4ldbe3ob	cmh3v0ikx000wb1yior0uo1pl	441	0.00
cmh3v0iou0021b1yiz3uw56r2	cmh3v0ioo001zb1yioww7p28y	142	0.00
cmh3v0ipw0027b1yi7is9ae2k	cmh3v0ij7000gb1yi0d87jbmv	245	0.00
cmh3v0iqa002bb1yiollyq92h	cmh3v0ikx000wb1yior0uo1pl	424	0.00
cmh3v0iqj002fb1yibyocx4xe	cmh3v0ikx000wb1yior0uo1pl	425	0.00
cmh3v0iqu002jb1yif7brjkaj	cmh3v0ihb0003b1yi2990lnq5	541	0.00
cmh3v0ir9002nb1yi03twlno4	cmh3v0ihb0003b1yi2990lnq5	542	0.00
cmh3v0irr002rb1yiuu782c1u	cmh3v0ihb0003b1yi2990lnq5	540	0.00
cmh3v0isa002vb1yidh2lq79t	cmh3v0ikx000wb1yior0uo1pl	442	0.00
cmh3v0isn002zb1yia79f3oka	cmh3v0ij7000gb1yi0d87jbmv	254	0.00
cmh3v0isx0033b1yiqgkenvs3	cmh3v0ij7000gb1yi0d87jbmv	255	0.00
cmh3v0ith0039b1yi2smxr15x	cmh3v0ikx000wb1yior0uo1pl	426	0.00
cmh3v0ity003db1yivo9nd49v	cmh3v0ihb0003b1yi2990lnq5	518	0.00
cmh3v0iuj003hb1yi3up1wwqi	cmh3v0ihb0003b1yi2990lnq5	519	0.00
cmh3v0iv4003lb1yiv7xf4gi8	cmh3v0ikx000wb1yior0uo1pl	443	0.00
cmh3v0ive003pb1yiwfvabazx	cmh3v0ij7000gb1yi0d87jbmv	251	0.00
cmh3v0ivr003tb1yiszkqd06j	cmh3v0ij7000gb1yi0d87jbmv	252	0.00
cmh3v0iw5003xb1yin77mdzg7	cmh3v0ij7000gb1yi0d87jbmv	253	0.00
cmh3v0iwn0041b1yieljuai0a	cmh3v0ihb0003b1yi2990lnq5	538	0.00
cmh3v0iwz0045b1yi0d5fipmk	cmh3v0ihb0003b1yi2990lnq5	539	0.00
cmh3v0ixh004bb1yi3ira3fd7	cmh3v0ioo001zb1yioww7p28y	144	0.00
cmh3v0ixu004fb1yio81nnaf2	cmh3v0ihb0003b1yi2990lnq5	511	0.00
cmh3v0iyb004jb1yi3txxkcdz	cmh3v0ihb0003b1yi2990lnq5	520	0.00
cmh3v0iyx004nb1yi2padh429	cmh3v0ihb0003b1yi2990lnq5	521	0.00
cmh3v0izh004rb1yiyfl813g4	cmh3v0ihb0003b1yi2990lnq5	522	0.00
cmh3v0izt004vb1yiytyijgle	cmh3v0ikx000wb1yior0uo1pl	428	0.00
cmh3v0j03004zb1yirklhszjb	cmh3v0ikx000wb1yior0uo1pl	429	0.00
cmh3v0j0g0053b1yibp69kux2	cmh3v0ij7000gb1yi0d87jbmv	212	0.00
cmh3v0j1a0059b1yiynhuu6ym	cmh3v0ij7000gb1yi0d87jbmv	211	0.00
cmh3v0j1x005db1yi9xreahaj	cmh3v0ihb0003b1yi2990lnq5	536	0.00
cmh3v0j29005hb1yi6j5epudl	cmh3v0ihb0003b1yi2990lnq5	535	0.00
cmh3v0j2m005lb1yib6no4wwm	cmh3v0ihb0003b1yi2990lnq5	537	0.00
cmh3v0j2x005pb1yi0rd9fcvy	cmh3v0ioo001zb1yioww7p28y	116	0.00
cmh3v0j3d005tb1yigtjh62pt	cmh3v0ioo001zb1yioww7p28y	117	0.00
cmh3v0j44005yb1yie5z9p6bf	cmh3v0j3w005wb1yiz81uzzzt	611	0.00
cmh3v0j4v0064b1yiu0l33kez	cmh3v0ihb0003b1yi2990lnq5	523	0.00
cmh3v0j5b0068b1yien8i791z	cmh3v0ihb0003b1yi2990lnq5	524	0.00
cmh3v0j5t006cb1yime3ldy27	cmh3v0ihb0003b1yi2990lnq5	525	0.00
cmh3v0j6d006gb1yimoejb3wq	cmh3v0ioo001zb1yioww7p28y	118	0.00
cmh3v0j6w006kb1yisgxeuuhs	cmh3v0ioo001zb1yioww7p28y	120	0.00
cmh3v0j7k006ob1yirbg7jd7a	cmh3v0ioo001zb1yioww7p28y	119	0.00
cmh3v0j7x006sb1yiffdq1e7a	cmh3v0j3w005wb1yiz81uzzzt	612	0.00
cmh3v0j8b006wb1yizen00svb	cmh3v0ikx000wb1yior0uo1pl	418	0.00
cmh3v0j8n0070b1yitheozqxh	cmh3v0ikx000wb1yior0uo1pl	412	0.00
cmh3v0j940074b1yi3jou0e7g	cmh3v0ihb0003b1yi2990lnq5	534	0.00
cmh3v0j9q0078b1yimahukcfv	cmh3v0ihb0003b1yi2990lnq5	532	0.00
cmh3v0jaf007cb1yitr5p9zcw	cmh3v0ihb0003b1yi2990lnq5	533	0.00
cmh3v0jat007gb1yisv8mhc1s	cmh3v0j3w005wb1yiz81uzzzt	613	0.00
cmh3v0jb7007kb1yiagailrlf	cmh3v0ioo001zb1yioww7p28y	121	0.00
cmh3v0jbi007ob1yi9nr9cvlp	cmh3v0ioo001zb1yioww7p28y	122	0.00
cmh3v0jbw007sb1yi3a5s1eku	cmh3v0ij7000gb1yi0d87jbmv	281	0.00
cmh3v0jce007wb1yi33l72ju8	cmh3v0ioo001zb1yioww7p28y	112	0.00
cmh3v0jd10080b1yijnoh796d	cmh3v0ihb0003b1yi2990lnq5	515	0.00
cmh3v0jdd0084b1yit70smnvv	cmh3v0ihb0003b1yi2990lnq5	516	0.00
cmh3v0jdv008ab1yih82vz5sn	cmh3v0j3w005wb1yiz81uzzzt	614	0.00
cmh3v0je7008eb1yifl8o2wen	cmh3v0ioo001zb1yioww7p28y	113	0.00
cmh3v0jen008ib1yi0xm4vqdc	cmh3v0ikx000wb1yior0uo1pl	431	0.00
cmh3v0jfk008ob1yit70zkaah	cmh3v0ikx000wb1yior0uo1pl	413	0.00
cmh3v0jfw008sb1yizl7iq6yv	cmh3v0ihb0003b1yi2990lnq5	531	0.00
cmh3v0jgd008yb1yi6b85nqhd	cmh3v0ioo001zb1yioww7p28y	114	0.00
cmh3v0jgv0092b1yi3krx6e79	cmh3v0ioo001zb1yioww7p28y	115	0.00
cmh3v0jhe0096b1yimv9ckc2v	cmh3v0j3w005wb1yiz81uzzzt	615	0.00
cmh3v0ji2009ab1yicywdrv0y	cmh3v0j3w005wb1yiz81uzzzt	616	0.00
cmh3v0jii009eb1yi0l93f3z9	cmh3v0ioo001zb1yioww7p28y	129	0.00
cmh3v0jiz009kb1yiaoztkd18	cmh3v0ioo001zb1yioww7p28y	140	0.00
cmh3v0jja009ob1yirgaq77yf	cmh3v0ihb0003b1yi2990lnq5	546	0.00
cmh3v0jk6009wb1yinvnax7yz	cmh3v0ihb0003b1yi2990lnq5	517	0.00
cmh3v0jkn00a0b1yi8bjj9ioo	cmh3v0ioo001zb1yioww7p28y	139	0.00
cmh3v0jkz00a4b1yinsq5hy9y	cmh3v0ioo001zb1yioww7p28y	141	0.00
cmh3v0jla00a8b1yi6k411jov	cmh3v0ikx000wb1yior0uo1pl	438	0.00
cmh3v0jlm00acb1yijxerzu2g	cmh3v0ioo001zb1yioww7p28y	134	0.00
cmh3v0jmb00ahb1yijf87sr16	cmh3v0jm200afb1yijc9ipp7m	712	0.00
cmh3v0jnn00arb1yifx8wn066	cmh3v0j3w005wb1yiz81uzzzt	617	0.00
cmh3v0jo300axb1yi350tgwcp	cmh3v0ioo001zb1yioww7p28y	143	0.00
cmh3v0joh00b1b1yic3rzmm7o	cmh3v0ioo001zb1yioww7p28y	131	0.00
cmh3v0jpy00bbb1yiuqneb1a7	cmh3v0ikx000wb1yior0uo1pl	437	0.00
cmh3v0jqh00bhb1yiu0gppjha	cmh3v0ioo001zb1yioww7p28y	138	0.00
cmh3v0jqs00blb1yizmisw1uj	cmh3v0ikx000wb1yior0uo1pl	414	0.00
cmh3v0js600bvb1yiz22yq4c2	cmh3v0ikx000wb1yior0uo1pl	435	0.00
cmh3v0jso00bzb1yis2xvvtu9	cmh3v0ikx000wb1yior0uo1pl	436	0.00
cmh3v0jt100c3b1yi96wa1g0f	cmh3v0ij7000gb1yi0d87jbmv	275	0.00
cmh3v0jtc00c7b1yin97t8iez	cmh3v0ij7000gb1yi0d87jbmv	276	0.00
cmh3v0jtq00cbb1yibyickzqp	cmh3v0ij7000gb1yi0d87jbmv	277	0.00
cmh3v0jv200cjb1yidyc68cxe	cmh3v0ikx000wb1yior0uo1pl	432	0.00
cmh3v0jvq00cpb1yip41dn2be	cmh3v0ikx000wb1yior0uo1pl	447	0.00
cmh3v0jwr00czb1yic3du3rsm	cmh3v0ikx000wb1yior0uo1pl	433	0.00
cmh3v0jxj00d5b1yinea8o9qo	cmh3v0jm200afb1yijc9ipp7m	713	0.00
cmh3v0jy500d9b1yitvopps5z	cmh3v0ikx000wb1yior0uo1pl	416	0.00
cmh3v0k0d00drb1yi2o3u6afk	cmh3v0ikx000wb1yior0uo1pl	434	0.00
cmh3v0k2500e5b1yixclzlwty	cmh3v0ikx000wb1yior0uo1pl	421	0.00
cmh3v0k2l00e9b1yi43hzwt1z	cmh3v0ikx000wb1yior0uo1pl	446	0.00
cmh3v0k3400edb1yisc1402sf	cmh3v0ihb0003b1yi2990lnq5	526	0.00
cmh3v0k4f00enb1yioyb9zta6	cmh3v0ikx000wb1yior0uo1pl	422	0.00
cmh3v0k5400etb1yipw5t6zvy	cmh3v0ikx000wb1yior0uo1pl	417	0.00
cmh3v0k6h00f1b1yi22vspvet	cmh3v0ikx000wb1yior0uo1pl	423	0.00
cmh3v0kig00h9b1yii7ck56gr	cmh3v0ikx000wb1yior0uo1pl	444	0.00
cmh3v0kit00hdb1yi6v71klkt	cmh3v0ikx000wb1yior0uo1pl	445	0.00
cmh3v0kl100hrb1yi2r0h030r	cmh3v0ij7000gb1yi0d87jbmv	271	0.00
cmh3v0klh00hvb1yiicf7u6g0	cmh3v0ij7000gb1yi0d87jbmv	272	0.00
cmh3v0km600i3b1yiv5vftmin	cmh3v0jm200afb1yijc9ipp7m	711	0.00
cmh3v0knd00ibb1yiim5quo9k	cmh3v0ij7000gb1yi0d87jbmv	265	0.00
cmh3v0knv00ifb1yivhvjtw1z	cmh3v0ij7000gb1yi0d87jbmv	266	0.00
cmh3v0kqs00j1b1yi650pvyxf	cmh3v0ij7000gb1yi0d87jbmv	274	0.00
cmh3v0ksd00jhb1yitca4899j	cmh3v0ij7000gb1yi0d87jbmv	264	0.00
cmh3v0ksu00jlb1yihpzvcv3u	cmh3v0ij7000gb1yi0d87jbmv	273	0.00
cmh3v0kus00jxb1yieqotn7dq	cmh3v0ij7000gb1yi0d87jbmv	262	0.00
cmh3v0kxi00kfb1yiv87gsx81	cmh3v0jm200afb1yijc9ipp7m	714	0.00
cmh3v0kxv00kjb1yiemkqqh1t	cmh3v0ij7000gb1yi0d87jbmv	214	0.00
cmh3v0kyx00krb1yinadndcai	cmh3v0ij7000gb1yi0d87jbmv	234	0.00
cmh3v0kzh00kvb1yi8b8ghovd	cmh3v0ij7000gb1yi0d87jbmv	235	0.00
cmh3v0l0x00l5b1yiwhlpbewd	cmh3v0ioo001zb1yioww7p28y	145	0.00
cmh3v0l3400ljb1yibd46hgu0	cmh3v0ikx000wb1yior0uo1pl	451	0.00
cmh3v0l3m00lnb1yi3jy8nk5r	cmh3v0ikx000wb1yior0uo1pl	452	0.00
cmh3v0l4a00ltb1yijyfpmbe3	cmh3v0ihb0003b1yi2990lnq5	811	0.00
cmh3v0l4p00lxb1yia89yg0aw	cmh3v0ij7000gb1yi0d87jbmv	222	0.00
cmh3v0l6e00m7b1yi8hv8srmt	cmh3v0ij7000gb1yi0d87jbmv	224	0.00
cmh3v0l7c00mfb1yi4a125phd	cmh3v0ij7000gb1yi0d87jbmv	225	0.00
cmh3v0l7y00mlb1yilenwf3j9	cmh3v0ij7000gb1yi0d87jbmv	232	0.00
cmh3v0l8e00mpb1yi7u1r56ky	cmh3v0ij7000gb1yi0d87jbmv	233	0.00
cmh3v0l9s00mzb1yihe53te4p	cmh3v0ij7000gb1yi0d87jbmv	290	0.00
cmh3v0la200n3b1yiv2d167wb	cmh3v0ij7000gb1yi0d87jbmv	292	0.00
cmh3v0lac00n7b1yi93dukil4	cmh3v0ikx000wb1yior0uo1pl	448	0.00
cmh3v0lbd00ndb1yi3rejjy8d	cmh3v0ij7000gb1yi0d87jbmv	283	0.00
cmh3v0lc800njb1yi79f0r7a3	cmh3v0ij7000gb1yi0d87jbmv	282	0.00
cmh3v0lfp00ntb1yi5vw4rqbo	cmh3v0ikx000wb1yior0uo1pl	411	0.00
cmh3v0lhm00o7b1yighsu7ruz	cmh3v0ioo001zb1yioww7p28y	111	0.00
cmh3v0li500odb1yigt1l6qfw	cmh3v0ioo001zb1yioww7p28y	137	0.00
cmh3v0lmt00pbb1yil7ltslq5	cmh3v0ij7000gb1yi0d87jbmv	231	0.00
cmh3v0ls900qbb1yi3dhe6960	cmh3v0ij7000gb1yi0d87jbmv	244	0.00
cmh3v0lvk00qzb1yijzf3ds1q	cmh3v0ikx000wb1yior0uo1pl	111	0.00
cmh3v0lw000r3b1yica7qoktx	cmh3v0ihb0003b1yi2990lnq5	111	0.00
cmh3v0nce00wlb1yi7m69qef3	cmh3v0ij7000gb1yi0d87jbmv	111	0.00
cmh429fxm0001v5xmgxym0nlb	cmh3v0ij7000gb1yi0d87jbmv	SIN LOTE	0.00
cmh429g9j0005v5xmzy86052v	cmh3v0ikx000wb1yior0uo1pl	SIN LOTE	0.00
cmh429gce0009v5xmexfgu8yh	cmh3v0ioo001zb1yioww7p28y	SIN LOTE	0.00
\.


--
-- Data for Name: Product; Type: TABLE DATA; Schema: public; Owner: postgres
--

COPY public."Product" (id, name, unit, "createdAt", "updatedAt") FROM stdin;
cmh2k5z4m00083igm0n5msnhh	Urea 46%	kg	2025-10-22 22:21:53.303	2025-10-22 22:21:53.303
cmh2k5z4w00093igmqkspxcfg	Glifosato 480	L	2025-10-22 22:21:53.303	2025-10-22 22:21:53.303
cmh3q6p59000312pp7vgk47o1	Sulfamin Compactado		2025-10-23 17:58:10.893	2025-10-23 17:58:10.893
cmh3q6p68000612ppf6vvsb0h	FosfIto Diamonico DAP		2025-10-23 17:58:10.929	2025-10-23 17:58:10.929
cmh3q6p6w000912ppj7q1sedw	Star		2025-10-23 17:58:10.953	2025-10-23 17:58:10.953
cmh3q6p7o000c12pp3pe5xict	Nitromag		2025-10-23 17:58:10.98	2025-10-23 17:58:10.98
cmh3q6p8i000f12ppi38mvdh2	Sulfamin 45		2025-10-23 17:58:11.01	2025-10-23 17:58:11.01
cmh3rhaun000m9yjruvpfsyji	Nitrato de Potasio qrop		2025-10-23 18:34:25.2	2025-10-23 18:34:25.2
cmh3rhavy000r9yjry9yzbhn0	Nitrato de calcio (calcinit)		2025-10-23 18:34:25.247	2025-10-23 18:34:25.247
cmh3rhaxe00109yjrbki93gkd	Adfast (Acimix)		2025-10-23 18:34:25.299	2025-10-23 18:34:25.299
cmh3rhaxv00139yjrrco4yaat	Hidrocob 77		2025-10-23 18:34:25.316	2025-10-23 18:34:25.316
cmh3rhayg00169yjr62hz31w0	Stimulate		2025-10-23 18:34:25.336	2025-10-23 18:34:25.336
cmh3rhaz100199yjrgn4kxlgp	Nitro		2025-10-23 18:34:25.358	2025-10-23 18:34:25.358
cmh3rhb2e001q9yjrw8o4fpk7	Allectus GR		2025-10-23 18:34:25.478	2025-10-23 18:34:25.478
cmh3rhb3m001v9yjrgu0xp3na	Ridomil gold 480		2025-10-23 18:34:25.522	2025-10-23 18:34:25.522
cmh3rhb41001y9yjrljktchj9	Senshi		2025-10-23 18:34:25.538	2025-10-23 18:34:25.538
cmh3rhb4h00219yjr64v7h24h	Power plex		2025-10-23 18:34:25.553	2025-10-23 18:34:25.553
cmh3rhb4v00249yjrufg2xpag	Hortiroot		2025-10-23 18:34:25.568	2025-10-23 18:34:25.568
cmh3rhb5l00279yjr5okun6g8	Bio Gober		2025-10-23 18:34:25.593	2025-10-23 18:34:25.593
cmh3rhb6f002a9yjrbq4zp0pb	Coragen		2025-10-23 18:34:25.623	2025-10-23 18:34:25.623
cmh3rhb71002d9yjrxu8xhtyj	Umbral		2025-10-23 18:34:25.645	2025-10-23 18:34:25.645
cmh3rhbpz004u9yjrgrvh9s3k	Previcur		2025-10-23 18:34:26.328	2025-10-23 18:34:26.328
cmh3rhbqm004x9yjrp2j9djz7	Rootex		2025-10-23 18:34:26.351	2025-10-23 18:34:26.351
cmh3rhbre00509yjrxb8ilzoj	Activador (10-30-1+EM)		2025-10-23 18:34:26.379	2025-10-23 18:34:26.379
cmh3rhbrz00539yjrp6r3tu2t	Agrygent 800		2025-10-23 18:34:26.399	2025-10-23 18:34:26.399
cmh3rhbsh00569yjr1fdea9v1	Captan Ultra 50 WP		2025-10-23 18:34:26.417	2025-10-23 18:34:26.417
cmh3rhc2b006f9yjr603mtcuu	Maxigrow		2025-10-23 18:34:26.772	2025-10-23 18:34:26.772
cmh3rhc2q006i9yjr32iv4nm8	Barrier		2025-10-23 18:34:26.786	2025-10-23 18:34:26.786
cmh3rhc35006l9yjrffoyrh99	Calcio 18		2025-10-23 18:34:26.801	2025-10-23 18:34:26.801
cmh3rhc3z006q9yjrp4ox0b04	Kasumin		2025-10-23 18:34:26.831	2025-10-23 18:34:26.831
cmh3rhc4m006t9yjr6yfc4cdp	Rovral		2025-10-23 18:34:26.855	2025-10-23 18:34:26.855
cmh3rhc5f006w9yjrix3jqegq	Super k30		2025-10-23 18:34:26.883	2025-10-23 18:34:26.883
cmh3s4q5p005kzk73cob30fv1	Spectra		2025-10-23 18:52:38.125	2025-10-23 18:52:38.125
cmh3s4q5p005pzk73u6ebyul9	Amicel 500		2025-10-23 18:52:38.126	2025-10-23 18:52:38.126
cmh3s4q5p005lzk7338017kwg	Coron		2025-10-23 18:52:38.125	2025-10-23 18:52:38.125
cmh3s4q5p005mzk73c1ps17en	Serenade		2025-10-23 18:52:38.126	2025-10-23 18:52:38.126
cmh3s4q5p005nzk73tsm2u4cd	Fontelis		2025-10-23 18:52:38.126	2025-10-23 18:52:38.126
cmh3s4q5p005ozk73ab6f4zgc	Kelatex Ca B		2025-10-23 18:52:38.126	2025-10-23 18:52:38.126
cmh3s4qf2008yzk73dtpg6ezn	Norkelp		2025-10-23 18:52:38.462	2025-10-23 18:52:38.462
cmh3s4qf2008zzk73u4wuncc0	Cabrio C		2025-10-23 18:52:38.462	2025-10-23 18:52:38.462
cmh3s4qo500bjzk732e4p1ldg	MKP		2025-10-23 18:52:38.789	2025-10-23 18:52:38.789
cmh3s4qo500bhzk7350u9abdx	NKS (Nitrato de potasio )		2025-10-23 18:52:38.789	2025-10-23 18:52:38.789
cmh3s4qo500bgzk73z87x3j3v	Micro mix combi		2025-10-23 18:52:38.789	2025-10-23 18:52:38.789
cmh3s4qo500blzk73q7uk38mi	Nitrato de magnesio		2025-10-23 18:52:38.789	2025-10-23 18:52:38.789
cmh3s4qo500bkzk73fobuky0w	Acido nitrico 55%		2025-10-23 18:52:38.789	2025-10-23 18:52:38.789
cmh3s4qo500bmzk737kkquj02	Sulfato de potasio		2025-10-23 18:52:38.79	2025-10-23 18:52:38.79
cmh3s4qo500bizk73hb9cxsfc	Nitrato de calcio		2025-10-23 18:52:38.789	2025-10-23 18:52:38.789
cmh3s4qor00bnzk73limlkkwq	Kem-fer		2025-10-23 18:52:38.812	2025-10-23 18:52:38.812
cmh3s4qyl00fczk73yx0xvr8q	Aminocel 500		2025-10-23 18:52:39.166	2025-10-23 18:52:39.166
cmh3s4qyl00fdzk73ocljsu6a	Trichobac TNI		2025-10-23 18:52:39.166	2025-10-23 18:52:39.166
cmh3s4qyl00fezk7347j7nq5a	Pentacil		2025-10-23 18:52:39.166	2025-10-23 18:52:39.166
cmh3s4r1w00g3zk73mkv244mu	EXALT		2025-10-23 18:52:39.284	2025-10-23 18:52:39.284
cmh3s4r6800h6zk73ea419iqn	Mustang Max		2025-10-23 18:52:39.441	2025-10-23 18:52:39.441
cmh3s4r6800h8zk73t1ygltlt	Tokat 240 CE		2025-10-23 18:52:39.441	2025-10-23 18:52:39.441
cmh3s4r6800h7zk73flu4mxbm	Phos k (fosfi potas)		2025-10-23 18:52:39.441	2025-10-23 18:52:39.441
cmh3s4rey00k7zk73lh2xznga	Super cal		2025-10-23 18:52:39.754	2025-10-23 18:52:39.754
cmh3s4rey00k9zk73e233mg8p	Soldier		2025-10-23 18:52:39.754	2025-10-23 18:52:39.754
cmh3s4rey00kazk73lrhpzn9o	NPK micro		2025-10-23 18:52:39.755	2025-10-23 18:52:39.755
cmh3s4rey00k8zk73gi8e8gr5	Cercobin M		2025-10-23 18:52:39.754	2025-10-23 18:52:39.754
cmh3s4rqf00okzk73lw6m0fgt	Movento		2025-10-23 18:52:40.167	2025-10-23 18:52:40.167
cmh3s4rqf00ojzk7352pxwe1i	Cipermetrina		2025-10-23 18:52:40.167	2025-10-23 18:52:40.167
cmh3s4s4g00s1zk73ol27gxpv	Tokat 240 ce		2025-10-23 18:52:40.673	2025-10-23 18:52:40.673
cmh3s4s4g00s2zk73yksoj1ui	NPK Micro		2025-10-23 18:52:40.673	2025-10-23 18:52:40.673
cmh3s4s9m00tbzk73glrhkpd6	Kelatex Ca+B		2025-10-23 18:52:40.858	2025-10-23 18:52:40.858
cmh3s4s9m00tczk73ikho94r9	Algacell Cupper		2025-10-23 18:52:40.859	2025-10-23 18:52:40.859
cmh3s4s9m00tdzk73u3q76s1z	RALLY 40W		2025-10-23 18:52:40.859	2025-10-23 18:52:40.859
cmh3s4scu00u0zk73om1dk6nz	Kelpak		2025-10-23 18:52:40.974	2025-10-23 18:52:40.974
cmh3s4sgi00uxzk73hghwbxc3	Trazex		2025-10-23 18:52:41.106	2025-10-23 18:52:41.106
cmh3s4sj200vezk7340lcm0g7	Folicur 25 EW		2025-10-23 18:52:41.199	2025-10-23 18:52:41.199
cmh3s4sj200vczk73uyaqm6td	Tokat CLN		2025-10-23 18:52:41.199	2025-10-23 18:52:41.199
cmh3s4sj200vdzk73s23a0shm	Fosfo K55		2025-10-23 18:52:41.199	2025-10-23 18:52:41.199
cmh3s4svo00xtzk73926la8km	Bio Gober Plus		2025-10-23 18:52:41.653	2025-10-23 18:52:41.653
cmh3s4svo00xuzk73ftmpt7ld	Microelements		2025-10-23 18:52:41.653	2025-10-23 18:52:41.653
cmh3s4svo00xvzk730w3n4uo0	Switch		2025-10-23 18:52:41.653	2025-10-23 18:52:41.653
cmh3s4svo00xwzk73k2bbqejn	Phos K (Fosfi potas)		2025-10-23 18:52:41.653	2025-10-23 18:52:41.653
cmh3s4t4f0107zk73xlfseiw2	Actigard 50 GS		2025-10-23 18:52:41.968	2025-10-23 18:52:41.968
cmh3s4t4f0108zk73zi89dm5s	Enraizador enzymax radicular		2025-10-23 18:52:41.968	2025-10-23 18:52:41.968
cmh3s4t9z011vzk73wmqdqu1c	Phos Ca		2025-10-23 18:52:42.167	2025-10-23 18:52:42.167
cmh3s4tex0134zk73hag8tx6q	Hyper Fe + Mg		2025-10-23 18:52:42.345	2025-10-23 18:52:42.345
cmh3s4tex0135zk73nrqx3sr0	Revus 250 sc		2025-10-23 18:52:42.345	2025-10-23 18:52:42.345
cmh3s4tsz0168zk73zp1j32z0	Fumigaci├│n		2025-10-23 18:52:42.852	2025-10-23 18:52:42.852
cmh3s4tsz0169zk73379nijaa	Algacell cupper		2025-10-23 18:52:42.852	2025-10-23 18:52:42.852
cmh3s4ty3017wzk731v1xcd27	ELEVAT		2025-10-23 18:52:43.036	2025-10-23 18:52:43.036
cmh3s4uah01a1zk73092cjibd	Consento		2025-10-23 18:52:43.481	2025-10-23 18:52:43.481
cmh3s4udp01aozk73wg4nayv1	Promyl		2025-10-23 18:52:43.598	2025-10-23 18:52:43.598
cmh3s4uib01bxzk73h8f41ctx	Cineto 600		2025-10-23 18:52:43.764	2025-10-23 18:52:43.764
cmh3s4umh01cuzk73o341mx6r	Furonto 80 WG		2025-10-23 18:52:43.914	2025-10-23 18:52:43.914
cmh3s4uq301drzk737vdtvzkm	Militan		2025-10-23 18:52:44.043	2025-10-23 18:52:44.043
cmh3s4v3j01h9zk73qhj5gnjx	Vitally		2025-10-23 18:52:44.528	2025-10-23 18:52:44.528
cmh3s4v7901i6zk732ojh245d	Maxi Grow Excel		2025-10-23 18:52:44.661	2025-10-23 18:52:44.661
cmh3s4vfa01kbzk73tt65jix3	Nutriplus		2025-10-23 18:52:44.95	2025-10-23 18:52:44.95
cmh3s4wd201uuzk73gefpplxi	Furoto 80 WG		2025-10-23 18:52:46.167	2025-10-23 18:52:46.167
cmh3s4wps01yuzk732a5pd9cp	Cloruro de Potasio 00-00-60		2025-10-23 18:52:46.624	2025-10-23 18:52:46.624
cmh3s4wts01zszk73fkowzk69	Powerplex		2025-10-23 18:52:46.768	2025-10-23 18:52:46.768
cmh3s4wtr01zrzk739fb7u8c4	previcur energy		2025-10-23 18:52:46.768	2025-10-23 18:52:46.768
cmh3s4wx1020pzk73o6z8pqa9	Masori  720		2025-10-23 18:52:46.885	2025-10-23 18:52:46.885
cmh3s4x4t0231zk73eyh7bsgr	Supa activ 600		2025-10-23 18:52:47.165	2025-10-23 18:52:47.165
cmh3s4wx1020qzk73eh6ylltk	Serenade ASO		2025-10-23 18:52:46.885	2025-10-23 18:52:46.885
cmh3s4x180221zk736ngf1pow	Kyoshi		2025-10-23 18:52:47.037	2025-10-23 18:52:47.037
cmh3s4x180220zk73cvpzjbqv	Orondis ultra		2025-10-23 18:52:47.037	2025-10-23 18:52:47.037
cmh3s4x9i024rzk73w2mf5cj2	Headline		2025-10-23 18:52:47.334	2025-10-23 18:52:47.334
cmh3s4x4t022zzk73npoohbue	Tricel 20		2025-10-23 18:52:47.165	2025-10-23 18:52:47.165
cmh3s4x4t0230zk73asbnkwpm	Tornado		2025-10-23 18:52:47.165	2025-10-23 18:52:47.165
cmh3s4x9i024qzk73mu4z69pt	Cymox		2025-10-23 18:52:47.334	2025-10-23 18:52:47.334
cmh3s4xhi0278zk73ry4jqna4	CONAN		2025-10-23 18:52:47.623	2025-10-23 18:52:47.623
cmh3s4wx1020rzk73n0r42gvz	Noster CLN		2025-10-23 18:52:46.885	2025-10-23 18:52:46.885
cmh3s4x4t022yzk73d6mszxdw	Enzymax 180		2025-10-23 18:52:47.165	2025-10-23 18:52:47.165
\.


--
-- Data for Name: Ranch; Type: TABLE DATA; Schema: public; Owner: postgres
--

COPY public."Ranch" (id, name, "createdAt", "updatedAt") FROM stdin;
cmh2k5z3p00003igm2wvfsmko	Rancho Norte	2025-10-22 22:21:53.269	2025-10-22 22:21:53.269
cmh3v0ihb0003b1yi2990lnq5	Victoria	2025-10-23 20:13:20.4	2025-10-23 20:13:20.4
cmh3v0ij7000gb1yi0d87jbmv	Cuapiaxtla	2025-10-23 20:13:20.467	2025-10-23 20:13:20.467
cmh3v0ikx000wb1yior0uo1pl	Providencia	2025-10-23 20:13:20.529	2025-10-23 20:13:20.529
cmh3v0ioo001zb1yioww7p28y	Atlixco	2025-10-23 20:13:20.664	2025-10-23 20:13:20.664
cmh3v0j3w005wb1yiz81uzzzt	Izucar	2025-10-23 20:13:21.212	2025-10-23 20:13:21.212
cmh3v0jm200afb1yijc9ipp7m	Invernadero	2025-10-23 20:13:21.867	2025-10-23 20:13:21.867
\.


--
-- Data for Name: Recipe; Type: TABLE DATA; Schema: public; Owner: postgres
--

COPY public."Recipe" (id, name, classification, "cropId", "varietyId", "growthWeek", version, "isActive", "createdAt", "updatedAt", "sowingType", temporalidad) FROM stdin;
cmh3sw010004kfvdrxrevkpwk	C-Cilantro Campo Abierto-08	AGROQUIMICO	cmh3q6p2k000012ppp0cgaljt	\N	8	1	t	2025-10-23 19:13:50.629	2025-10-28 18:45:49.013	Campo Abierto	Anual
cmh3svzig0001fvdr9si51b2c	1era Fertilizacion-Campo Abierto	FERTILIZANTE	cmh3q6p2k000012ppp0cgaljt	\N	2	1	t	2025-10-23 19:13:49.96	2025-10-23 19:13:50.051	Campo Abierto	Anual
cmh3svzlh000cfvdrcxswveja	2da Fertilizacion-Campo Abierto	FERTILIZANTE	cmh3q6p2k000012ppp0cgaljt	\N	4	1	t	2025-10-23 19:13:50.069	2025-10-23 19:13:50.069	Campo Abierto	Anual
cmh3sw24u00rnfvdrxfiguk0y	B-Arugula-Abril-Sep	AGROQUIMICO	cmh3rdhnv001c5npe8kzf0osx	\N	2	1	t	2025-10-23 19:13:53.358	2025-10-23 19:13:53.469	Campo Abierto	Abril-Sep
cmh3sw1il00l5fvdrn0kflr1j	D-Cilantro-Invernadero-08	AGROQUIMICO	cmh3q6p2k000012ppp0cgaljt	\N	8	1	t	2025-10-23 19:13:52.557	2025-10-28 18:47:27.728	Invernadero	Anual
cmh3sw1va00p1fvdr4eik8knb	E-Cilantro-Invernadero-09	AGROQUIMICO	cmh3q6p2k000012ppp0cgaljt	\N	9	1	t	2025-10-23 19:13:53.015	2025-10-28 18:50:48.266	Invernadero	Anual
cmh3sw0ux00dhfvdrfv0ha1ne	Fertilizacion 2-Invernadero	FERTILIZANTE	cmh3q6p2k000012ppp0cgaljt	\N	3	1	t	2025-10-23 19:13:51.705	2025-10-23 19:13:51.852	Invernadero	Anual
cmh3svzo6000wfvdranbsn4hr	DS-Cilantro-Campo Abierto	AGROQUIMICO	cmh3q6p2k000012ppp0cgaljt	\N	1	1	t	2025-10-23 19:13:50.167	2025-10-28 18:54:07.715	Campo Abierto	Anual
cmh3sw1r800n9fvdr5df5vwsu	D-Cilantro-Invernadero-09	AGROQUIMICO	cmh3q6p2k000012ppp0cgaljt	\N	9	1	t	2025-10-23 19:13:52.868	2025-10-28 18:49:01.154	Invernadero	Anual
cmh3sw2nk00wufvdrggza9omt	A-Baby leaves-Abril-Sep	AGROQUIMICO	cmh3v0ikf000tb1yimyau3cpe	\N	1	1	t	2025-10-23 19:13:54.032	2025-10-27 16:22:10.652	Campo Abierto	Abril-Sep
cmh3sw09r007lfvdrdilrmbqx	D-Cilantro Campo Abierto-09	AGROQUIMICO	cmh3q6p2k000012ppp0cgaljt	\N	9	1	t	2025-10-23 19:13:50.943	2025-10-28 18:53:22.979	Campo Abierto	Anual
cmh3svzmi000ifvdrek466r6c	Rebrote-Cilantro-Campo Abierto	AGROQUIMICO	cmh3q6p2k000012ppp0cgaljt	\N	7	1	t	2025-10-23 19:13:50.106	2025-10-28 18:55:03.393	Campo Abierto	Anual
cmh3sw11200fpfvdrunyt735v	A-Cilantro-Invernadero-03	AGROQUIMICO	cmh3q6p2k000012ppp0cgaljt	\N	3	1	t	2025-10-23 19:13:51.926	2025-10-23 21:43:46.589	Invernadero	Anual
cmh3sw0jl00a3fvdrk0awzuxo	E-Cilantro Campo Abierto-10	AGROQUIMICO	cmh3q6p2k000012ppp0cgaljt	\N	10	1	t	2025-10-23 19:13:51.298	2025-10-29 17:38:39.597	Campo Abierto	Anual
cmh3sw1xh00pvfvdry2blukxt	E-Cilantro-Invernadero-06	AGROQUIMICO	cmh3q6p2k000012ppp0cgaljt	\N	6	1	t	2025-10-23 19:13:53.093	2025-10-28 18:31:01.784	Invernadero	Anual
cmh3sw053005zfvdrmh0t1s1j	D-Cilantro Campo Abierto-05	AGROQUIMICO	cmh3q6p2k000012ppp0cgaljt	\N	5	1	t	2025-10-23 19:13:50.776	2025-10-28 18:37:16.325	Campo Abierto	Anual
cmh3sw0zp00fbfvdrcnbqazda	A-Cilantro-Invernadero-01	AGROQUIMICO	cmh3q6p2k000012ppp0cgaljt	\N	1	1	t	2025-10-23 19:13:51.877	2025-10-28 18:00:50.512	Invernadero	Anual
cmh3sw0ei0097fvdr3xes9r03	E-Cilantro Campo Abierto-06	AGROQUIMICO	cmh3q6p2k000012ppp0cgaljt	\N	6	1	t	2025-10-23 19:13:51.114	2025-10-28 18:44:29.809	Campo Abierto	Anual
cmh3sw1zi00qpfvdr5ipynp5w	Rebrote-Cilantro-Invernadero	AGROQUIMICO	cmh3q6p2k000012ppp0cgaljt	\N	5	1	t	2025-10-23 19:13:53.166	2025-10-23 19:13:53.201	Invernadero	Anual
cmh3svzte002efvdryi86ljrn	B-Cilantro-Campo Abierto-03	AGROQUIMICO	cmh3q6p2k000012ppp0cgaljt	\N	3	1	t	2025-10-23 19:13:50.354	2025-10-28 18:35:00.71	Campo Abierto	Anual
cmh3sw1o100mbfvdrij8qx01l	D-Cilantro-Invernadero-05	AGROQUIMICO	cmh3q6p2k000012ppp0cgaljt	\N	5	1	t	2025-10-23 19:13:52.753	2025-10-28 18:25:41.194	Invernadero	Anual
cmh3svzoj000zfvdr5bwddiws	A-Cilantro-Campo Abierto-02	AGROQUIMICO	cmh3q6p2k000012ppp0cgaljt	\N	2	1	t	2025-10-23 19:13:50.179	2025-10-28 18:15:11.588	Campo Abierto	Anual
cmh3sw0pg00bnfvdrpj7mhcy0	Fertilizacion 1-Invernadero	FERTILIZANTE	cmh3q6p2k000012ppp0cgaljt	\N	1	1	t	2025-10-23 19:13:51.508	2025-10-23 19:13:51.678	Invernadero	Anual
cmh3sw18100hofvdrirw96khz	C-Cilantro-Invernadero-07	AGROQUIMICO	cmh3q6p2k000012ppp0cgaljt	\N	7	1	t	2025-10-23 19:13:52.177	2025-10-28 18:41:05.035	Invernadero	Anual
cmh3svzlx000ffvdrjy3daxk3	2ra Fertilizacion-Campo Abierto	FERTILIZANTE	cmh3q6p2k000012ppp0cgaljt	\N	4	1	t	2025-10-23 19:13:50.085	2025-10-28 18:19:04.729	Campo Abierto	Anual
cmh3sw20w00r0fvdrimt0vf63	1era Fertilizacion-Arugula-Abril-Sep	FERTILIZANTE	cmh3rdhnv001c5npe8kzf0osx	\N	3	1	t	2025-10-23 19:13:53.216	2025-10-23 19:13:53.266	Campo Abierto	Abril-Sep
cmh3sw1tb00o7fvdrzjoes5jg	E-Cilantro-Invernadero-05	AGROQUIMICO	cmh3q6p2k000012ppp0cgaljt	\N	5	1	t	2025-10-23 19:13:52.944	2025-10-28 18:26:39.478	Invernadero	Anual
cmh3sw14x00gnfvdru4dyw0u3	B-Cilantro-Invernadero-07	AGROQUIMICO	cmh3q6p2k000012ppp0cgaljt	\N	7	1	t	2025-10-23 19:13:52.065	2025-10-28 18:34:13.828	Invernadero	Anual
cmh3sw23l00rhfvdrxcldusck	A-Arugula-Abril-Sep	AGROQUIMICO	cmh3rdhnv001c5npe8kzf0osx	\N	1	1	t	2025-10-23 19:13:53.313	2025-10-23 19:13:53.33	Campo Abierto	Abril-Sep
cmh3sw28c00svfvdrdaywswn9	C-Arugula-Abril-Sep	AGROQUIMICO	cmh3rdhnv001c5npe8kzf0osx	\N	3	1	t	2025-10-23 19:13:53.484	2025-10-23 19:13:53.555	Campo Abierto	Abril-Sep
cmh3sw2el00udfvdrj89fmujh	E-Arugula-Abril-Sep	AGROQUIMICO	cmh3rdhnv001c5npe8kzf0osx	\N	5	1	t	2025-10-23 19:13:53.709	2025-10-23 19:13:53.776	Campo Abierto	Abril-Sep
cmh3sw2gs00urfvdrip061xb0	F-Arugula-Abril-Sep	AGROQUIMICO	cmh3rdhnv001c5npe8kzf0osx	\N	6	1	t	2025-10-23 19:13:53.789	2025-10-23 19:13:53.937	Campo Abierto	Abril-Sep
cmh3sw2ax00thfvdr4xlo7okv	D-Arugula-Abril-Sep	AGROQUIMICO	cmh3rdhnv001c5npe8kzf0osx	\N	4	1	t	2025-10-23 19:13:53.578	2025-10-23 19:13:53.692	Campo Abierto	Abril-Sep
cmh3sw22v00rbfvdrxn9wuykp	2da Fertilizacion-Arugula-Abril-Sep	FERTILIZANTE	cmh3rdhnv001c5npe8kzf0osx	\N	5	1	t	2025-10-23 19:13:53.287	2025-10-27 18:03:05.762	Campo Abierto	Abril-Sep
cmh3sw2lc00wdfvdrgmknaahv	Fertilizacion 1-Baby leaves-Abril-Sep	FERTILIZANTE	cmh3v0ikf000tb1yimyau3cpe	\N	3	1	t	2025-10-23 19:13:53.952	2025-10-27 16:23:28.451	Campo Abierto	Abril-Sep
cmh3sw2pr00x5fvdr65pb67nc	B-Baby leaves-Abril-Sep	AGROQUIMICO	cmh3v0ikf000tb1yimyau3cpe	\N	2	1	t	2025-10-23 19:13:54.111	2025-10-27 16:22:39.557	Campo Abierto	Abril-Sep
cmh3sw2mv00wofvdr6apdxi8i	Fertilizacion 2-Baby leaves-Abril-Sep	FERTILIZANTE	cmh3v0ikf000tb1yimyau3cpe	\N	5	1	t	2025-10-23 19:13:54.007	2025-10-27 16:22:47.811	Campo Abierto	Abril-Sep
cmh3sw23800refvdr1huq80dr	2ra Fertilizacion-Arugula-Abril-Sep	FERTILIZANTE	cmh3rdhnv001c5npe8kzf0osx	\N	52	1	t	2025-10-23 19:13:53.3	2025-10-27 18:04:07.433	Campo Abierto	Abril-Sep
cmh3sw19v00ibfvdr8ciyg96k	C-Cilantro-Invernadero-04	AGROQUIMICO	cmh3q6p2k000012ppp0cgaljt	\N	4	1	t	2025-10-23 19:13:52.243	2025-10-28 18:21:22.106	Invernadero	Anual
cmh3sw16l00h1fvdryrf00em6	C-Cilantro-Invernadero-03	AGROQUIMICO	cmh3q6p2k000012ppp0cgaljt	\N	3	1	t	2025-10-23 19:13:52.125	2025-10-28 17:22:07.716	Invernadero	Anual
cmh3sw12a00fzfvdr6j0zsrf9	B-Cilantro-Invernadero-02	AGROQUIMICO	cmh3q6p2k000012ppp0cgaljt	\N	2	1	t	2025-10-23 19:13:51.971	2025-10-28 18:06:57.405	Invernadero	Anual
cmh3svzwe0035fvdrcgb1s2g5	C-Cilantro Campo Abierto-04	AGROQUIMICO	cmh3q6p2k000012ppp0cgaljt	\N	4	1	t	2025-10-23 19:13:50.462	2025-10-28 18:35:58.756	Campo Abierto	Anual
cmh3sw1e800jzfvdrqwmchi3p	D-Cilantro-Invernadero-04	AGROQUIMICO	cmh3q6p2k000012ppp0cgaljt	\N	4	1	t	2025-10-23 19:13:52.401	2025-10-28 18:36:41.098	Invernadero	Anual
cmh3sw1c000j5fvdrmehiwwc5	C-Cilantro-Invernadero-08	AGROQUIMICO	cmh3q6p2k000012ppp0cgaljt	\N	8	1	t	2025-10-23 19:13:52.32	2025-10-28 18:41:50.419	Invernadero	Anual
cmh3sw6rn0233fvdralpaq7pz	E-Espinaca	AGROQUIMICO	cmh3ira4m0000146d60lv420u	\N	6	1	t	2025-10-23 19:13:59.364	2025-10-28 22:18:51.857	Campo Abierto	\N
cmhb5wnb4001whhdnmuqioojj	2da Fertilizacion-Espinaca Grande	FERTILIZANTE	cmh3v0ige0000b1yi7y0oj693	\N	4	1	t	2025-10-28 22:52:39.039	2025-10-28 22:52:39.039	\N	\N
cmh3sw4hz01ecfvdrkgyyuh2k	A-Arugula-Oct-Ene	AGROQUIMICO	cmh3rdhnv001c5npe8kzf0osx	\N	1	1	t	2025-10-23 19:13:56.423	2025-10-29 16:44:47.948	Campo Abierto	Oct-Mar
cmh3sw4gr01e6fvdrykc3ocoj	2da Fertilizacion-Arugula-Oct-Ene	FERTILIZANTE	cmh3rdhnv001c5npe8kzf0osx	\N	5	1	t	2025-10-23 19:13:56.38	2025-10-29 16:47:56.683	Campo Abierto	Oct-Mar
cmh3sw63q01vjfvdromvnyp4w	H-Baby leaves	AGROQUIMICO	cmh3v0ikf000tb1yimyau3cpe	\N	8	1	t	2025-10-23 19:13:58.502	2025-10-29 16:58:00.3	Campo Abierto	Oct-Mar
cmh3sw5nw01qkfvdrrqipkn62	D-Baby leaves	AGROQUIMICO	cmh3v0ikf000tb1yimyau3cpe	\N	4	1	t	2025-10-23 19:13:57.933	2025-10-29 16:59:28.616	Campo Abierto	Oct-Mar
cmh3sw4is01eifvdr9vr5lmj9	B-Arugula-Oct-Ene	AGROQUIMICO	cmh3rdhnv001c5npe8kzf0osx	\N	2	1	t	2025-10-23 19:13:56.453	2025-10-30 17:29:26.994	Campo Abierto	Oct-Mar
cmh3sw2xn00zffvdrjxcpsl19	C-Baby leaves-Abril-Sep	AGROQUIMICO	cmh3v0ikf000tb1yimyau3cpe	\N	3	1	t	2025-10-23 19:13:54.396	2025-10-27 16:22:55.386	Campo Abierto	Abril-Sep
cmh3sw5wk01tmfvdrqmozijnm	F-Baby leaves	AGROQUIMICO	cmh3v0ikf000tb1yimyau3cpe	\N	6	1	t	2025-10-23 19:13:58.244	2025-10-27 16:25:08.097	Campo Abierto	Oct-Ene
cmh3sw3j4015bfvdre35rcndp	B-Kale	AGROQUIMICO	cmh3rdinp00285npe2h0qvs1v	cmh3v0oh4011lb1yiuxacfl0t	2	1	t	2025-10-23 19:13:55.168	2025-10-27 16:32:42.378	Campo Abierto	Anual
cmh3sw3bi013vfvdrgjhp32yv	1era Fertilizacion-Kale	FERTILIZANTE	cmh3rdinp00285npe2h0qvs1v	cmh3v0oh4011lb1yiuxacfl0t	2	1	t	2025-10-23 19:13:54.895	2025-10-27 16:56:11.043	Campo Abierto	Anual
cmh3sw3cv0146fvdrzehen2l8	2da Fertilizacion-Kale	FERTILIZANTE	cmh3rdinp00285npe2h0qvs1v	cmh3v0oh4011lb1yiuxacfl0t	4	1	t	2025-10-23 19:13:54.943	2025-10-27 16:59:56.955	Campo Abierto	Anual
cmh3sw3gj014ufvdrgxfz6dxd	Rebrote-Kale	FERTILIZANTE	cmh3rdinp00285npe2h0qvs1v	cmh3v0oh4011lb1yiuxacfl0t	14	1	t	2025-10-23 19:13:55.075	2025-10-27 17:00:21.233	Campo Abierto	Anual
cmh3sw40h019nfvdrb2crwrig	G-Kale	AGROQUIMICO	cmh3rdinp00285npe2h0qvs1v	cmh3v0oh4011lb1yiuxacfl0t	7	1	t	2025-10-23 19:13:55.793	2025-10-27 17:03:32.234	Campo Abierto	Anual
cmh3sw3u8018ffvdrfwrl0z4w	E-Kale	AGROQUIMICO	cmh3rdinp00285npe2h0qvs1v	cmh3v0oh4011lb1yiuxacfl0t	5	1	t	2025-10-23 19:13:55.569	2025-10-27 17:03:39.721	Campo Abierto	Anual
cmh3sw3ft014ofvdrxb7q5hj7	Rebrote-Kale	FERTILIZANTE	cmh3rdinp00285npe2h0qvs1v	cmh3v0oh4011lb1yiuxacfl0t	12	1	t	2025-10-23 19:13:55.049	2025-10-27 17:04:11.273	Campo Abierto	Anual
cmh3sw3eu014ifvdrxq4y7umm	Rebrote-Kale	FERTILIZANTE	cmh3rdinp00285npe2h0qvs1v	cmh3v0oh4011lb1yiuxacfl0t	10	1	t	2025-10-23 19:13:55.015	2025-10-27 17:06:41.248	Campo Abierto	Anual
cmh3sw3dt014cfvdrkjqw7dvq	Rebrote-Kale	FERTILIZANTE	cmh3rdinp00285npe2h0qvs1v	cmh3v0oh4011lb1yiuxacfl0t	8	1	t	2025-10-23 19:13:54.977	2025-10-27 17:06:46.469	Campo Abierto	Anual
cmh3sw13400g9fvdr04thkyub	B-Cilantro-Invernadero-03	AGROQUIMICO	cmh3q6p2k000012ppp0cgaljt	\N	3	1	t	2025-10-23 19:13:52	2025-10-28 18:10:58.505	Invernadero	Anual
cmhb5t0t4001phhdna71347aq	1era Fertilizacion-Espinaca Grande	FERTILIZANTE	cmh3v0ige0000b1yi7y0oj693	\N	2	1	t	2025-10-28 22:49:49.911	2025-10-28 22:52:50.572	\N	\N
cmh3sw36l0129fvdrkeoeui7x	E-Baby leaves-Abril-Sep	AGROQUIMICO	cmh3v0ikf000tb1yimyau3cpe	\N	5	1	t	2025-10-23 19:13:54.718	2025-10-27 16:23:34.582	Campo Abierto	Abril-Sep
cmh3sw32i0111fvdrqkfd4l8u	D-Baby leaves-Abril-Sep	AGROQUIMICO	cmh3v0ikf000tb1yimyau3cpe	\N	4	1	t	2025-10-23 19:13:54.57	2025-10-27 16:24:08.339	Campo Abierto	Abril-Sep
cmh3sw47o01brfvdr5m4s2pcr	I-Kale	AGROQUIMICO	cmh3rdinp00285npe2h0qvs1v	cmh3v0oh4011lb1yiuxacfl0t	9	1	t	2025-10-23 19:13:56.053	2025-10-27 17:03:22.177	Campo Abierto	Anual
cmh3sw44c01avfvdrugm99auw	H-Kale	AGROQUIMICO	cmh3rdinp00285npe2h0qvs1v	cmh3v0oh4011lb1yiuxacfl0t	8	1	t	2025-10-23 19:13:55.932	2025-10-27 17:04:31.76	Campo Abierto	Anual
cmh3sw4yn01j4fvdr7xeq3q43	F-Arugula-Oct-Ene	AGROQUIMICO	cmh3rdhnv001c5npe8kzf0osx	\N	6	1	t	2025-10-23 19:13:57.023	2025-10-29 16:48:37.927	Campo Abierto	Oct-Mar
cmh3sw3ht0150fvdr6sejxpqx	A-Kale	AGROQUIMICO	cmh3rdinp00285npe2h0qvs1v	cmh3v0oh4011lb1yiuxacfl0t	1	1	t	2025-10-23 19:13:55.121	2025-10-27 16:15:34.003	Campo Abierto	Anual
cmh3sw6g201zdfvdrdfp9pok2	B-Espinaca	AGROQUIMICO	cmh3ira4m0000146d60lv420u	\N	3	1	t	2025-10-23 19:13:58.947	2025-10-28 22:16:51.994	Campo Abierto	\N
cmhb62z7m0026hhdnn2aetwmc	A-Espinaca Grande	AGROQUIMICO	cmh3v0ige0000b1yi7y0oj693	\N	2	1	t	2025-10-28 22:57:34.372	2025-10-28 23:01:27.383	\N	\N
cmh3sw4ne01g4fvdr4uscwkga	C-Arugula-Oct-Ene	AGROQUIMICO	cmh3rdhnv001c5npe8kzf0osx	\N	3	1	t	2025-10-23 19:13:56.619	2025-10-29 16:47:35.792	Campo Abierto	Oct-Mar
cmh3sw55801krfvdrwags4sik	H-Arugula-Oct-Ene	AGROQUIMICO	cmh3rdhnv001c5npe8kzf0osx	\N	8	1	t	2025-10-23 19:13:57.261	2025-10-29 16:49:09.436	Campo Abierto	Oct-Mar
cmh3sw5rj01rsfvdriinxncrs	E-Baby leaves	AGROQUIMICO	cmh3v0ikf000tb1yimyau3cpe	\N	5	1	t	2025-10-23 19:13:58.063	2025-10-29 16:57:42.957	Campo Abierto	Oct-Mar
cmh3sw68t01xlfvdr6rbadqyd	1era Fertilizacion-Espinaca	FERTILIZANTE	cmh3ira4m0000146d60lv420u	\N	2	1	t	2025-10-23 19:13:58.686	2025-10-28 22:14:20.651	Campo Abierto	\N
cmh3sw6cu01yhfvdrfcofkt45	A-Espinaca	AGROQUIMICO	cmh3ira4m0000146d60lv420u	\N	2	1	t	2025-10-23 19:13:58.83	2025-10-28 22:14:25.128	Campo Abierto	\N
cmh3sw3nt016xfvdrj97ph4we	C-Kale	AGROQUIMICO	cmh3rdinp00285npe2h0qvs1v	cmh3v0oh4011lb1yiuxacfl0t	3	1	t	2025-10-23 19:13:55.337	2025-10-27 16:55:54.147	Campo Abierto	Anual
cmh3sw3rn017tfvdr9ul1y774	D-Kale	AGROQUIMICO	cmh3rdinp00285npe2h0qvs1v	cmh3v0oh4011lb1yiuxacfl0t	4	1	t	2025-10-23 19:13:55.476	2025-10-27 17:00:12.854	Campo Abierto	Anual
cmh3sw6k1020lfvdrm5f4hp92	C-Espinaca	AGROQUIMICO	cmh3ira4m0000146d60lv420u	\N	4	1	t	2025-10-23 19:13:59.089	2025-10-28 22:17:01.178	Campo Abierto	\N
cmh3sw3x10191fvdrrmxnziyx	F-Kale	AGROQUIMICO	cmh3rdinp00285npe2h0qvs1v	cmh3v0oh4011lb1yiuxacfl0t	6	1	t	2025-10-23 19:13:55.669	2025-10-27 17:03:58.713	Campo Abierto	Anual
cmh3sw4au01cnfvdrk6p3zulr	J-Kale	AGROQUIMICO	cmh3rdinp00285npe2h0qvs1v	cmh3v0oh4011lb1yiuxacfl0t	10	1	t	2025-10-23 19:13:56.167	2025-10-27 17:06:33.834	Campo Abierto	Anual
cmh3sw6aw01y3fvdr2ok44ntz	2da Fertilizacion-Espinaca	FERTILIZANTE	cmh3ira4m0000146d60lv420u	\N	4	1	t	2025-10-23 19:13:58.76	2025-10-28 22:17:25.825	Campo Abierto	\N
cmh3sw6vj024bfvdrcpfo4rgw	F-Espinaca	AGROQUIMICO	cmh3ira4m0000146d60lv420u	\N	7	1	t	2025-10-23 19:13:59.503	2025-10-28 22:18:46.896	Campo Abierto	\N
cmhb67k88002ehhdnacqym7xx	B-Espinaca Grande	AGROQUIMICO	cmh3v0ige0000b1yi7y0oj693	\N	3	1	t	2025-10-28 23:01:08.262	2025-10-28 23:01:08.262	\N	\N
cmh3sw5j501oyfvdroy77wmh2	C-Baby leaves	AGROQUIMICO	cmh3v0ikf000tb1yimyau3cpe	\N	3	1	t	2025-10-23 19:13:57.762	2025-10-29 16:57:28.085	Campo Abierto	Oct-Mar
cmh3sw6c801yefvdrs98lxhaf	DS-Espinaca	AGROQUIMICO	cmh3ira4m0000146d60lv420u	\N	1	1	t	2025-10-23 19:13:58.808	2025-10-30 18:59:25.457	Campo Abierto	\N
cmhb6a9cq002shhdnfv8hegv9	C-Espinaca Grande	AGROQUIMICO	cmh3v0ige0000b1yi7y0oj693	\N	4	1	t	2025-10-28 23:03:14.121	2025-10-28 23:03:17.067	\N	\N
cmhb6eoq70035hhdn42uwo5cu	D-Espinaca Grande	AGROQUIMICO	cmh3v0ige0000b1yi7y0oj693	\N	5	1	t	2025-10-28 23:06:40.687	2025-10-28 23:26:01.135	\N	\N
cmh3sw4f301dvfvdrxlsv7w6c	1era Fertilizacion-Arugula-Oct-Ene	FERTILIZANTE	cmh3rdhnv001c5npe8kzf0osx	\N	3	1	t	2025-10-23 19:13:56.319	2025-10-29 16:43:36.613	Campo Abierto	Oct-Mar
cmh3sw4rh01h0fvdrgae2dpwd	D-Arugula-Oct-Ene	AGROQUIMICO	cmh3rdhnv001c5npe8kzf0osx	\N	4	1	t	2025-10-23 19:13:56.766	2025-10-29 16:48:12.65	Campo Abierto	Oct-Mar
cmh3sw60601unfvdrbm3ic86s	G-Baby leaves	AGROQUIMICO	cmh3v0ikf000tb1yimyau3cpe	\N	7	1	t	2025-10-23 19:13:58.374	2025-10-29 16:58:19.533	Campo Abierto	Oct-Mar
cmh3sw6nd021hfvdr63fzj5wx	D-Espinaca	AGROQUIMICO	cmh3ira4m0000146d60lv420u	\N	5	1	t	2025-10-23 19:13:59.209	2025-10-28 22:15:25.268	Campo Abierto	\N
cmhb6jbxj0001in35zr2h01bp	DS-Espinaca Grande	AGROQUIMICO	cmh3v0ige0000b1yi7y0oj693	\N	1	1	t	2025-10-28 23:10:17.383	2025-10-28 23:10:17.383	\N	\N
cmhb6jcte0005in35ejr9vg73	DS-Espinaca Grande-draft	AGROQUIMICO	cmh3v0ige0000b1yi7y0oj693	\N	52	1	t	2025-10-28 23:10:18.531	2025-10-28 23:19:12.224	\N	\N
cmh3sw4v701i8fvdrrhwn7o3h	E-Arugula-Oct-Ene	AGROQUIMICO	cmh3rdhnv001c5npe8kzf0osx	\N	5	1	t	2025-10-23 19:13:56.9	2025-10-29 16:48:27.759	Campo Abierto	Oct-Mar
cmh3sw52g01k5fvdr1bjqor7r	G-Arugula-Oct-Ene	AGROQUIMICO	cmh3rdhnv001c5npe8kzf0osx	\N	7	1	t	2025-10-23 19:13:57.16	2025-10-29 16:48:56.73	Campo Abierto	Oct-Mar
cmhb6srih0009vomnvyfki1tx	E-Espinaca Grande-draft	AGROQUIMICO	cmh3v0ige0000b1yi7y0oj693	\N	52	1	t	2025-10-28 23:17:37.482	2025-10-28 23:19:24.517	\N	\N
cmhb6smy80001vomn1h4whdec	E-Espinaca Grande	AGROQUIMICO	cmh3v0ige0000b1yi7y0oj693	\N	6	1	t	2025-10-28 23:17:31.566	2025-10-28 23:19:52.175	\N	\N
cmh3sw5ca01mufvdrf3hmusv7	A-Baby leaves	AGROQUIMICO	cmh3v0ikf000tb1yimyau3cpe	\N	1	1	t	2025-10-23 19:13:57.514	2025-10-29 16:55:41.871	Campo Abierto	Oct-Mar
cmh3sw5dk01n5fvdrxb38ovhv	B-Baby leaves	AGROQUIMICO	cmh3v0ikf000tb1yimyau3cpe	\N	2	1	t	2025-10-23 19:13:57.561	2025-10-29 16:56:25.855	Campo Abierto	Oct-Mar
cmh3sw59u01mdfvdrw25nnvmo	1era Fertilizacion-Baby leaves	FERTILIZANTE	cmh3v0ikf000tb1yimyau3cpe	\N	3	1	t	2025-10-23 19:13:57.427	2025-10-29 16:57:12.418	Campo Abierto	Oct-Mar
cmh3sw5b201mofvdrbikjfrnl	2da Fertilizacion-Baby leaves	FERTILIZANTE	cmh3v0ikf000tb1yimyau3cpe	\N	5	1	t	2025-10-23 19:13:57.471	2025-10-29 16:59:15.437	Campo Abierto	Oct-Mar
cmh3sw6zs025jfvdr1d7h4b8n	G-Espinaca	AGROQUIMICO	cmh3ira4m0000146d60lv420u	\N	8	1	t	2025-10-23 19:13:59.657	2025-10-28 22:17:59.781	Campo Abierto	\N
cmhb6xlza0013vomn9da666bm	F-Espinaca Grande	AGROQUIMICO	cmh3v0ige0000b1yi7y0oj693	\N	7	1	t	2025-10-28 23:21:23.589	2025-10-28 23:23:24.958	\N	\N
cmhb6zd4y001ivomniwj42mpy	G-Espinaca Grande	AGROQUIMICO	cmh3v0ige0000b1yi7y0oj693	\N	8	1	t	2025-10-28 23:22:45.441	2025-10-28 23:27:23.869	\N	\N
\.


--
-- Data for Name: RecipeItem; Type: TABLE DATA; Schema: public; Owner: postgres
--

COPY public."RecipeItem" (id, "recipeId", "productId", "qtyPerHectare", notes) FROM stdin;
cmh9cw6mj003gvrsf5zndljzq	cmh3sw3j4015bfvdre35rcndp	cmh3s4q5p005kzk73cob30fv1	1.000	\N
cmh9cw6mj003hvrsfv43qvaug	cmh3sw3j4015bfvdre35rcndp	cmh3s4t4f0108zk73zi89dm5s	1.000	\N
cmh9cw6mj003ivrsfozy8oynx	cmh3sw3j4015bfvdre35rcndp	cmh3s4qf2008zzk73u4wuncc0	0.800	\N
cmh3y8tcw000312q867kvnf5l	cmh3sw11200fpfvdrunyt735v	cmh3rhb4v00249yjrufg2xpag	0.500	\N
cmh3y8tcw000412q8v4bvnccd	cmh3sw11200fpfvdrunyt735v	cmh3s4qyl00fczk73yx0xvr8q	0.500	\N
cmh9ca54q0000vrsfiypmtxxj	cmh3sw3ht0150fvdr6sejxpqx	cmh3rhbre00509yjrxb8ilzoj	2.000	\N
cmh3svzl80008fvdrll0ytlzs	cmh3svzig0001fvdr9si51b2c	cmh3q6p59000312pp7vgk47o1	100.000	\N
cmh3svzl80009fvdr5s7uasxf	cmh3svzig0001fvdr9si51b2c	cmh3q6p68000612ppf6vvsb0h	100.000	\N
cmh3svzl8000afvdr7c6rjkrs	cmh3svzig0001fvdr9si51b2c	cmh3q6p6w000912ppj7q1sedw	150.000	\N
cmh3svzlo000dfvdriojh2ber	cmh3svzlh000cfvdrcxswveja	cmh3rhaun000m9yjruvpfsyji	200.000	\N
cmhaw4ty3000t9aqjm4if9jre	cmh3svzlx000ffvdrjy3daxk3	cmh3rhavy000r9yjry9yzbhn0	150.000	\N
cmh9ca54q0001vrsf8odehu8b	cmh3sw3ht0150fvdr6sejxpqx	cmh3s4s4g00s1zk73ol27gxpv	0.420	\N
cmh9ca54q0002vrsfeyu3tfv6	cmh3sw3ht0150fvdr6sejxpqx	cmh3rhaxe00109yjrbki93gkd	0.500	\N
cmh9cw6mj003jvrsfye7qav38	cmh3sw3j4015bfvdre35rcndp	cmh3rhaxe00109yjrbki93gkd	1.000	\N
cmh9cw6mj003kvrsfp3f97wks	cmh3sw3j4015bfvdre35rcndp	cmh3s4tsz0168zk73zp1j32z0	1.000	\N
cmh9cw6mj003lvrsfpegr50jb	cmh3sw3j4015bfvdre35rcndp	cmh3s4tsz0169zk73379nijaa	1.000	\N
cmh9cw6mj003mvrsfmyt1715q	cmh3sw3j4015bfvdre35rcndp	cmh3rhbsh00569yjr1fdea9v1	1.500	\N
cmhavuerv00079aqj6h483w0l	cmh3sw13400g9fvdr04thkyub	cmh3rhbsh00569yjr1fdea9v1	1.000	\N
cmhavuerv00089aqjrt4wkj89	cmh3sw13400g9fvdr04thkyub	cmh3rhbre00509yjrxb8ilzoj	2.000	\N
cmhavuerv00099aqjqstsujhh	cmh3sw13400g9fvdr04thkyub	cmh3s4qf2008zzk73u4wuncc0	0.400	\N
cmhaw7ry3000u9aqjuzsroki4	cmh3sw19v00ibfvdr8ciyg96k	cmh3rhaxe00109yjrbki93gkd	0.210	\N
cmhaw7ry3000v9aqjdllz7u41	cmh3sw19v00ibfvdr8ciyg96k	cmh3rhc3z006q9yjrp4ox0b04	0.400	\N
cmhaw7ry3000w9aqjlb3rhwzv	cmh3sw19v00ibfvdr8ciyg96k	cmh3s4q5p005kzk73cob30fv1	0.800	\N
cmhb73k4x001yvomnu72aoj0r	cmhb6eoq70035hhdn42uwo5cu	cmh3rhaxe00109yjrbki93gkd	0.840	\N
cmhaw7ry3000x9aqj6jef99ir	cmh3sw19v00ibfvdr8ciyg96k	cmh3rhc5f006w9yjrix3jqegq	0.500	\N
cmhaxcy3o003t9aqjcapl6uvj	cmh3sw09r007lfvdrdilrmbqx	cmh3rhaxe00109yjrbki93gkd	0.600	\N
cmhaxcy3o003u9aqjk3sc1mij	cmh3sw09r007lfvdrdilrmbqx	cmh3s4q5p005lzk7338017kwg	0.500	\N
cmhaxcy3o003v9aqjlncdm2i8	cmh3sw09r007lfvdrdilrmbqx	cmh3s4q5p005nzk73tsm2u4cd	1.000	\N
cmhaxcy3o003w9aqjd8xyrhyx	cmh3sw09r007lfvdrdilrmbqx	cmh3s4q5p005mzk73c1ps17en	1.000	\N
cmhaxcy3o003x9aqjyplf1chw	cmh3sw09r007lfvdrdilrmbqx	cmh3s4q5p005ozk73ab6f4zgc	1.000	\N
cmhaxcy3o003y9aqjbq5hj05q	cmh3sw09r007lfvdrdilrmbqx	cmh3s4q5p005pzk73u6ebyul9	0.500	\N
cmhaxcy3o003z9aqjvg84n0c7	cmh3sw09r007lfvdrdilrmbqx	cmh3s4q5p005kzk73cob30fv1	1.000	\N
cmhaxf3ky00419aqjipn2rsif	cmh3svzmi000ifvdrek466r6c	cmh3q6p59000312pp7vgk47o1	100.000	\N
cmhaxf3ky00429aqjum4bsruc	cmh3svzmi000ifvdrek466r6c	cmh3q6p6w000912ppj7q1sedw	150.000	\N
cmhaxf3ky00439aqjs7f413d2	cmh3svzmi000ifvdrek466r6c	cmh3rhaxe00109yjrbki93gkd	0.300	\N
cmhaxf3ky00449aqjvspcaya8	cmh3svzmi000ifvdrek466r6c	cmh3rhaxv00139yjrrco4yaat	0.500	\N
cmhaxf3ky00459aqjo7sgzza2	cmh3svzmi000ifvdrek466r6c	cmh3rhayg00169yjr62hz31w0	0.500	\N
cmhaxf3ky00469aqjrbgpfb3c	cmh3svzmi000ifvdrek466r6c	cmh3rhaz100199yjrgn4kxlgp	1.000	\N
cmhb4jdv00001hhdn6c91tyvs	cmh3sw68t01xlfvdr6rbadqyd	cmh3q6p8i000f12ppi38mvdh2	150.000	\N
cmhb4jdv00002hhdnxkh91m9m	cmh3sw68t01xlfvdr6rbadqyd	cmh3q6p68000612ppf6vvsb0h	100.000	\N
cmhb4jdv00003hhdn8xarlxks	cmh3sw68t01xlfvdr6rbadqyd	cmh3s4wps01yuzk732a5pd9cp	150.000	\N
cmhb4jdv00004hhdnphpwotpl	cmh3sw68t01xlfvdr6rbadqyd	cmh3q6p7o000c12pp3pe5xict	100.000	\N
cmhb4jhbd0005hhdn8eg46r6x	cmh3sw6cu01yhfvdrfcofkt45	cmh3rhaxe00109yjrbki93gkd	0.840	\N
cmhb4jhbd0006hhdndgyiu2rj	cmh3sw6cu01yhfvdrfcofkt45	cmh3rhb6f002a9yjrbq4zp0pb	0.500	\N
cmhb4jhbd0007hhdnjcg622hm	cmh3sw6cu01yhfvdrfcofkt45	cmh3s4wtr01zrzk739fb7u8c4	1.000	\N
cmhb4jhbd0008hhdnmaqmfe8s	cmh3sw6cu01yhfvdrfcofkt45	cmh3s4wts01zszk73fkowzk69	2.000	\N
cmhb4jhbd0009hhdn3uu4dv65	cmh3sw6cu01yhfvdrfcofkt45	cmh3rhb3m001v9yjrgu0xp3na	0.420	\N
cmhb4krpx000ahhdnwqdxft82	cmh3sw6nd021hfvdr63fzj5wx	cmh3rhaxe00109yjrbki93gkd	0.840	\N
cmhb4krpx000bhhdnwathhr5y	cmh3sw6nd021hfvdr63fzj5wx	cmh3s4x4t0231zk73eyh7bsgr	1.500	\N
cmhb4krpx000chhdn63b32v4o	cmh3sw6nd021hfvdr63fzj5wx	cmh3s4svo00xtzk73926la8km	1.000	\N
cmhb4krpx000dhhdnj1e7xi6t	cmh3sw6nd021hfvdr63fzj5wx	cmh3s4x4t022yzk73d6mszxdw	0.500	\N
cmhb4krpx000ehhdnwpwvfst1	cmh3sw6nd021hfvdr63fzj5wx	cmh3s4x4t0230zk73asbnkwpm	0.400	\N
cmhb4krpx000fhhdnn3d6s5f1	cmh3sw6nd021hfvdr63fzj5wx	cmh3s4x4t022zzk73npoohbue	0.500	\N
cmhb4krpx000ghhdn7j8zhc43	cmh3sw6nd021hfvdr63fzj5wx	cmh3s4scu00u0zk73om1dk6nz	0.600	\N
cmhb73k4x001zvomn86sr5y1k	cmhb6eoq70035hhdn42uwo5cu	cmh3s4scu00u0zk73om1dk6nz	0.600	\N
cmhb73k4x0020vomnltq0t8ep	cmhb6eoq70035hhdn42uwo5cu	cmh3s4svo00xtzk73926la8km	1.000	\N
cmhb73k4x0021vomnktqvmnc1	cmhb6eoq70035hhdn42uwo5cu	cmh3s4x4t022yzk73d6mszxdw	0.500	\N
cmhb73k4x0022vomngjaoc181	cmhb6eoq70035hhdn42uwo5cu	cmh3s4x4t022zzk73npoohbue	0.500	\N
cmhb73k4x0023vomnw94lvzjj	cmhb6eoq70035hhdn42uwo5cu	cmh3s4x4t0230zk73asbnkwpm	0.400	\N
cmhb73k4x0024vomnob57n2xv	cmhb6eoq70035hhdn42uwo5cu	cmh3s4x4t0231zk73eyh7bsgr	1.500	\N
cmhb75bz30025vomnbuu5i62s	cmhb6zd4y001ivomniwj42mpy	cmh3rhaxe00109yjrbki93gkd	1.000	\N
cmhb75bz30026vomnx8j1lz5d	cmhb6zd4y001ivomniwj42mpy	cmh3rhb71002d9yjrxu8xhtyj	0.400	\N
cmhb75bz30027vomnjlqox79x	cmhb6zd4y001ivomniwj42mpy	cmh3s4q5p005kzk73cob30fv1	0.800	\N
cmhb75bz30028vomnpcdz1xa2	cmhb6zd4y001ivomniwj42mpy	cmh3s4xhi0278zk73ry4jqna4	0.500	\N
cmhaxdwmb00409aqjqd0i0jz5	cmh3svzo6000wfvdranbsn4hr	cmh3rhb2e001q9yjrw8o4fpk7	30.000	\N
cmhb4mmmz000nhhdnkyookz4f	cmh3sw6g201zdfvdrdfp9pok2	cmh3rhaxe00109yjrbki93gkd	0.840	\N
cmhb4mmmz000ohhdn254wm1bc	cmh3sw6g201zdfvdrdfp9pok2	cmh3s4wx1020pzk73o6z8pqa9	1.250	\N
cmhb4mmmz000phhdnjqa9t4ay	cmh3sw6g201zdfvdrdfp9pok2	cmh3s4tex0134zk73hag8tx6q	2.000	\N
cmhb4mmmz000qhhdn5qhpxjx1	cmh3sw6g201zdfvdrdfp9pok2	cmh3rhb71002d9yjrxu8xhtyj	0.300	\N
cmhb4mmmz000rhhdn5g81qg1t	cmh3sw6g201zdfvdrdfp9pok2	cmh3s4wx1020rzk73n0r42gvz	2.000	\N
cmhb4mmmz000shhdnwyak6rdw	cmh3sw6g201zdfvdrdfp9pok2	cmh3s4wx1020qzk73eh6ylltk	2.000	\N
cmh9cj9hi000xvrsfkpbfy7jd	cmh3sw2pr00x5fvdr65pb67nc	cmh3rhaxe00109yjrbki93gkd	0.840	\N
cmh9cj9hi000yvrsfjorphhpv	cmh3sw2pr00x5fvdr65pb67nc	cmh3s4svo00xuzk73ftmpt7ld	1.000	\N
cmhb4mtq2000xhhdn31co1xyu	cmh3sw6k1020lfvdrm5f4hp92	cmh3rhaxe00109yjrbki93gkd	0.840	\N
cmh9cj9hi000zvrsfm140mcut	cmh3sw2pr00x5fvdr65pb67nc	cmh3s4svo00xtzk73926la8km	2.000	\N
cmh9cj9hi0010vrsfem16v6h6	cmh3sw2pr00x5fvdr65pb67nc	cmh3s4svo00xvzk730w3n4uo0	0.600	\N
cmh9cj9hi0011vrsfl54ld0hn	cmh3sw2pr00x5fvdr65pb67nc	cmh3s4s9m00tczk73ikho94r9	1.000	\N
cmh9cj9hi0012vrsfw0i12gpg	cmh3sw2pr00x5fvdr65pb67nc	cmh3rhc2q006i9yjr32iv4nm8	0.500	\N
cmh9cj9hi0013vrsfhmcl0t9i	cmh3sw2pr00x5fvdr65pb67nc	cmh3s4qf2008zzk73u4wuncc0	0.800	\N
cmhb4mtq2000yhhdnegtyq17t	cmh3sw6k1020lfvdrm5f4hp92	cmh3s4x180220zk73cvpzjbqv	0.500	\N
cmhb4mtq2000zhhdnd2g2e0d0	cmh3sw6k1020lfvdrm5f4hp92	cmh3s4vfa01kbzk73tt65jix3	0.500	\N
cmhb4mtq20010hhdnd9sqff3t	cmh3sw6k1020lfvdrm5f4hp92	cmh3s4wx1020qzk73eh6ylltk	2.000	\N
cmhb4mtq20011hhdnwp6aiu48	cmh3sw6k1020lfvdrm5f4hp92	cmh3s4x180221zk736ngf1pow	0.500	\N
cmh3sw28400sofvdrmp7cqi8s	cmh3sw24u00rnfvdrxfiguk0y	cmh3rhaxe00109yjrbki93gkd	1.000	\N
cmh3sw28400spfvdr08ghoee0	cmh3sw24u00rnfvdrxfiguk0y	cmh3rhc2q006i9yjr32iv4nm8	0.500	\N
cmh3sw28400sqfvdr3tmxwisi	cmh3sw24u00rnfvdrxfiguk0y	cmh3s4q5p005kzk73cob30fv1	1.000	\N
cmh3sw28400srfvdrgg0biapt	cmh3sw24u00rnfvdrxfiguk0y	cmh3s4s4g00s1zk73ol27gxpv	0.500	\N
cmh3sw28400ssfvdrvu465tue	cmh3sw24u00rnfvdrxfiguk0y	cmh3s4s4g00s2zk73yksoj1ui	0.500	\N
cmh3sw28400stfvdrnqbn3175	cmh3sw24u00rnfvdrxfiguk0y	cmh3s4q5p005nzk73tsm2u4cd	1.000	\N
cmhc85wrs0002lcnj0gd8stxq	cmh3sw4f301dvfvdrxlsv7w6c	cmh3q6p7o000c12pp3pe5xict	200.000	\N
cmhc85wrs0003lcnjdj707dtp	cmh3sw4f301dvfvdrxlsv7w6c	cmh3q6p8i000f12ppi38mvdh2	100.000	\N
cmhc85wrs0004lcnj6iqn2c4n	cmh3sw4f301dvfvdrxlsv7w6c	cmh3q6p6w000912ppj7q1sedw	200.000	\N
cmhc87ftb0005lcnjbyqwhbty	cmh3sw4hz01ecfvdrkgyyuh2k	cmh3rhbre00509yjrxb8ilzoj	2.000	\N
cmhc87ftb0006lcnjh02rmi2q	cmh3sw4hz01ecfvdrkgyyuh2k	cmh3rhaxe00109yjrbki93gkd	0.500	\N
cmhc8b1bm0007lcnj9y3wa0co	cmh3sw4ne01g4fvdr4uscwkga	cmh3rhaxe00109yjrbki93gkd	1.000	\N
cmhc8b1bn0008lcnj8wdpu8lb	cmh3sw4ne01g4fvdr4uscwkga	cmh3s4s9m00tczk73ikho94r9	1.000	\N
cmh9cin6l000nvrsfbhi6vs6s	cmh3sw2nk00wufvdrggza9omt	cmh3rhaxe00109yjrbki93gkd	0.420	\N
cmh9cin6l000ovrsfaf7kw3r4	cmh3sw2nk00wufvdrggza9omt	cmh3rhb4v00249yjrufg2xpag	0.500	\N
cmh9cin6l000pvrsfng8e32o2	cmh3sw2nk00wufvdrggza9omt	cmh3s4qyl00fezk7347j7nq5a	0.420	\N
cmh9dq0ir003svrsfd45dtkk1	cmh3sw3nt016xfvdrj97ph4we	cmh3rhaxe00109yjrbki93gkd	1.000	\N
cmh9dq0ir003tvrsfc5va75ma	cmh3sw3nt016xfvdrj97ph4we	cmh3s4ty3017wzk731v1xcd27	0.500	\N
cmh9dq0ir003uvrsfurdm9mde	cmh3sw3nt016xfvdrj97ph4we	cmh3s4q5p005kzk73cob30fv1	1.000	\N
cmh9dq0ir003vvrsf9r5y4ps9	cmh3sw3nt016xfvdrj97ph4we	cmh3s4tsz0168zk73zp1j32z0	1.000	\N
cmh9dq0ir003wvrsfhks0ivng	cmh3sw3nt016xfvdrj97ph4we	cmh3s4tsz0169zk73379nijaa	1.000	\N
cmhc8b1bn0009lcnjjlbfx192	cmh3sw4ne01g4fvdr4uscwkga	cmh3s4v3j01h9zk73qhj5gnjx	2.000	\N
cmhc8b1bn000alcnj56abjje5	cmh3sw4ne01g4fvdr4uscwkga	cmh3s4s9m00tbzk73glrhkpd6	1.000	\N
cmhc8b1bn000blcnjkd66uy12	cmh3sw4ne01g4fvdr4uscwkga	cmh3s4t4f0107zk73xlfseiw2	0.015	\N
cmhc8btrh000klcnjavtc0eb4	cmh3sw4rh01h0fvdrgae2dpwd	cmh3rhaxe00109yjrbki93gkd	1.000	\N
cmhc8btrh000llcnjiabqnr5t	cmh3sw4rh01h0fvdrgae2dpwd	cmh3s4q5p005kzk73cob30fv1	1.000	\N
cmhc8btrh000mlcnjvqtgujxp	cmh3sw4rh01h0fvdrgae2dpwd	cmh3s4v7901i6zk732ojh245d	0.500	\N
cmhc8btrh000nlcnjqr4okbv7	cmh3sw4rh01h0fvdrgae2dpwd	cmh3s4scu00u0zk73om1dk6nz	1.000	\N
cmhc8btrh000olcnj3aw26t61	cmh3sw4rh01h0fvdrgae2dpwd	cmh3rhbsh00569yjr1fdea9v1	1.000	\N
cmhc8btrh000plcnjbbu162zi	cmh3sw4rh01h0fvdrgae2dpwd	cmh3s4svo00xtzk73926la8km	1.000	\N
cmhc8c5f6000qlcnjsmizjfiw	cmh3sw4v701i8fvdrrhwn7o3h	cmh3rhaxe00109yjrbki93gkd	1.000	\N
cmhc8c5f6000rlcnj1zhvbs98	cmh3sw4v701i8fvdrrhwn7o3h	cmh3rhc2q006i9yjr32iv4nm8	1.000	\N
cmhc8c5f6000slcnjnoso2rqu	cmh3sw4v701i8fvdrrhwn7o3h	cmh3s4t4f0107zk73xlfseiw2	0.015	\N
cmhavzu1y000m9aqjeb1sq998	cmh3svzoj000zfvdr5bwddiws	cmh3rhb3m001v9yjrgu0xp3na	0.750	\N
cmhavzu1y000n9aqj829lvadc	cmh3svzoj000zfvdr5bwddiws	cmh3rhb41001y9yjrljktchj9	0.500	\N
cmhc8c5f6000tlcnjt6da275t	cmh3sw4v701i8fvdrrhwn7o3h	cmh3s4s9m00tczk73ikho94r9	1.000	\N
cmhc8c5f6000ulcnjq1l0v8pf	cmh3sw4v701i8fvdrrhwn7o3h	cmh3s4sgi00uxzk73hghwbxc3	1.000	\N
cmhavzu1y000o9aqjyl9e8le9	cmh3svzoj000zfvdr5bwddiws	cmh3rhb4h00219yjr64v7h24h	2.000	\N
cmhavzu1y000p9aqj92t9thph	cmh3svzoj000zfvdr5bwddiws	cmh3rhb4v00249yjrufg2xpag	0.500	\N
cmhavzu1y000q9aqjmatiaijc	cmh3svzoj000zfvdr5bwddiws	cmh3rhb5l00279yjr5okun6g8	1.000	\N
cmhavzu1y000r9aqj7fl6f9dv	cmh3svzoj000zfvdr5bwddiws	cmh3rhb6f002a9yjrbq4zp0pb	0.500	\N
cmhavzu1y000s9aqjl15cqjcg	cmh3svzoj000zfvdr5bwddiws	cmh3rhb71002d9yjrxu8xhtyj	0.250	\N
cmhb4ncqq0015hhdnlfzuto81	cmh3sw6aw01y3fvdr2ok44ntz	cmh3q6p8i000f12ppi38mvdh2	200.000	\N
cmhb4ncqq0016hhdnopiuxw3h	cmh3sw6aw01y3fvdr2ok44ntz	cmh3q6p7o000c12pp3pe5xict	100.000	\N
cmhb4ncqq0017hhdnfq49wq01	cmh3sw6aw01y3fvdr2ok44ntz	cmh3rhaun000m9yjruvpfsyji	200.000	\N
cmh3sw20n00qwfvdrxm3fu9ee	cmh3sw1zi00qpfvdr5ipynp5w	cmh3rhaxe00109yjrbki93gkd	0.420	\N
cmh3sw20n00qxfvdrotpsozj8	cmh3sw1zi00qpfvdr5ipynp5w	cmh3rhaxv00139yjrrco4yaat	0.500	\N
cmh3sw20n00qyfvdri7pp3hm4	cmh3sw1zi00qpfvdr5ipynp5w	cmh3s4q5p005kzk73cob30fv1	0.800	\N
cmh3sw22o00r7fvdriivrqppk	cmh3sw20w00r0fvdrimt0vf63	cmh3q6p7o000c12pp3pe5xict	200.000	\N
cmh3sw22o00r8fvdroypm4v7f	cmh3sw20w00r0fvdrimt0vf63	cmh3q6p8i000f12ppi38mvdh2	100.000	\N
cmh3sw22o00r9fvdr0i7ht9xx	cmh3sw20w00r0fvdrimt0vf63	cmh3q6p6w000912ppj7q1sedw	200.000	\N
cmh3sw24i00rkfvdrq074kzob	cmh3sw23l00rhfvdrxcldusck	cmh3rhbre00509yjrxb8ilzoj	2.000	\N
cmh3sw24i00rlfvdr9082m6ln	cmh3sw23l00rhfvdrxcldusck	cmh3rhaxe00109yjrbki93gkd	0.500	\N
cmh9cj9hi0014vrsfrw445des	cmh3sw2pr00x5fvdr65pb67nc	cmh3s4svo00xwzk73k2bbqejn	1.500	\N
cmh9cjfus0015vrsf8ilu52xo	cmh3sw2mv00wofvdr6apdxi8i	cmh3q6p7o000c12pp3pe5xict	200.000	\N
cmh9cjfus0016vrsf39w9d094	cmh3sw2mv00wofvdr6apdxi8i	cmh3q6p8i000f12ppi38mvdh2	200.000	\N
cmh9dqdk4003xvrsfewm1i0jm	cmh3sw3bi013vfvdrgjhp32yv	cmh3q6p7o000c12pp3pe5xict	200.000	\N
cmh9dqdk4003yvrsf5jg0sg7b	cmh3sw3bi013vfvdrgjhp32yv	cmh3q6p8i000f12ppi38mvdh2	100.000	\N
cmh9dqdk4003zvrsf6vxaknhi	cmh3sw3bi013vfvdrgjhp32yv	cmh3q6p6w000912ppj7q1sedw	200.000	\N
cmhawdbuy001h9aqjiazdlz2f	cmh3sw1o100mbfvdrij8qx01l	cmh3rhaxe00109yjrbki93gkd	0.210	\N
cmhawdbuy001i9aqjz5yxs5hn	cmh3sw1o100mbfvdrij8qx01l	cmh3s4rey00k8zk73gi8e8gr5	0.800	\N
cmhawdbuy001j9aqjhruasmjx	cmh3sw1o100mbfvdrij8qx01l	cmh3s4r6800h6zk73ea419iqn	0.200	\N
cmhawdbuy001k9aqj717l29hc	cmh3sw1o100mbfvdrij8qx01l	cmh3s4q5p005kzk73cob30fv1	2.000	\N
cmhb4o2xx0018hhdn967txykj	cmh3sw6zs025jfvdr1d7h4b8n	cmh3rhaxe00109yjrbki93gkd	1.000	\N
cmhb4o2xy0019hhdnvp5nkyqr	cmh3sw6zs025jfvdr1d7h4b8n	cmh3rhb71002d9yjrxu8xhtyj	0.400	\N
cmhb4o2xy001ahhdnrmdokt7x	cmh3sw6zs025jfvdr1d7h4b8n	cmh3s4q5p005kzk73cob30fv1	0.800	\N
cmhb4o2xy001bhhdn6md2nusm	cmh3sw6zs025jfvdr1d7h4b8n	cmh3s4xhi0278zk73ry4jqna4	0.500	\N
cmhb4p3ap001chhdndmglxwzd	cmh3sw6vj024bfvdrcpfo4rgw	cmh3s4wx1020qzk73eh6ylltk	2.000	\N
cmh3sw0uo00d8fvdr835n7gvp	cmh3sw0pg00bnfvdrpj7mhcy0	cmh3s4qo500bkzk73fobuky0w	115.000	\N
cmh3sw0uo00d9fvdrflql9iwf	cmh3sw0pg00bnfvdrpj7mhcy0	cmh3s4qo500bizk73hb9cxsfc	245.000	\N
cmh3sw0uo00dafvdrzr6g7ghj	cmh3sw0pg00bnfvdrpj7mhcy0	cmh3s4qo500bhzk7350u9abdx	77.000	\N
cmh3sw0uo00dbfvdrc5v2t2pa	cmh3sw0pg00bnfvdrpj7mhcy0	cmh3s4qo500bmzk737kkquj02	183.000	\N
cmh3sw0uo00dcfvdrwc1pc0wj	cmh3sw0pg00bnfvdrpj7mhcy0	cmh3s4qo500bjzk732e4p1ldg	63.500	\N
cmh3sw0uo00ddfvdrdvsef26p	cmh3sw0pg00bnfvdrpj7mhcy0	cmh3s4qo500blzk73q7uk38mi	74.500	\N
cmh3sw0uo00defvdrjrasfjng	cmh3sw0pg00bnfvdrpj7mhcy0	cmh3s4qo500bgzk73z87x3j3v	17.500	\N
cmh3sw0uo00dffvdrtlw41gj7	cmh3sw0pg00bnfvdrpj7mhcy0	cmh3s4qor00bnzk73limlkkwq	9.500	\N
cmhawektz001l9aqj1zaixq67	cmh3sw1tb00o7fvdrzjoes5jg	cmh3rhaxe00109yjrbki93gkd	0.210	\N
cmhawektz001m9aqjsuj1vj9m	cmh3sw1tb00o7fvdrzjoes5jg	cmh3s4qf2008yzk73dtpg6ezn	0.600	\N
cmhawektz001n9aqjymthrde5	cmh3sw1tb00o7fvdrzjoes5jg	cmh3s4qf2008zzk73u4wuncc0	0.400	\N
cmhawektz001o9aqjcd38586n	cmh3sw1tb00o7fvdrzjoes5jg	cmh3s4rey00k7zk73lh2xznga	0.500	\N
cmhb4p3ap001dhhdnol4dbqrz	cmh3sw6vj024bfvdrcpfo4rgw	cmh3rhaxe00109yjrbki93gkd	0.840	\N
cmhb4p3ap001ehhdny2isstf4	cmh3sw6vj024bfvdrcpfo4rgw	cmh3s4scu00u0zk73om1dk6nz	1.000	\N
cmhb4p3ap001fhhdnuho0o2hg	cmh3sw6vj024bfvdrcpfo4rgw	cmh3s4tex0134zk73hag8tx6q	2.000	\N
cmhb4p3ap001ghhdn323c3762	cmh3sw6vj024bfvdrcpfo4rgw	cmh3s4q5p005kzk73cob30fv1	0.800	\N
cmhb4p3ap001hhhdn0ulc4kwb	cmh3sw6vj024bfvdrcpfo4rgw	cmh3s4uq301drzk737vdtvzkm	0.420	\N
cmhb4p74i001ihhdnwxkp5unc	cmh3sw6rn0233fvdralpaq7pz	cmh3rhaxe00109yjrbki93gkd	0.920	\N
cmhb4p74i001jhhdnrawgbcx5	cmh3sw6rn0233fvdralpaq7pz	cmh3s4x4t0231zk73eyh7bsgr	1.500	\N
cmhb4p74i001khhdnwu0fg97n	cmh3sw6rn0233fvdralpaq7pz	cmh3s4svo00xtzk73926la8km	1.000	\N
cmhb4p74i001lhhdnr9x2jj38	cmh3sw6rn0233fvdralpaq7pz	cmh3s4x9i024qzk73mu4z69pt	1.000	\N
cmhb4p74i001mhhdnlp7q475n	cmh3sw6rn0233fvdralpaq7pz	cmh3s4rey00k7zk73lh2xznga	1.000	\N
cmhb4p74i001nhhdnl4l8p2x6	cmh3sw6rn0233fvdralpaq7pz	cmh3s4x9i024rzk73w2mf5cj2	0.420	\N
cmhc8bhfy000ilcnjsoro4eed	cmh3sw4gr01e6fvdrykc3ocoj	cmh3q6p7o000c12pp3pe5xict	200.000	\N
cmhc8bhfy000jlcnj930to9uo	cmh3sw4gr01e6fvdrykc3ocoj	cmh3q6p8i000f12ppi38mvdh2	200.000	\N
cmh3sw2gn00unfvdrvfpnfuav	cmh3sw2el00udfvdrj89fmujh	cmh3rhaxe00109yjrbki93gkd	1.000	\N
cmh3sw2gn00uofvdrshbqlrg0	cmh3sw2el00udfvdrj89fmujh	cmh3s4s9m00tczk73ikho94r9	1.000	\N
cmh3sw2gn00upfvdr1568cbiz	cmh3sw2el00udfvdrj89fmujh	cmh3s4sgi00uxzk73hghwbxc3	1.000	\N
cmh9cjlp70017vrsfhvy87hiu	cmh3sw2xn00zffvdrjxcpsl19	cmh3rhaxe00109yjrbki93gkd	0.840	\N
cmh9cjlp70018vrsfi6nj6kcz	cmh3sw2xn00zffvdrjxcpsl19	cmh3s4t4f0108zk73zi89dm5s	1.500	\N
cmh9cjlp70019vrsfb4yrwgty	cmh3sw2xn00zffvdrjxcpsl19	cmh3s4s9m00tczk73ikho94r9	1.000	\N
cmh9cjlp7001avrsf093zzyrk	cmh3sw2xn00zffvdrjxcpsl19	cmh3rhbsh00569yjr1fdea9v1	1.000	\N
cmh9cjlp7001bvrsfylvihaf7	cmh3sw2xn00zffvdrjxcpsl19	cmh3s4rey00kazk73lrhpzn9o	0.500	\N
cmh9cjlp7001cvrsf55vxt3xw	cmh3sw2xn00zffvdrjxcpsl19	cmh3s4rey00k9zk73e233mg8p	0.250	\N
cmh9cjlp7001dvrsfkusftlao	cmh3sw2xn00zffvdrjxcpsl19	cmh3s4t4f0107zk73xlfseiw2	0.015	\N
cmh9ckb7o001pvrsfhma5nnym	cmh3sw2lc00wdfvdrgmknaahv	cmh3q6p7o000c12pp3pe5xict	200.000	\N
cmh9ckb7o001qvrsffkxyxsnc	cmh3sw2lc00wdfvdrgmknaahv	cmh3q6p8i000f12ppi38mvdh2	100.000	\N
cmh9ckb7o001rvrsfn78wgax1	cmh3sw2lc00wdfvdrgmknaahv	cmh3q6p6w000912ppj7q1sedw	200.000	\N
cmh9dv7vg0040vrsfkvc00bi5	cmh3sw3cv0146fvdrzehen2l8	cmh3q6p7o000c12pp3pe5xict	200.000	\N
cmh9dv7vg0041vrsfze7lwyu0	cmh3sw3cv0146fvdrzehen2l8	cmh3q6p8i000f12ppi38mvdh2	200.000	\N
cmhc8cd9m000vlcnjxx4giez0	cmh3sw4yn01j4fvdr7xeq3q43	cmh3rhaxe00109yjrbki93gkd	1.000	\N
cmhc8cd9m000wlcnjfhlgbtma	cmh3sw4yn01j4fvdr7xeq3q43	cmh3s4uah01a1zk73092cjibd	1.000	\N
cmhc8cd9m000xlcnjibqdo2kg	cmh3sw4yn01j4fvdr7xeq3q43	cmh3s4svo00xtzk73926la8km	1.000	\N
cmhc8cd9m000ylcnjebay481x	cmh3sw4yn01j4fvdr7xeq3q43	cmh3s4vfa01kbzk73tt65jix3	1.500	\N
cmhb5wnb4001yhhdntaue4nl6	cmhb5wnb4001whhdnmuqioojj	cmh3q6p8i000f12ppi38mvdh2	200.000	\N
cmhawk789001u9aqjob7zjehb	cmh3sw1xh00pvfvdry2blukxt	cmh3rhaxe00109yjrbki93gkd	0.210	\N
cmhawk789001v9aqj6ua0slxl	cmh3sw1xh00pvfvdry2blukxt	cmh3s4rqf00ojzk7352pxwe1i	0.500	\N
cmhawk789001w9aqjpuqptdij	cmh3sw1xh00pvfvdry2blukxt	cmh3s4q5p005nzk73tsm2u4cd	1.000	\N
cmhawk789001x9aqjdsxg8kd1	cmh3sw1xh00pvfvdry2blukxt	cmh3s4rqf00okzk73lw6m0fgt	0.400	\N
cmhb5wnb4001zhhdneectdabr	cmhb5wnb4001whhdnmuqioojj	cmh3q6p7o000c12pp3pe5xict	100.000	\N
cmhb5wnb40020hhdnq043bh1u	cmhb5wnb4001whhdnmuqioojj	cmh3rhaun000m9yjruvpfsyji	200.000	\N
cmhc8cd9m000zlcnjv35fv8y3	cmh3sw4yn01j4fvdr7xeq3q43	cmh3s4s9m00tczk73ikho94r9	1.000	\N
cmhc8crrx0010lcnjfe764l37	cmh3sw52g01k5fvdr1bjqor7r	cmh3rhaxe00109yjrbki93gkd	1.000	\N
cmhc8crrx0011lcnj38k4ulsr	cmh3sw52g01k5fvdr1bjqor7r	cmh3rhc2q006i9yjr32iv4nm8	1.000	\N
cmhc8crrx0012lcnj3160isuv	cmh3sw52g01k5fvdr1bjqor7r	cmh3s4vfa01kbzk73tt65jix3	0.400	\N
cmhc8crrx0013lcnjmwctuco6	cmh3sw52g01k5fvdr1bjqor7r	cmh3s4q5p005kzk73cob30fv1	1.000	\N
cmhc8d1kw0014lcnjycut14ok	cmh3sw55801krfvdrwags4sik	cmh3rhaxe00109yjrbki93gkd	1.000	\N
cmhc8d1kw0015lcnjas7cdrav	cmh3sw55801krfvdrwags4sik	cmh3s4tex0135zk73nrqx3sr0	0.250	\N
cmhc8d1kw0016lcnjyi12g95r	cmh3sw55801krfvdrwags4sik	cmh3s4q5p005kzk73cob30fv1	0.800	\N
cmhc8d1kw0017lcnjbjv7idqv	cmh3sw55801krfvdrwags4sik	cmh3s4svo00xtzk73926la8km	1.000	\N
cmhc8d1kw0018lcnjscx0a3t7	cmh3sw55801krfvdrwags4sik	cmh3s4sj200vezk7340lcm0g7	0.800	\N
cmhc8d1kw0019lcnje0b1k4vm	cmh3sw55801krfvdrwags4sik	cmh3s4s9m00tbzk73glrhkpd6	1.000	\N
cmhc8d1kw001alcnjpeg5so1a	cmh3sw55801krfvdrwags4sik	cmh3s4sgi00uxzk73hghwbxc3	1.000	\N
cmh9ckfxz001svrsfsu1dafa1	cmh3sw36l0129fvdrkeoeui7x	cmh3rhaxe00109yjrbki93gkd	0.840	\N
cmh9ckfxz001tvrsf49d1wg3n	cmh3sw36l0129fvdrkeoeui7x	cmh3s4s9m00tczk73ikho94r9	1.000	\N
cmh9ckfxz001uvrsfm6ahz09v	cmh3sw36l0129fvdrkeoeui7x	cmh3s4tex0134zk73hag8tx6q	1.500	\N
cmh9ckfxz001vvrsfk21b5rge	cmh3sw36l0129fvdrkeoeui7x	cmh3s4q5p005nzk73tsm2u4cd	1.000	\N
cmh9ckfxz001wvrsf7zohh5l1	cmh3sw36l0129fvdrkeoeui7x	cmh3s4tex0135zk73nrqx3sr0	0.250	\N
cmh9ckfxz001xvrsfqd359ogr	cmh3sw36l0129fvdrkeoeui7x	cmh3rhc2q006i9yjr32iv4nm8	1.000	\N
cmh9ckfxz001yvrsf31k21y4m	cmh3sw36l0129fvdrkeoeui7x	cmh3s4svo00xtzk73926la8km	1.000	\N
cmh9dvk530042vrsfujcioe66	cmh3sw3rn017tfvdr9ul1y774	cmh3rhaxe00109yjrbki93gkd	1.000	\N
cmh9dvk530043vrsfzj7ugb4b	cmh3sw3rn017tfvdr9ul1y774	cmh3s4tsz0169zk73379nijaa	1.000	\N
cmh9dvk530044vrsfm4g7m5rl	cmh3sw3rn017tfvdr9ul1y774	cmh3s4tsz0168zk73zp1j32z0	1.000	\N
cmh9dvk530045vrsf0amsix4s	cmh3sw3rn017tfvdr9ul1y774	cmh3s4q5p005kzk73cob30fv1	1.000	\N
cmh3sw0zh00f2fvdr29zfu3w9	cmh3sw0ux00dhfvdrfv0ha1ne	cmh3s4qo500bkzk73fobuky0w	143.000	\N
cmh3sw0zh00f3fvdr15kla8jn	cmh3sw0ux00dhfvdrfv0ha1ne	cmh3s4qo500bizk73hb9cxsfc	306.000	\N
cmh3sw0zh00f4fvdrltj8qcev	cmh3sw0ux00dhfvdrfv0ha1ne	cmh3s4qo500bhzk7350u9abdx	95.000	\N
cmh3sw0zh00f5fvdrdr2x4asr	cmh3sw0ux00dhfvdrfv0ha1ne	cmh3s4qo500bmzk737kkquj02	230.000	\N
cmh3sw0zh00f6fvdrwum95fql	cmh3sw0ux00dhfvdrfv0ha1ne	cmh3s4qo500bjzk732e4p1ldg	80.000	\N
cmh3sw0zh00f7fvdr0vrpeki3	cmh3sw0ux00dhfvdrfv0ha1ne	cmh3s4qo500blzk73q7uk38mi	93.000	\N
cmh3sw0zh00f8fvdrdsq1rseg	cmh3sw0ux00dhfvdrfv0ha1ne	cmh3s4qo500bgzk73z87x3j3v	22.000	\N
cmh3sw0zh00f9fvdrtbmalibu	cmh3sw0ux00dhfvdrfv0ha1ne	cmh3s4qor00bnzk73limlkkwq	12.000	\N
cmh9dvqlu0046vrsfuptbr8ww	cmh3sw3gj014ufvdrgxfz6dxd	cmh3q6p7o000c12pp3pe5xict	800.000	\N
cmh9dvqlu0047vrsfl1lz83ui	cmh3sw3gj014ufvdrgxfz6dxd	cmh3q6p8i000f12ppi38mvdh2	800.000	\N
cmh9dzm820048vrsfdxc799u9	cmh3sw47o01brfvdr5m4s2pcr	cmh3rhaxe00109yjrbki93gkd	1.000	\N
cmh9dzm820049vrsfp4ezt2q1	cmh3sw47o01brfvdr5m4s2pcr	cmh3s4q5p005kzk73cob30fv1	1.000	\N
cmhawobes001y9aqjn75tm67e	cmh3sw14x00gnfvdru4dyw0u3	cmh3rhbsh00569yjr1fdea9v1	1.000	\N
cmhawobes001z9aqjphfi6sws	cmh3sw14x00gnfvdru4dyw0u3	cmh3rhbre00509yjrxb8ilzoj	2.000	\N
cmhawobes00209aqj34vliprs	cmh3sw14x00gnfvdru4dyw0u3	cmh3s4qf2008zzk73u4wuncc0	0.400	\N
cmhawpbl300219aqjw7dzmj4m	cmh3svzte002efvdryi86ljrn	cmh3rhbpz004u9yjrgrvh9s3k	1.000	\N
cmhawpbl300229aqjnrf9ia10	cmh3svzte002efvdryi86ljrn	cmh3rhbqm004x9yjrp2j9djz7	1.000	\N
cmhawpbl300239aqjxhfgj138	cmh3svzte002efvdryi86ljrn	cmh3rhbre00509yjrxb8ilzoj	2.000	\N
cmhawpbl300249aqjsl7miwkb	cmh3svzte002efvdryi86ljrn	cmh3rhbrz00539yjrp6r3tu2t	1.000	\N
cmhawpbl300259aqj06jfdlds	cmh3svzte002efvdryi86ljrn	cmh3rhbsh00569yjr1fdea9v1	1.000	\N
cmhawrh1n002d9aqj4eo9dqn4	cmh3sw1e800jzfvdrqwmchi3p	cmh3rhaxe00109yjrbki93gkd	0.210	\N
cmhawrh1n002e9aqj2kbfu4u6	cmh3sw1e800jzfvdrqwmchi3p	cmh3s4rey00kazk73lrhpzn9o	0.500	\N
cmhawrh1n002f9aqjay4cttbn	cmh3sw1e800jzfvdrqwmchi3p	cmh3s4rey00k7zk73lh2xznga	0.500	\N
cmhawrh1n002g9aqjiciqu53b	cmh3sw1e800jzfvdrqwmchi3p	cmh3s4rey00k9zk73e233mg8p	0.250	\N
cmhb5ww7h0021hhdn6ybtowhu	cmhb5t0t4001phhdna71347aq	cmh3q6p68000612ppf6vvsb0h	100.000	\N
cmhb5ww7h0022hhdn27vi86l5	cmhb5t0t4001phhdna71347aq	cmh3q6p7o000c12pp3pe5xict	100.000	\N
cmhb5ww7h0023hhdnl6hsmijv	cmhb5t0t4001phhdna71347aq	cmh3q6p8i000f12ppi38mvdh2	150.000	\N
cmhb5ww7h0024hhdn2ikwvzb4	cmhb5t0t4001phhdna71347aq	cmh3s4wps01yuzk732a5pd9cp	150.000	\N
cmhawrh1n002h9aqj36050y57	cmh3sw1e800jzfvdrqwmchi3p	cmh3s4qyl00fezk7347j7nq5a	0.500	\N
cmhc8lgdu001blcnjec7gjoto	cmh3sw5ca01mufvdrf3hmusv7	cmh3rhaxe00109yjrbki93gkd	0.420	\N
cmhc8lgdu001clcnjnhlw6kgw	cmh3sw5ca01mufvdrf3hmusv7	cmh3rhb4v00249yjrufg2xpag	0.500	\N
cmhc8lgdu001dlcnjncrg8omc	cmh3sw5ca01mufvdrf3hmusv7	cmh3s4q5p005mzk73c1ps17en	2.000	\N
cmhc8ne910022lcnj3bennn82	cmh3sw59u01mdfvdrw25nnvmo	cmh3q6p7o000c12pp3pe5xict	200.000	\N
cmhc8ne910023lcnjmdrou7dp	cmh3sw59u01mdfvdrw25nnvmo	cmh3q6p8i000f12ppi38mvdh2	100.000	\N
cmhc8ne910024lcnji821bpam	cmh3sw59u01mdfvdrw25nnvmo	cmh3q6p6w000912ppj7q1sedw	200.000	\N
cmh3sw2an00tcfvdr0ittwumf	cmh3sw28c00svfvdrdaywswn9	cmh3rhaxe00109yjrbki93gkd	1.000	\N
cmh3sw2an00tdfvdr7tyhar4b	cmh3sw28c00svfvdrdaywswn9	cmh3s4s9m00tczk73ikho94r9	1.000	\N
cmh3sw2an00tefvdrt2y92wm4	cmh3sw28c00svfvdrdaywswn9	cmh3s4s9m00tbzk73glrhkpd6	1.000	\N
cmh3sw2an00tffvdrre8bbznu	cmh3sw28c00svfvdrdaywswn9	cmh3s4s9m00tdzk73u3q76s1z	0.280	\N
cmh3sw2l600w5fvdrcqf0n5q0	cmh3sw2gs00urfvdrip061xb0	cmh3rhaxe00109yjrbki93gkd	1.000	\N
cmh3sw2l600w6fvdrtw0uwjos	cmh3sw2gs00urfvdrip061xb0	cmh3s4sj200vdzk73s23a0shm	1.500	\N
cmh3sw2l600w7fvdrqhee7q23	cmh3sw2gs00urfvdrip061xb0	cmh3s4sj200vczk73uyaqm6td	2.000	\N
cmh3sw2l600w8fvdrk2rqwm7o	cmh3sw2gs00urfvdrip061xb0	cmh3s4q5p005kzk73cob30fv1	0.800	\N
cmh3sw2l600w9fvdr7lczlpdk	cmh3sw2gs00urfvdrip061xb0	cmh3s4sj200vezk7340lcm0g7	0.800	\N
cmh3sw2l600wafvdr9588pt2c	cmh3sw2gs00urfvdrip061xb0	cmh3s4s9m00tbzk73glrhkpd6	1.000	\N
cmh3sw2l600wbfvdro04rxh46	cmh3sw2gs00urfvdrip061xb0	cmh3s4sgi00uxzk73hghwbxc3	1.000	\N
cmh9cl5zo002evrsfio1fq6r6	cmh3sw32i0111fvdrqkfd4l8u	cmh3rhaxe00109yjrbki93gkd	0.840	\N
cmh9cl5zo002fvrsfij1ic90v	cmh3sw32i0111fvdrqkfd4l8u	cmh3s4qyl00fczk73yx0xvr8q	0.500	\N
cmh9cl5zo002gvrsfm264dwlt	cmh3sw32i0111fvdrqkfd4l8u	cmh3s4svo00xtzk73926la8km	1.000	\N
cmh9cl5zo002hvrsflw2kr32z	cmh3sw32i0111fvdrqkfd4l8u	cmh3s4t4f0107zk73xlfseiw2	0.015	\N
cmh9cl5zo002ivrsfz4ymdxcv	cmh3sw32i0111fvdrqkfd4l8u	cmh3s4qf2008yzk73dtpg6ezn	0.600	\N
cmh9cl5zo002jvrsfp3cwsmak	cmh3sw32i0111fvdrqkfd4l8u	cmh3s4t9z011vzk73wmqdqu1c	1.000	\N
cmh9dzm82004avrsflkyercs8	cmh3sw47o01brfvdr5m4s2pcr	cmh3s4umh01cuzk73o341mx6r	1.000	\N
cmh9dzm82004bvrsfpbp15ggx	cmh3sw47o01brfvdr5m4s2pcr	cmh3s4tsz0168zk73zp1j32z0	1.000	\N
cmh9dzm82004cvrsf6voiim1o	cmh3sw47o01brfvdr5m4s2pcr	cmh3s4qyl00fezk7347j7nq5a	1.000	\N
cmhawqkdh00269aqjsetlwj5m	cmh3svzwe0035fvdrcgb1s2g5	cmh3rhc2b006f9yjr603mtcuu	0.500	\N
cmhawqkdh00279aqjiuo97ivo	cmh3svzwe0035fvdrcgb1s2g5	cmh3rhc2q006i9yjr32iv4nm8	1.000	\N
cmhawqkdh00289aqjc952grxl	cmh3svzwe0035fvdrcgb1s2g5	cmh3rhc35006l9yjrffoyrh99	1.000	\N
cmhawqkdh00299aqjfgxcxmg0	cmh3svzwe0035fvdrcgb1s2g5	cmh3rhaxe00109yjrbki93gkd	0.300	\N
cmhawqkdh002a9aqjvg687tbl	cmh3svzwe0035fvdrcgb1s2g5	cmh3rhc3z006q9yjrp4ox0b04	1.000	\N
cmhawqkdh002b9aqj5gf42j5o	cmh3svzwe0035fvdrcgb1s2g5	cmh3rhc4m006t9yjr6yfc4cdp	1.000	\N
cmhawqkdh002c9aqjmkkjef7z	cmh3svzwe0035fvdrcgb1s2g5	cmh3rhc5f006w9yjrix3jqegq	1.000	\N
cmhaws886002i9aqjtoalhjrg	cmh3sw053005zfvdrmh0t1s1j	cmh3rhaxe00109yjrbki93gkd	0.600	\N
cmhaws886002j9aqjnki6nmom	cmh3sw053005zfvdrmh0t1s1j	cmh3s4q5p005lzk7338017kwg	0.500	\N
cmhaws886002k9aqjaa7uznsu	cmh3sw053005zfvdrmh0t1s1j	cmh3s4q5p005nzk73tsm2u4cd	1.000	\N
cmhaws886002l9aqj4ezca2pi	cmh3sw053005zfvdrmh0t1s1j	cmh3s4q5p005mzk73c1ps17en	1.000	\N
cmhaws886002m9aqjeo89d9rq	cmh3sw053005zfvdrmh0t1s1j	cmh3s4q5p005ozk73ab6f4zgc	1.000	\N
cmhaws886002n9aqjp2hui2l8	cmh3sw053005zfvdrmh0t1s1j	cmh3s4q5p005pzk73u6ebyul9	0.500	\N
cmhaws886002o9aqj5qjjiszs	cmh3sw053005zfvdrmh0t1s1j	cmh3s4q5p005kzk73cob30fv1	1.000	\N
cmhc8mebm001slcnjojx5dv19	cmh3sw5dk01n5fvdrxb38ovhv	cmh3rhaxe00109yjrbki93gkd	0.840	\N
cmhc8mebm001tlcnjrhogzyh6	cmh3sw5dk01n5fvdrxb38ovhv	cmh3s4svo00xuzk73ftmpt7ld	1.000	\N
cmhc8mebm001ulcnjdbphlzrt	cmh3sw5dk01n5fvdrxb38ovhv	cmh3s4q5p005kzk73cob30fv1	2.000	\N
cmhc8mebm001vlcnjbms1l22q	cmh3sw5dk01n5fvdrxb38ovhv	cmh3s4svo00xvzk730w3n4uo0	0.600	\N
cmhc8mebm001wlcnjplncegw8	cmh3sw5dk01n5fvdrxb38ovhv	cmh3s4s9m00tczk73ikho94r9	1.000	\N
cmhc8mebm001xlcnjp1ktpa7n	cmh3sw5dk01n5fvdrxb38ovhv	cmh3rhc2q006i9yjr32iv4nm8	0.500	\N
cmhc8mebm001ylcnj4wvdsy1u	cmh3sw5dk01n5fvdrxb38ovhv	cmh3s4svo00xwzk73k2bbqejn	1.500	\N
cmh9dztzf004dvrsfvd3tsk1j	cmh3sw40h019nfvdrb2crwrig	cmh3rhaxe00109yjrbki93gkd	1.000	\N
cmh9dztzf004evrsf1p6knynd	cmh3sw40h019nfvdrb2crwrig	cmh3s4sj200vezk7340lcm0g7	0.300	\N
cmh9dztzf004fvrsfmho89ja9	cmh3sw40h019nfvdrb2crwrig	cmh3s4tsz0169zk73379nijaa	1.000	\N
cmh9dztzf004gvrsf0rsue9qv	cmh3sw40h019nfvdrb2crwrig	cmh3s4tsz0168zk73zp1j32z0	1.000	\N
cmh9dztzf004hvrsfdhoy6lk1	cmh3sw40h019nfvdrb2crwrig	cmh3s4udp01aozk73wg4nayv1	0.350	\N
cmh9dztzf004ivrsfiy0ax6x1	cmh3sw40h019nfvdrb2crwrig	cmh3s4q5p005kzk73cob30fv1	1.000	\N
cmh9dzzre004jvrsfgiscwwu2	cmh3sw3u8018ffvdrfwrl0z4w	cmh3rhaxe00109yjrbki93gkd	1.000	\N
cmh9dzzre004kvrsf79oz3ojb	cmh3sw3u8018ffvdrfwrl0z4w	cmh3s4rey00k9zk73e233mg8p	0.300	\N
cmh9dzzre004lvrsfz31ar9mp	cmh3sw3u8018ffvdrfwrl0z4w	cmh3s4tsz0168zk73zp1j32z0	1.000	\N
cmh9dzzre004mvrsfzbyb25hp	cmh3sw3u8018ffvdrfwrl0z4w	cmh3s4q5p005kzk73cob30fv1	1.000	\N
cmh9e0eex004rvrsfzm8tpe1e	cmh3sw3x10191fvdrrmxnziyx	cmh3rhaxe00109yjrbki93gkd	1.000	\N
cmh9e0eex004svrsfbfww5f25	cmh3sw3x10191fvdrrmxnziyx	cmh3s4uah01a1zk73092cjibd	1.000	\N
cmh9e0eex004tvrsfg0fb39pe	cmh3sw3x10191fvdrrmxnziyx	cmh3s4tsz0168zk73zp1j32z0	1.000	\N
cmh9e0eex004uvrsf7kbizle5	cmh3sw3x10191fvdrrmxnziyx	cmh3s4q5p005kzk73cob30fv1	1.000	\N
cmh9e0o3u004vvrsfnem1nr40	cmh3sw3ft014ofvdrxb7q5hj7	cmh3q6p7o000c12pp3pe5xict	800.000	\N
cmh9e0o3u004wvrsf7b4uizeu	cmh3sw3ft014ofvdrxb7q5hj7	cmh3q6p8i000f12ppi38mvdh2	800.000	\N
cmh9e13wx004xvrsfqshhsyif	cmh3sw44c01avfvdrugm99auw	cmh3rhaxe00109yjrbki93gkd	1.000	\N
cmh9e13wx004yvrsfk93udc59	cmh3sw44c01avfvdrugm99auw	cmh3s4uib01bxzk73h8f41ctx	0.300	\N
cmh9e13wx004zvrsf6lee9rqx	cmh3sw44c01avfvdrugm99auw	cmh3s4tsz0168zk73zp1j32z0	1.000	\N
cmh9e13wx0050vrsfpo3g0xml	cmh3sw44c01avfvdrugm99auw	cmh3s4tsz0169zk73379nijaa	1.000	\N
cmh9e13wx0051vrsfonn8nwkk	cmh3sw44c01avfvdrugm99auw	cmh3s4q5p005kzk73cob30fv1	1.000	\N
cmh9e3vtv0058vrsf5pa8jmc2	cmh3sw3eu014ifvdrxq4y7umm	cmh3q6p7o000c12pp3pe5xict	800.000	\N
cmh9e3vtv0059vrsfhtp27dd9	cmh3sw3eu014ifvdrxq4y7umm	cmh3q6p8i000f12ppi38mvdh2	800.000	\N
cmh9e3zuv005avrsfz8rjrory	cmh3sw3dt014cfvdrkjqw7dvq	cmh3q6p7o000c12pp3pe5xict	800.000	\N
cmh9e3zuv005bvrsfn20pe9f7	cmh3sw3dt014cfvdrkjqw7dvq	cmh3q6p8i000f12ppi38mvdh2	800.000	\N
cmhb67k88002ghhdnn06t7nno	cmhb67k88002ehhdnacqym7xx	cmh3rhaxe00109yjrbki93gkd	0.820	\N
cmhb67k88002hhhdnx2fhpvq9	cmhb67k88002ehhdnacqym7xx	cmh3s4wx1020pzk73o6z8pqa9	1.250	\N
cmhb67k88002ihhdnu5grxpkk	cmhb67k88002ehhdnacqym7xx	cmh3s4tex0134zk73hag8tx6q	2.000	\N
cmhawy3pw002v9aqjctb0vttg	cmh3sw1c000j5fvdrmehiwwc5	cmh3rhaxe00109yjrbki93gkd	0.210	\N
cmhb67k88002jhhdnkrz3lktj	cmhb67k88002ehhdnacqym7xx	cmh3rhb71002d9yjrxu8xhtyj	0.300	\N
cmhb67k88002khhdn7pjmfrxn	cmhb67k88002ehhdnacqym7xx	cmh3s4wx1020rzk73n0r42gvz	2.000	\N
cmhb67k88002lhhdnjk027b5h	cmhb67k88002ehhdnacqym7xx	cmh3s4wx1020qzk73eh6ylltk	2.000	\N
cmhb67yzc002mhhdnyhxmz5hs	cmhb62z7m0026hhdnn2aetwmc	cmh3rhaxe00109yjrbki93gkd	0.820	\N
cmhb67yzc002nhhdnvcy1186i	cmhb62z7m0026hhdnn2aetwmc	cmh3rhb3m001v9yjrgu0xp3na	0.420	\N
cmhb67yzc002ohhdn8h0x8rat	cmhb62z7m0026hhdnn2aetwmc	cmh3rhb6f002a9yjrbq4zp0pb	0.500	\N
cmhb67yzc002phhdntxk0heog	cmhb62z7m0026hhdnn2aetwmc	cmh3s4wtr01zrzk739fb7u8c4	1.000	\N
cmhawy3pw002w9aqj2fv8penb	cmh3sw1c000j5fvdrmehiwwc5	cmh3rhc3z006q9yjrp4ox0b04	0.400	\N
cmhawy3pw002x9aqjv1133gox	cmh3sw1c000j5fvdrmehiwwc5	cmh3s4q5p005kzk73cob30fv1	0.800	\N
cmhawy3pw002y9aqjrzyza7l4	cmh3sw1c000j5fvdrmehiwwc5	cmh3rhc5f006w9yjrix3jqegq	0.500	\N
cmhb67yzc002qhhdnf9wl2ft1	cmhb62z7m0026hhdnn2aetwmc	cmh3s4wts01zszk73fkowzk69	2.000	\N
cmhc8nqc90025lcnjbnhv5hws	cmh3sw5j501oyfvdroy77wmh2	cmh3rhaxe00109yjrbki93gkd	0.840	\N
cmhc8nqc90026lcnjw6mwit5a	cmh3sw5j501oyfvdroy77wmh2	cmh3s4t4f0108zk73zi89dm5s	1.500	\N
cmhc8nqc90027lcnj60fepemo	cmh3sw5j501oyfvdroy77wmh2	cmh3s4s9m00tczk73ikho94r9	1.000	\N
cmhc8nqc90028lcnjxgkc42bc	cmh3sw5j501oyfvdroy77wmh2	cmh3rhbsh00569yjr1fdea9v1	1.000	\N
cmhc8nqc90029lcnjl1jjdjwu	cmh3sw5j501oyfvdroy77wmh2	cmh3s4svo00xtzk73926la8km	1.000	\N
cmhc8nqc9002alcnj9vdsx4qq	cmh3sw5j501oyfvdroy77wmh2	cmh3s4rey00kazk73lrhpzn9o	0.500	\N
cmhc8nqc9002blcnj2feo8hw7	cmh3sw5j501oyfvdroy77wmh2	cmh3s4q5p005mzk73c1ps17en	2.000	\N
cmhc8o1tc002clcnjd49bmygc	cmh3sw5rj01rsfvdriinxncrs	cmh3rhaxe00109yjrbki93gkd	0.420	\N
cmhc8o1tc002dlcnjkxulncpc	cmh3sw5rj01rsfvdriinxncrs	cmh3s4s9m00tczk73ikho94r9	1.000	\N
cmhc8o1tc002elcnj0ropqg31	cmh3sw5rj01rsfvdriinxncrs	cmh3s4svo00xtzk73926la8km	1.000	\N
cmhc8o1tc002flcnjq5i3hlvd	cmh3sw5rj01rsfvdriinxncrs	cmh3s4scu00u0zk73om1dk6nz	1.500	\N
cmhc8o1tc002glcnjb3rrcgdn	cmh3sw5rj01rsfvdriinxncrs	cmh3s4q5p005nzk73tsm2u4cd	1.000	\N
cmhc8o1tc002hlcnj7lreor6n	cmh3sw5rj01rsfvdriinxncrs	cmh3s4tex0135zk73nrqx3sr0	0.250	\N
cmhc8o1tc002ilcnjx5hxp4wv	cmh3sw5rj01rsfvdriinxncrs	cmh3rhc2q006i9yjr32iv4nm8	1.000	\N
cmhc8o1tc002jlcnj4a8ctbca	cmh3sw5rj01rsfvdriinxncrs	cmh3s4q5p005kzk73cob30fv1	1.000	\N
cmhc8of73002klcnjxsety76m	cmh3sw63q01vjfvdromvnyp4w	cmh3rhaxe00109yjrbki93gkd	0.840	\N
cmhc8of73002llcnj55vkbami	cmh3sw63q01vjfvdromvnyp4w	cmh3s4tex0134zk73hag8tx6q	1.000	\N
cmhc8of73002mlcnjv66o8ffn	cmh3sw63q01vjfvdromvnyp4w	cmh3s4s9m00tdzk73u3q76s1z	0.350	\N
cmhc8of73002nlcnjlzy6titu	cmh3sw63q01vjfvdromvnyp4w	cmh3s4svo00xtzk73926la8km	1.000	\N
cmhc8of73002olcnjolrwqves	cmh3sw63q01vjfvdromvnyp4w	cmh3s4s9m00tczk73ikho94r9	0.420	\N
cmh3sw2ed00u7fvdr3i4dg8me	cmh3sw2ax00thfvdr4xlo7okv	cmh3rhaxe00109yjrbki93gkd	1.000	\N
cmh3sw2ed00u8fvdr0qb7awsr	cmh3sw2ax00thfvdr4xlo7okv	cmh3s4q5p005kzk73cob30fv1	1.000	\N
cmh3sw2ed00u9fvdra2f1mjzh	cmh3sw2ax00thfvdr4xlo7okv	cmh3s4qf2008zzk73u4wuncc0	0.800	\N
cmh3sw2ed00uafvdr5ghg261m	cmh3sw2ax00thfvdr4xlo7okv	cmh3s4scu00u0zk73om1dk6nz	1.000	\N
cmh3sw2ed00ubfvdrmt7kqh80	cmh3sw2ax00thfvdr4xlo7okv	cmh3rhbsh00569yjr1fdea9v1	1.000	\N
cmh9cmg3l002svrsfn1jewie3	cmh3sw5wk01tmfvdrqmozijnm	cmh3rhaxe00109yjrbki93gkd	0.840	\N
cmh9cmg3l002tvrsfnthi10bw	cmh3sw5wk01tmfvdrqmozijnm	cmh3s4t4f0107zk73xlfseiw2	0.030	\N
cmh9cmg3l002uvrsfo78bq3it	cmh3sw5wk01tmfvdrqmozijnm	cmh3s4q5p005mzk73c1ps17en	2.000	\N
cmh9cmg3m002vvrsfhdeb6e7l	cmh3sw5wk01tmfvdrqmozijnm	cmh3s4wd201uuzk73gefpplxi	1.000	\N
cmh9cmg3m002wvrsfzusuwbrv	cmh3sw5wk01tmfvdrqmozijnm	cmh3s4q5p005kzk73cob30fv1	0.800	\N
cmhawx4p7002s9aqjycjz33n3	cmh3sw18100hofvdrirw96khz	cmh3s4r6800h6zk73ea419iqn	2.000	\N
cmhawx4p7002t9aqj1aa36tg6	cmh3sw18100hofvdrirw96khz	cmh3s4r6800h7zk73flu4mxbm	1.500	\N
cmhawx4p7002u9aqjsjwmy438	cmh3sw18100hofvdrirw96khz	cmh3s4r6800h8zk73t1ygltlt	0.420	\N
cmh9e3q3x0052vrsf1yvhu3rd	cmh3sw4au01cnfvdrk6p3zulr	cmh3rhaxe00109yjrbki93gkd	1.000	\N
cmh9e3q3x0053vrsfheq5kdwg	cmh3sw4au01cnfvdrk6p3zulr	cmh3s4q5p005kzk73cob30fv1	0.250	\N
cmh9e3q3x0054vrsfbftcxsk4	cmh3sw4au01cnfvdrk6p3zulr	cmh3s4uq301drzk737vdtvzkm	1.000	\N
cmh9e3q3x0055vrsfktr3mtyb	cmh3sw4au01cnfvdrk6p3zulr	cmh3s4tsz0168zk73zp1j32z0	1.000	\N
cmh9e3q3x0056vrsf9zrlwpnx	cmh3sw4au01cnfvdrk6p3zulr	cmh3s4tsz0169zk73379nijaa	1.200	\N
cmh9e3q3x0057vrsfq4ju3eta	cmh3sw4au01cnfvdrk6p3zulr	cmh3s4qf2008zzk73u4wuncc0	0.800	\N
cmhax1ipe00349aqjna4nr2y1	cmh3sw0ei0097fvdr3xes9r03	cmh3rhaxe00109yjrbki93gkd	0.600	\N
cmhax1ipe00359aqj79nbd14b	cmh3sw0ei0097fvdr3xes9r03	cmh3s4qf2008yzk73dtpg6ezn	0.600	\N
cmhax1ipe00369aqji586gn3v	cmh3sw0ei0097fvdr3xes9r03	cmh3s4qf2008zzk73u4wuncc0	0.800	\N
cmhax1ipe00379aqjmvqoaamv	cmh3sw0ei0097fvdr3xes9r03	cmh3rhc35006l9yjrffoyrh99	2.000	\N
cmhax1ipe00389aqjykmjt99d	cmh3sw0ei0097fvdr3xes9r03	cmh3s4q5p005mzk73c1ps17en	2.000	\N
cmhax37tj00399aqjw2kznw13	cmh3sw010004kfvdrxrevkpwk	cmh3rhc2b006f9yjr603mtcuu	0.500	\N
cmhax37tj003a9aqj6duj0url	cmh3sw010004kfvdrxrevkpwk	cmh3rhc2q006i9yjr32iv4nm8	1.000	\N
cmhax37tj003b9aqjav10r0ue	cmh3sw010004kfvdrxrevkpwk	cmh3rhc35006l9yjrffoyrh99	1.000	\N
cmhax37tj003c9aqj57mnfji2	cmh3sw010004kfvdrxrevkpwk	cmh3rhaxe00109yjrbki93gkd	0.300	\N
cmhax37tj003d9aqjklof5oij	cmh3sw010004kfvdrxrevkpwk	cmh3rhc3z006q9yjrp4ox0b04	1.000	\N
cmhax37tj003e9aqjkfhhfdng	cmh3sw010004kfvdrxrevkpwk	cmh3rhc4m006t9yjr6yfc4cdp	1.000	\N
cmhax37tj003f9aqj1t4xhgan	cmh3sw010004kfvdrxrevkpwk	cmh3rhc5f006w9yjrix3jqegq	1.000	\N
cmhc8of73002plcnjvtnbp7kw	cmh3sw63q01vjfvdromvnyp4w	cmh3s4svo00xwzk73k2bbqejn	0.420	\N
cmhc8of73002qlcnj5431bper	cmh3sw63q01vjfvdromvnyp4w	cmh3s4q5p005kzk73cob30fv1	0.420	\N
cmhc8of73002rlcnjba4g9y0f	cmh3sw63q01vjfvdromvnyp4w	cmh3rhbsh00569yjr1fdea9v1	0.420	\N
cmhax5bzl003g9aqj46418aav	cmh3sw1il00l5fvdrn0kflr1j	cmh3rhaxe00109yjrbki93gkd	0.210	\N
cmhax5bzl003h9aqjeht61dsn	cmh3sw1il00l5fvdrn0kflr1j	cmh3s4rey00kazk73lrhpzn9o	0.500	\N
cmhax5bzl003i9aqjfvjxiy5v	cmh3sw1il00l5fvdrn0kflr1j	cmh3s4rey00k7zk73lh2xznga	0.500	\N
cmhax5bzl003j9aqjr7i8hviq	cmh3sw1il00l5fvdrn0kflr1j	cmh3s4rey00k9zk73e233mg8p	0.250	\N
cmhax5bzl003k9aqjpalqhbh0	cmh3sw1il00l5fvdrn0kflr1j	cmh3s4qyl00fezk7347j7nq5a	0.500	\N
cmh9g4fc5005cvrsfsfuhpn3x	cmh3sw22v00rbfvdrxn9wuykp	cmh3q6p7o000c12pp3pe5xict	200.000	\N
cmh9g4fc5005dvrsf65gwgae6	cmh3sw22v00rbfvdrxn9wuykp	cmh3q6p8i000f12ppi38mvdh2	200.000	\N
cmh9g5qx8005evrsf51g10b4w	cmh3sw23800refvdr1huq80dr	cmh3rhbsh00569yjr1fdea9v1	1.000	\N
cmhb6abm3002zhhdn41xawvb7	cmhb6a9cq002shhdnfv8hegv9	cmh3rhaxe00109yjrbki93gkd	0.820	\N
cmhb6abm30030hhdnf97sjojm	cmhb6a9cq002shhdnfv8hegv9	cmh3s4vfa01kbzk73tt65jix3	0.500	\N
cmhb6abm40031hhdn1t47jxsa	cmhb6a9cq002shhdnfv8hegv9	cmh3s4wx1020qzk73eh6ylltk	2.000	\N
cmhb6abm40032hhdni6yejpto	cmhb6a9cq002shhdnfv8hegv9	cmh3s4x180220zk73cvpzjbqv	0.500	\N
cmhb6abm40033hhdnzs3qbsf7	cmhb6a9cq002shhdnfv8hegv9	cmh3s4x180221zk736ngf1pow	0.500	\N
cmhc8ou1b002slcnjj0qciw84	cmh3sw60601unfvdrbm3ic86s	cmh3rhaxe00109yjrbki93gkd	0.840	\N
cmhc8ou1b002tlcnje8jqvcwg	cmh3sw60601unfvdrbm3ic86s	cmh3s4s9m00tczk73ikho94r9	1.000	\N
cmhc8ou1b002ulcnj56ucag0u	cmh3sw60601unfvdrbm3ic86s	cmh3s4t4f0107zk73xlfseiw2	0.015	\N
cmhc8ou1b002vlcnji7jtlpc6	cmh3sw60601unfvdrbm3ic86s	cmh3s4q5p005mzk73c1ps17en	2.000	\N
cmhc8ou1b002wlcnjt597eg24	cmh3sw60601unfvdrbm3ic86s	cmh3rhbre00509yjrxb8ilzoj	1.000	\N
cmhax7c2q003l9aqjuf9w2oid	cmh3sw1r800n9fvdr5df5vwsu	cmh3rhaxe00109yjrbki93gkd	0.210	\N
cmhax7c2q003m9aqjthm3e4ec	cmh3sw1r800n9fvdr5df5vwsu	cmh3s4rey00k8zk73gi8e8gr5	0.800	\N
cmhax7c2q003n9aqj5t0rv2go	cmh3sw1r800n9fvdr5df5vwsu	cmh3s4r6800h6zk73ea419iqn	0.200	\N
cmhax7c2q003o9aqjgbprnnzk	cmh3sw1r800n9fvdr5df5vwsu	cmh3s4q5p005kzk73cob30fv1	2.000	\N
cmhax9mq3003p9aqjnn9jheug	cmh3sw1va00p1fvdr4eik8knb	cmh3rhaxe00109yjrbki93gkd	0.210	\N
cmhax9mq3003q9aqj78n2pjtt	cmh3sw1va00p1fvdr4eik8knb	cmh3s4qf2008yzk73dtpg6ezn	0.600	\N
cmhax9mq3003r9aqjqtn93jo7	cmh3sw1va00p1fvdr4eik8knb	cmh3s4qf2008zzk73u4wuncc0	0.400	\N
cmhc8q168002zlcnjgvvfp53d	cmh3sw5b201mofvdrbikjfrnl	cmh3q6p7o000c12pp3pe5xict	200.000	\N
cmhc8q1680030lcnjykgx7dr0	cmh3sw5b201mofvdrbikjfrnl	cmh3q6p8i000f12ppi38mvdh2	200.000	\N
cmhc8qbcb0031lcnj23wynsj1	cmh3sw5nw01qkfvdrrqipkn62	cmh3rhaxe00109yjrbki93gkd	0.840	\N
cmhc8qbcb0032lcnjiypb3slx	cmh3sw5nw01qkfvdrrqipkn62	cmh3s4t4f0107zk73xlfseiw2	0.015	\N
cmhc8qbcb0033lcnj3bo136xk	cmh3sw5nw01qkfvdrrqipkn62	cmh3s4qyl00fczk73yx0xvr8q	0.500	\N
cmhc8qbcb0034lcnjn29jvv0z	cmh3sw5nw01qkfvdrrqipkn62	cmh3s4q5p005kzk73cob30fv1	1.000	\N
cmhc8qbcb0035lcnjml756guq	cmh3sw5nw01qkfvdrrqipkn62	cmh3s4scu00u0zk73om1dk6nz	1.000	\N
cmhc8qbcb0036lcnj6skac443	cmh3sw5nw01qkfvdrrqipkn62	cmh3s4t9z011vzk73wmqdqu1c	1.000	\N
cmhax9mq3003s9aqjjibmzf6c	cmh3sw1va00p1fvdr4eik8knb	cmh3s4rey00k7zk73lh2xznga	0.500	\N
cmhdp8pnd0000ywe0x017nk7p	cmh3sw4is01eifvdr9vr5lmj9	cmh3rhaxe00109yjrbki93gkd	1.000	\N
cmhdp8pnd0001ywe0c1vzze74	cmh3sw4is01eifvdr9vr5lmj9	cmh3rhc2q006i9yjr32iv4nm8	0.500	\N
cmhdp8pnd0002ywe0lhdx6tcr	cmh3sw4is01eifvdr9vr5lmj9	cmh3s4q5p005kzk73cob30fv1	1.000	\N
cmhdp8pnd0003ywe0dou1kek6	cmh3sw4is01eifvdr9vr5lmj9	cmh3s4s4g00s1zk73ol27gxpv	0.500	\N
cmhdp8pnd0004ywe0jj3tz0v3	cmh3sw4is01eifvdr9vr5lmj9	cmh3s4s4g00s2zk73yksoj1ui	0.500	\N
cmhdp8pnd0005ywe0c5d0xdz6	cmh3sw4is01eifvdr9vr5lmj9	cmh3s4t4f0108zk73zi89dm5s	1.000	\N
cmhdp8pnd0006ywe0s9j7crgr	cmh3sw4is01eifvdr9vr5lmj9	cmh3s4svo00xtzk73926la8km	1.000	\N
cmhb6jbxj0003in35965wxy61	cmhb6jbxj0001in35zr2h01bp	cmh3rhb2e001q9yjrw8o4fpk7	35.000	\N
cmhca4pdd0037lcnj0oeu2s0a	cmh3sw0jl00a3fvdrk0awzuxo	cmh3rhaxe00109yjrbki93gkd	0.600	\N
cmhca4pdd0038lcnjc41v8keg	cmh3sw0jl00a3fvdrk0awzuxo	cmh3s4qf2008yzk73dtpg6ezn	0.600	\N
cmhca4pdd0039lcnjtnu85frp	cmh3sw0jl00a3fvdrk0awzuxo	cmh3s4qf2008zzk73u4wuncc0	0.800	\N
cmhca4pdd003alcnj15d475oq	cmh3sw0jl00a3fvdrk0awzuxo	cmh3rhc35006l9yjrffoyrh99	2.000	\N
cmhca4pdd003blcnjxehi4utb	cmh3sw0jl00a3fvdrk0awzuxo	cmh3s4q5p005mzk73c1ps17en	2.000	\N
cmhdsgf4h0001wbd0hchyrc50	cmh3sw6c801yefvdrs98lxhaf	cmh3rhb2e001q9yjrw8o4fpk7	35.000	\N
cmhau3ld4000p13vcz97tsqi4	cmh3sw16l00h1fvdryrf00em6	cmh3s4r6800h6zk73ea419iqn	0.200	\N
cmhau3ld4000q13vckv7j6hwl	cmh3sw16l00h1fvdryrf00em6	cmh3s4r6800h7zk73flu4mxbm	1.500	\N
cmhau3ld4000r13vcz0j0y789	cmh3sw16l00h1fvdryrf00em6	cmh3s4r6800h8zk73t1ygltlt	0.420	\N
cmhau4g6h000s13vc7au9jvln	cmh3sw0zp00fbfvdrcnbqazda	cmh3s4qyl00fdzk73ocljsu6a	0.420	\N
cmhau4g6h000t13vch4u0vqdh	cmh3sw0zp00fbfvdrcnbqazda	cmh3rhb4v00249yjrufg2xpag	0.500	\N
cmhau4g6h000u13vcdyqbyd2o	cmh3sw0zp00fbfvdrcnbqazda	cmh3s4qyl00fezk7347j7nq5a	0.420	\N
cmhb6usm9000qvomnhcu9mpli	cmhb6jcte0005in35ejr9vg73	cmh3rhb2e001q9yjrw8o4fpk7	35.000	\N
cmhb6v23q000rvomnlvgui4rq	cmhb6srih0009vomnvyfki1tx	cmh3rhaxe00109yjrbki93gkd	0.920	\N
cmhb6v23q000svomneua7enl0	cmhb6srih0009vomnvyfki1tx	cmh3s4rey00k7zk73lh2xznga	1.000	\N
cmhb6v23q000tvomnol0wte2j	cmhb6srih0009vomnvyfki1tx	cmh3s4svo00xtzk73926la8km	1.000	\N
cmhb6v23q000uvomnumwros4l	cmhb6srih0009vomnvyfki1tx	cmh3s4x4t0231zk73eyh7bsgr	1.500	\N
cmhb6v23q000vvomniun1zdx2	cmhb6srih0009vomnvyfki1tx	cmh3s4x9i024rzk73w2mf5cj2	0.420	\N
cmhb6vng0000wvomnwm1zcw5v	cmhb6smy80001vomn1h4whdec	cmh3rhaxe00109yjrbki93gkd	0.920	\N
cmhb6vng0000xvomnr6aab0p5	cmhb6smy80001vomn1h4whdec	cmh3s4rey00k7zk73lh2xznga	1.000	\N
cmhb6vng0000yvomnymjrl4hf	cmhb6smy80001vomn1h4whdec	cmh3s4svo00xtzk73926la8km	1.000	\N
cmhb6vng0000zvomnt81d2oip	cmhb6smy80001vomn1h4whdec	cmh3s4x4t0231zk73eyh7bsgr	1.500	\N
cmhb6vng00010vomnkxzv9xv2	cmhb6smy80001vomn1h4whdec	cmh3s4x9i024rzk73w2mf5cj2	0.420	\N
cmhb6vng00011vomnb41thw02	cmhb6smy80001vomn1h4whdec	cmh3s4x9i024qzk73mu4z69pt	1.000	\N
cmhavp8qt00009aqjluw8nzqi	cmh3sw12a00fzfvdr6j0zsrf9	cmh3s4r1w00g3zk73mkv244mu	0.300	\N
cmhavp8qt00019aqjjdq5et43	cmh3sw12a00fzfvdr6j0zsrf9	cmh3rhbsh00569yjr1fdea9v1	0.800	\N
cmhb707mn001svomnj73udk48	cmhb6xlza0013vomn9da666bm	cmh3rhaxe00109yjrbki93gkd	0.820	\N
cmhb707mn001tvomnb70988vg	cmhb6xlza0013vomn9da666bm	cmh3s4q5p005kzk73cob30fv1	0.800	\N
cmhb707mn001uvomnrv2mo98h	cmhb6xlza0013vomn9da666bm	cmh3s4scu00u0zk73om1dk6nz	1.000	\N
cmhb707mn001vvomn711nce5r	cmhb6xlza0013vomn9da666bm	cmh3s4tex0134zk73hag8tx6q	1.000	\N
cmhb707mn001wvomn217l8l4c	cmhb6xlza0013vomn9da666bm	cmh3s4uq301drzk737vdtvzkm	0.420	\N
cmhb707mn001xvomnu01ub4pg	cmhb6xlza0013vomn9da666bm	cmh3s4wx1020qzk73eh6ylltk	2.000	\N
\.


--
-- Data for Name: Variety; Type: TABLE DATA; Schema: public; Owner: postgres
--

COPY public."Variety" (id, "cropId", name) FROM stdin;
cmh2k5z4i00073igm9jkgjn5o	cmh2k5z4e00053igm9ovcixfs	Pioneer 30V53
cmh3jojja0001yxdjc2chwm57	cmh3ira4m0000146d60lv420u	Python
cmh3jq5rp0003yxdj8pxj0lzv	cmh3ira4m0000146d60lv420u	Platypus
cmh3v0ih40002b1yiujjd648z	cmh3v0ige0000b1yi7y0oj693	Python
cmh3v0iko000vb1yikfndymlt	cmh3v0ikf000tb1yimyau3cpe	Baby leaf mix
cmh3v0ioi001yb1yidu867red	cmh3rdhnv001c5npe8kzf0osx	WildRocket
cmh3v0jjy009ub1yi1e3xkwfq	cmh3v0ige0000b1yi7y0oj693	Platypus
cmh3v0jvl00cnb1yijgmvp3pr	cmh3ira4m0000146d60lv420u	Siux
cmh3v0km000i1b1yiaq0lob98	cmh3q6p2k000012ppp0cgaljt	Cilantro
cmh3v0oh4011lb1yiuxacfl0t	cmh3rdinp00285npe2h0qvs1v	Winterbor
\.


--
-- Data for Name: _prisma_migrations; Type: TABLE DATA; Schema: public; Owner: postgres
--

COPY public._prisma_migrations (id, checksum, finished_at, migration_name, logs, rolled_back_at, started_at, applied_steps_count) FROM stdin;
82be6a85-24a0-411a-960e-48393c98aab0	a4a8d45198f02902543daeec6514a6f13626ea3419b1024ac86f181f89f50b0c	2025-10-22 22:21:46.399397+00	20251022222146_init	\N	\N	2025-10-22 22:21:46.048411+00	1
35d2e03d-35c2-435f-8467-33a9ce19c650	e99143f32f641b50b28e0ca39a4bae77420e4af468f4a5393ddbeb8c79c2913c	2025-10-23 17:01:04.033104+00	20251023170103_add_temporalidad_sowing_type	\N	\N	2025-10-23 17:01:03.998139+00	1
370704bd-356c-4966-b2e7-c9eac0fa9de1	439f88d1437c494bb8d11aed2b7ce006833d3fca1bd92ff3d83530493f6eecbf	2025-10-23 20:06:47.354291+00	20251023200647_add_tabla_to_planting	\N	\N	2025-10-23 20:06:47.325445+00	1
\.


--
-- Name: Crop Crop_pkey; Type: CONSTRAINT; Schema: public; Owner: postgres
--

ALTER TABLE ONLY public."Crop"
    ADD CONSTRAINT "Crop_pkey" PRIMARY KEY (id);


--
-- Name: Planting Planting_pkey; Type: CONSTRAINT; Schema: public; Owner: postgres
--

ALTER TABLE ONLY public."Planting"
    ADD CONSTRAINT "Planting_pkey" PRIMARY KEY (id);


--
-- Name: Plot Plot_pkey; Type: CONSTRAINT; Schema: public; Owner: postgres
--

ALTER TABLE ONLY public."Plot"
    ADD CONSTRAINT "Plot_pkey" PRIMARY KEY (id);


--
-- Name: Product Product_pkey; Type: CONSTRAINT; Schema: public; Owner: postgres
--

ALTER TABLE ONLY public."Product"
    ADD CONSTRAINT "Product_pkey" PRIMARY KEY (id);


--
-- Name: Ranch Ranch_pkey; Type: CONSTRAINT; Schema: public; Owner: postgres
--

ALTER TABLE ONLY public."Ranch"
    ADD CONSTRAINT "Ranch_pkey" PRIMARY KEY (id);


--
-- Name: RecipeItem RecipeItem_pkey; Type: CONSTRAINT; Schema: public; Owner: postgres
--

ALTER TABLE ONLY public."RecipeItem"
    ADD CONSTRAINT "RecipeItem_pkey" PRIMARY KEY (id);


--
-- Name: Recipe Recipe_pkey; Type: CONSTRAINT; Schema: public; Owner: postgres
--

ALTER TABLE ONLY public."Recipe"
    ADD CONSTRAINT "Recipe_pkey" PRIMARY KEY (id);


--
-- Name: Variety Variety_pkey; Type: CONSTRAINT; Schema: public; Owner: postgres
--

ALTER TABLE ONLY public."Variety"
    ADD CONSTRAINT "Variety_pkey" PRIMARY KEY (id);


--
-- Name: _prisma_migrations _prisma_migrations_pkey; Type: CONSTRAINT; Schema: public; Owner: postgres
--

ALTER TABLE ONLY public._prisma_migrations
    ADD CONSTRAINT _prisma_migrations_pkey PRIMARY KEY (id);


--
-- Name: Crop_name_key; Type: INDEX; Schema: public; Owner: postgres
--

CREATE UNIQUE INDEX "Crop_name_key" ON public."Crop" USING btree (name);


--
-- Name: Planting_harvestDate_idx; Type: INDEX; Schema: public; Owner: postgres
--

CREATE INDEX "Planting_harvestDate_idx" ON public."Planting" USING btree ("harvestDate");


--
-- Name: Planting_sowingDate_idx; Type: INDEX; Schema: public; Owner: postgres
--

CREATE INDEX "Planting_sowingDate_idx" ON public."Planting" USING btree ("sowingDate");


--
-- Name: Plot_ranchId_name_key; Type: INDEX; Schema: public; Owner: postgres
--

CREATE UNIQUE INDEX "Plot_ranchId_name_key" ON public."Plot" USING btree ("ranchId", name);


--
-- Name: Product_name_key; Type: INDEX; Schema: public; Owner: postgres
--

CREATE UNIQUE INDEX "Product_name_key" ON public."Product" USING btree (name);


--
-- Name: Ranch_name_key; Type: INDEX; Schema: public; Owner: postgres
--

CREATE UNIQUE INDEX "Ranch_name_key" ON public."Ranch" USING btree (name);


--
-- Name: RecipeItem_recipeId_productId_key; Type: INDEX; Schema: public; Owner: postgres
--

CREATE UNIQUE INDEX "RecipeItem_recipeId_productId_key" ON public."RecipeItem" USING btree ("recipeId", "productId");


--
-- Name: Recipe_cropId_growthWeek_idx; Type: INDEX; Schema: public; Owner: postgres
--

CREATE INDEX "Recipe_cropId_growthWeek_idx" ON public."Recipe" USING btree ("cropId", "growthWeek");


--
-- Name: Recipe_name_cropId_varietyId_growthWeek_version_key; Type: INDEX; Schema: public; Owner: postgres
--

CREATE UNIQUE INDEX "Recipe_name_cropId_varietyId_growthWeek_version_key" ON public."Recipe" USING btree (name, "cropId", "varietyId", "growthWeek", version);


--
-- Name: Variety_cropId_name_key; Type: INDEX; Schema: public; Owner: postgres
--

CREATE UNIQUE INDEX "Variety_cropId_name_key" ON public."Variety" USING btree ("cropId", name);


--
-- Name: Planting Planting_cropId_fkey; Type: FK CONSTRAINT; Schema: public; Owner: postgres
--

ALTER TABLE ONLY public."Planting"
    ADD CONSTRAINT "Planting_cropId_fkey" FOREIGN KEY ("cropId") REFERENCES public."Crop"(id) ON UPDATE CASCADE ON DELETE RESTRICT;


--
-- Name: Planting Planting_plotId_fkey; Type: FK CONSTRAINT; Schema: public; Owner: postgres
--

ALTER TABLE ONLY public."Planting"
    ADD CONSTRAINT "Planting_plotId_fkey" FOREIGN KEY ("plotId") REFERENCES public."Plot"(id) ON UPDATE CASCADE ON DELETE RESTRICT;


--
-- Name: Planting Planting_ranchId_fkey; Type: FK CONSTRAINT; Schema: public; Owner: postgres
--

ALTER TABLE ONLY public."Planting"
    ADD CONSTRAINT "Planting_ranchId_fkey" FOREIGN KEY ("ranchId") REFERENCES public."Ranch"(id) ON UPDATE CASCADE ON DELETE RESTRICT;


--
-- Name: Planting Planting_varietyId_fkey; Type: FK CONSTRAINT; Schema: public; Owner: postgres
--

ALTER TABLE ONLY public."Planting"
    ADD CONSTRAINT "Planting_varietyId_fkey" FOREIGN KEY ("varietyId") REFERENCES public."Variety"(id) ON UPDATE CASCADE ON DELETE SET NULL;


--
-- Name: Plot Plot_ranchId_fkey; Type: FK CONSTRAINT; Schema: public; Owner: postgres
--

ALTER TABLE ONLY public."Plot"
    ADD CONSTRAINT "Plot_ranchId_fkey" FOREIGN KEY ("ranchId") REFERENCES public."Ranch"(id) ON UPDATE CASCADE ON DELETE RESTRICT;


--
-- Name: RecipeItem RecipeItem_productId_fkey; Type: FK CONSTRAINT; Schema: public; Owner: postgres
--

ALTER TABLE ONLY public."RecipeItem"
    ADD CONSTRAINT "RecipeItem_productId_fkey" FOREIGN KEY ("productId") REFERENCES public."Product"(id) ON UPDATE CASCADE ON DELETE RESTRICT;


--
-- Name: RecipeItem RecipeItem_recipeId_fkey; Type: FK CONSTRAINT; Schema: public; Owner: postgres
--

ALTER TABLE ONLY public."RecipeItem"
    ADD CONSTRAINT "RecipeItem_recipeId_fkey" FOREIGN KEY ("recipeId") REFERENCES public."Recipe"(id) ON UPDATE CASCADE ON DELETE CASCADE;


--
-- Name: Recipe Recipe_cropId_fkey; Type: FK CONSTRAINT; Schema: public; Owner: postgres
--

ALTER TABLE ONLY public."Recipe"
    ADD CONSTRAINT "Recipe_cropId_fkey" FOREIGN KEY ("cropId") REFERENCES public."Crop"(id) ON UPDATE CASCADE ON DELETE RESTRICT;


--
-- Name: Recipe Recipe_varietyId_fkey; Type: FK CONSTRAINT; Schema: public; Owner: postgres
--

ALTER TABLE ONLY public."Recipe"
    ADD CONSTRAINT "Recipe_varietyId_fkey" FOREIGN KEY ("varietyId") REFERENCES public."Variety"(id) ON UPDATE CASCADE ON DELETE SET NULL;


--
-- Name: Variety Variety_cropId_fkey; Type: FK CONSTRAINT; Schema: public; Owner: postgres
--

ALTER TABLE ONLY public."Variety"
    ADD CONSTRAINT "Variety_cropId_fkey" FOREIGN KEY ("cropId") REFERENCES public."Crop"(id) ON UPDATE CASCADE ON DELETE RESTRICT;


--
-- PostgreSQL database dump complete
--

\unrestrict Z61HOpui7cPTfehS0ZIfQYff3PsmvVZMOTq59vovJD2mePnIUGNHvAaRHFLPXt8

